candidate,reference,part_id,quantity,value,unit,tolerance_fraction,technology,package,ratings,source_record,source_date,manufacturer_document,procurement_evidence,supplemental_capacitor_evidence
candidate_0019,Rharvestp,RC0603FR-072K2L,1,2200,ohm,0.01,Thick film,0603 / 1608,"{""power_w_at_70C"": 0.1, ""working_voltage_v"": 75, ""tcr_ppm_per_C"": 100}",../../research/procurement/architecture_parts_2026-10-09.yaml#parts/RC0603FR-072K2L,2026-10-09,https://yageogroup.com/component-documentation/download/specsheet/RC0603FR-072K2L,"{""exact_mpn"": ""RC0603FR-072K2L"", ""nominal"": 2200, ""unit"": ""ohm"", ""tolerance_fraction"": 0.01, ""technology"": ""Thick film"", ""package"": ""0603 / 1608"", ""ratings"": {""power_w_at_70C"": 0.1, ""working_voltage_v"": 75, ""tcr_ppm_per_C"": 100}, ""manufacturer_document"": ""https://yageogroup.com/component-documentation/download/specsheet/RC0603FR-072K2L"", ""manufacturer_lifecycle"": ""Documented production series; exact current notices/orderability require refresh"", ""observation_date"": ""2026-10-09"", ""evidence_kind"": ""Indexed primary seller catalogue; reported crawl age retained; not live stock or accepted quote"", ""seller"": ""DigiKey Germany"", ""url"": ""https://www.digikey.de/de/products/detail/yageo/RC0603FR-072K2L/727016"", ""reported_crawl_age"": ""last week"", ""stock_observed"": 159712, ""live_stock"": null, ""moq_observed"": 1, ""order_multiple_observed"": 1, ""retail_pack_size_observed"": 1, ""factory_pack"": 5000, ""packaging"": ""Cut tape / bulk individual; no optional reeling"", ""manufacturer_lead_time_weeks_observed"": 22, ""actual_dispatch_lead_time"": null, ""unit_price_net_eur_observed"": 0.09, ""unit_price_gross_eur_scenario"": 0.1071, ""private_germany_route"": ""See seller_contracts; subject to acceptance and current inventory; no checkout performed"", ""delivered_cost_eur"": null, ""substitutes_qualified"": [], ""qualification_gaps"": [""Loss/leakage/temperature/excess-noise or production population not fully validated""]}",
candidate_0019,Rharvestn,RC0603FR-072K2L,1,2200,ohm,0.01,Thick film,0603 / 1608,"{""power_w_at_70C"": 0.1, ""working_voltage_v"": 75, ""tcr_ppm_per_C"": 100}",../../research/procurement/architecture_parts_2026-10-09.yaml#parts/RC0603FR-072K2L,2026-10-09,https://yageogroup.com/component-documentation/download/specsheet/RC0603FR-072K2L,"{""exact_mpn"": ""RC0603FR-072K2L"", ""nominal"": 2200, ""unit"": ""ohm"", ""tolerance_fraction"": 0.01, ""technology"": ""Thick film"", ""package"": ""0603 / 1608"", ""ratings"": {""power_w_at_70C"": 0.1, ""working_voltage_v"": 75, ""tcr_ppm_per_C"": 100}, ""manufacturer_document"": ""https://yageogroup.com/component-documentation/download/specsheet/RC0603FR-072K2L"", ""manufacturer_lifecycle"": ""Documented production series; exact current notices/orderability require refresh"", ""observation_date"": ""2026-10-09"", ""evidence_kind"": ""Indexed primary seller catalogue; reported crawl age retained; not live stock or accepted quote"", ""seller"": ""DigiKey Germany"", ""url"": ""https://www.digikey.de/de/products/detail/yageo/RC0603FR-072K2L/727016"", ""reported_crawl_age"": ""last week"", ""stock_observed"": 159712, ""live_stock"": null, ""moq_observed"": 1, ""order_multiple_observed"": 1, ""retail_pack_size_observed"": 1, ""factory_pack"": 5000, ""packaging"": ""Cut tape / bulk individual; no optional reeling"", ""manufacturer_lead_time_weeks_observed"": 22, ""actual_dispatch_lead_time"": null, ""unit_price_net_eur_observed"": 0.09, ""unit_price_gross_eur_scenario"": 0.1071, ""private_germany_route"": ""See seller_contracts; subject to acceptance and current inventory; no checkout performed"", ""delivered_cost_eur"": null, ""substitutes_qualified"": [], ""qualification_gaps"": [""Loss/leakage/temperature/excess-noise or production population not fully validated""]}",
candidate_0019,Craw,EEU-FR1J470,1,4.7e-05,F,0.2,Polar aluminium electrolytic FR-A,Radial 6.3 x 12.7mm; 2.5mm pitch,"{""voltage_v"": 63, ""temperature_C"": 105, ""life_hours_at_105C"": 5000}",../../research/procurement/robust_parts_2026-10-09.yaml#part,2026-10-09,,"{""exact_mpn"": ""EEU-FR1J470"", ""nominal"": 4.7e-05, ""unit"": ""F"", ""tolerance_fraction"": 0.2, ""technology"": ""Polar aluminium electrolytic FR-A"", ""package"": ""Radial 6.3 x 12.7mm; 2.5mm pitch"", ""ratings"": {""voltage_v"": 63, ""temperature_C"": 105, ""life_hours_at_105C"": 5000}, ""manufacturer_document"": null, ""manufacturer_lifecycle"": ""Documented production series; exact current notices/orderability require refresh"", ""observation_date"": ""2026-10-09"", ""evidence_kind"": ""Indexed primary seller catalogue; reported crawl age retained; not live stock or accepted quote"", ""seller"": ""DigiKey Germany"", ""url"": ""https://www.digikey.de/de/products/detail/panasonic-electronic-components/EEU-FR1J470/3072280"", ""reported_crawl_age"": ""4 months"", ""stock_observed"": 68724, ""live_stock"": null, ""moq_observed"": 1, ""order_multiple_observed"": 1, ""retail_pack_size_observed"": 1, ""factory_pack"": null, ""packaging"": ""Cut tape / bulk individual; no optional reeling"", ""manufacturer_lead_time_weeks_observed"": 31, ""actual_dispatch_lead_time"": null, ""unit_price_net_eur_observed"": 0.4, ""unit_price_gross_eur_scenario"": 0.476, ""private_germany_route"": ""See seller_contracts; subject to acceptance and current inventory; no checkout performed"", ""delivered_cost_eur"": null, ""substitutes_qualified"": [], ""qualification_gaps"": [""Loss/leakage/temperature/excess-noise or production population not fully validated""], ""evidence_limit"": ""Older German stock/price; frequency/temperature ESR, leakage, reversal and startup stress remain unqualified. No live stock inference.""}","{""exact_mpn"": ""EEU-FR1J470"", ""manufacturer"": ""Panasonic"", ""nominal_f"": 4.7e-05, ""tolerance_fraction"": 0.2, ""voltage_v"": 63, ""technology"": ""Polar aluminum electrolytic FR-A"", ""package"": ""Radial 6.3mm diameter, 11.2mm body, 2.5mm pitch"", ""primary_url"": ""https://industrial.panasonic.com/ww/products/pt/aluminum-cap-lead/models/EEUFR1J470"", ""manufacturer_document"": ""https://industrial.panasonic.com/cdbs/www-data/pdf/RDF0000/ABA0000C1259.pdf"", ""datasheet_version"": ""01-Sep-25"", ""temperature_c"": [-40, 105], ""tan_delta_max_at_120hz_20c"": 0.09, ""leakage_max_a_at_63v_20c_after_2min"": 2.96e-05, ""supplier_url"": ""https://www.digikey.de/en/products/detail/panasonic-industry/EEU-FR1J470/3072280"", ""supplier"": ""DigiKey Germany"", ""manufacturer_lifecycle"": ""Current primary product listing; supplier Active observation"", ""stock_observed"": 65991, ""reported_crawl_age"": ""4 months"", ""live_stock"": null, ""direct_retrieval"": ""Failed internal error; preserved observation, no accepted quote"", ""moq_observed"": 1, ""order_multiple_observed"": 1, ""retail_pack_size_observed"": 1, ""factory_pack_not_ordered"": 5000, ""actual_dispatch_lead_time"": null, ""manufacturer_lead_time"": null, ""private_germany_route"": ""Parent seller_contracts/digikey public consumer EUR terms; subject to acceptance, no checkout/contact"", ""unit_price_net_eur_scenario"": 0.4, ""vat_fraction_scenario"": 0.19, ""unit_price_gross_eur_scenario"": 0.476, ""price_tax_basis"": ""Retain parent's net-price interpretation as scenario, not invoice confirmation"", ""shipping_eur_per_basket_scenario"": [25, 29.75], ""shipping_tax_basis"": ""Parent public EUR25 summary may be gross or net; neither accepted quote"", ""import_payment_fees_eur"": null, ""confirmed_delivered_eur"": null, ""substitutes_qualified"": []}"
candidate_0019,Rregtop,RC0603FR-07100KL,1,100000,ohm,0.01,Thick film,0603 / 1608,"{""power_w_at_70C"": 0.1, ""working_voltage_v"": 75, ""tcr_ppm_per_C"": 100}",../../research/procurement/architecture_parts_2026-10-09.yaml#parts/RC0603FR-07100KL,2026-10-09,https://yageogroup.com/component-documentation/download/specsheet/RC0603FR-07100KL,"{""exact_mpn"": ""RC0603FR-07100KL"", ""nominal"": 100000, ""unit"": ""ohm"", ""tolerance_fraction"": 0.01, ""technology"": ""Thick film"", ""package"": ""0603 / 1608"", ""ratings"": {""power_w_at_70C"": 0.1, ""working_voltage_v"": 75, ""tcr_ppm_per_C"": 100}, ""manufacturer_document"": ""https://yageogroup.com/component-documentation/download/specsheet/RC0603FR-07100KL"", ""manufacturer_lifecycle"": ""Documented production series; exact current notices/orderability require refresh"", ""observation_date"": ""2026-10-09"", ""evidence_kind"": ""Indexed primary seller catalogue; reported crawl age retained; not live stock or accepted quote"", ""seller"": ""DigiKey Germany"", ""url"": ""https://www.digikey.de/de/products/detail/yageo/RC0603FR-07100KL/726889"", ""reported_crawl_age"": ""3 days"", ""stock_observed"": 548272, ""live_stock"": null, ""moq_observed"": 1, ""order_multiple_observed"": 1, ""retail_pack_size_observed"": 1, ""factory_pack"": 5000, ""packaging"": ""Cut tape / bulk individual; no optional reeling"", ""manufacturer_lead_time_weeks_observed"": null, ""actual_dispatch_lead_time"": null, ""unit_price_net_eur_observed"": 0.09, ""unit_price_gross_eur_scenario"": 0.1071, ""private_germany_route"": ""See seller_contracts; subject to acceptance and current inventory; no checkout performed"", ""delivered_cost_eur"": null, ""substitutes_qualified"": [], ""qualification_gaps"": [""Loss/leakage/temperature/excess-noise or production population not fully validated""]}",
candidate_0019,Rregbottom,RC0603FR-07100KL,1,100000,ohm,0.01,Thick film,0603 / 1608,"{""power_w_at_70C"": 0.1, ""working_voltage_v"": 75, ""tcr_ppm_per_C"": 100}",../../research/procurement/architecture_parts_2026-10-09.yaml#parts/RC0603FR-07100KL,2026-10-09,https://yageogroup.com/component-documentation/download/specsheet/RC0603FR-07100KL,"{""exact_mpn"": ""RC0603FR-07100KL"", ""nominal"": 100000, ""unit"": ""ohm"", ""tolerance_fraction"": 0.01, ""technology"": ""Thick film"", ""package"": ""0603 / 1608"", ""ratings"": {""power_w_at_70C"": 0.1, ""working_voltage_v"": 75, ""tcr_ppm_per_C"": 100}, ""manufacturer_document"": ""https://yageogroup.com/component-documentation/download/specsheet/RC0603FR-07100KL"", ""manufacturer_lifecycle"": ""Documented production series; exact current notices/orderability require refresh"", ""observation_date"": ""2026-10-09"", ""evidence_kind"": ""Indexed primary seller catalogue; reported crawl age retained; not live stock or accepted quote"", ""seller"": ""DigiKey Germany"", ""url"": ""https://www.digikey.de/de/products/detail/yageo/RC0603FR-07100KL/726889"", ""reported_crawl_age"": ""3 days"", ""stock_observed"": 548272, ""live_stock"": null, ""moq_observed"": 1, ""order_multiple_observed"": 1, ""retail_pack_size_observed"": 1, ""factory_pack"": 5000, ""packaging"": ""Cut tape / bulk individual; no optional reeling"", ""manufacturer_lead_time_weeks_observed"": null, ""actual_dispatch_lead_time"": null, ""unit_price_net_eur_observed"": 0.09, ""unit_price_gross_eur_scenario"": 0.1071, ""private_germany_route"": ""See seller_contracts; subject to acceptance and current inventory; no checkout performed"", ""delivered_cost_eur"": null, ""substitutes_qualified"": [], ""qualification_gaps"": [""Loss/leakage/temperature/excess-noise or production population not fully validated""]}",
candidate_0019,Cregbase,R82EC4100DQ70J,1,1e-06,F,0.05,Metallized PET film R82,Radial 7.2 x 6 x 11.1mm; 5mm pitch,"{""voltage_dc_v"": 100, ""voltage_ac_v"": 63}",../../research/procurement/architecture_parts_2026-10-09.yaml#parts/R82EC4100DQ70J,2026-10-09,https://www.digikey.com/htmldatasheets/production/3447437/0/0/1/r82dc3680dq60j.pdf,"{""exact_mpn"": ""R82EC4100DQ70J"", ""nominal"": 1e-06, ""unit"": ""F"", ""tolerance_fraction"": 0.05, ""technology"": ""Metallized PET film R82"", ""package"": ""Radial 7.2 x 6 x 11.1mm; 5mm pitch"", ""ratings"": {""voltage_dc_v"": 100, ""voltage_ac_v"": 63}, ""manufacturer_document"": ""https://www.digikey.com/htmldatasheets/production/3447437/0/0/1/r82dc3680dq60j.pdf"", ""manufacturer_lifecycle"": ""Documented production series; exact current notices/orderability require refresh"", ""observation_date"": ""2026-10-09"", ""evidence_kind"": ""Indexed primary seller catalogue; reported crawl age retained; not live stock or accepted quote"", ""seller"": ""DigiKey Germany"", ""url"": ""https://www.digikey.de/de/products/detail/kemet/R82EC4100DQ70J/1930809"", ""reported_crawl_age"": ""3 weeks"", ""stock_observed"": 314884, ""live_stock"": null, ""moq_observed"": 1, ""order_multiple_observed"": 1, ""retail_pack_size_observed"": 1, ""factory_pack"": 1400, ""packaging"": ""Cut tape / bulk individual; no optional reeling"", ""manufacturer_lead_time_weeks_observed"": 26, ""actual_dispatch_lead_time"": null, ""unit_price_net_eur_observed"": 0.78, ""unit_price_gross_eur_scenario"": 0.9282, ""private_germany_route"": ""See seller_contracts; subject to acceptance and current inventory; no checkout performed"", ""delivered_cost_eur"": null, ""substitutes_qualified"": [], ""qualification_gaps"": [""Loss/leakage/temperature/excess-noise or production population not fully validated""]}",
candidate_0019,Qreg,"BC846B,215",1,BC846B,device,,NPN bipolar,SOT-23,"{""vceo_v"": 65, ""ic_a"": 0.1, ""note"": ""Package power/SOA and maximum temperature require mounting-specific evaluation""}","../../research/procurement/architecture_parts_2026-10-09.yaml#parts/BC846B,215",2026-10-09,https://assets.nexperia.com/documents/data-sheet/BC846_SER.pdf,"{""exact_mpn"": ""BC846B,215"", ""nominal"": ""BC846B"", ""unit"": ""device"", ""tolerance_fraction"": null, ""technology"": ""NPN bipolar"", ""package"": ""SOT-23"", ""ratings"": {""vceo_v"": 65, ""ic_a"": 0.1, ""note"": ""Package power/SOA and maximum temperature require mounting-specific evaluation""}, ""manufacturer_document"": ""https://assets.nexperia.com/documents/data-sheet/BC846_SER.pdf"", ""manufacturer_lifecycle"": ""Documented production series; exact current notices/orderability require refresh"", ""observation_date"": ""2026-10-09"", ""evidence_kind"": ""Indexed primary seller catalogue; reported crawl age retained; not live stock or accepted quote"", ""seller"": ""TME Germany"", ""url"": ""https://www.tme.eu/de/details/bc846b.215/npn-smd-transistoren/nexperia/bc846b-215/"", ""reported_crawl_age"": ""product2 months; group1 week"", ""stock_observed"": 178360, ""live_stock"": null, ""moq_observed"": 1, ""order_multiple_observed"": 1, ""retail_pack_size_observed"": 1, ""factory_pack"": 3000, ""packaging"": ""Cut tape / bulk individual; no optional reeling"", ""manufacturer_lead_time_weeks_observed"": null, ""actual_dispatch_lead_time"": null, ""unit_price_net_eur_observed"": 0.08, ""unit_price_gross_eur_scenario"": 0.0952, ""private_germany_route"": ""See seller_contracts; subject to acceptance and current inventory; no checkout performed"", ""delivered_cost_eur"": null, ""substitutes_qualified"": [], ""qualification_gaps"": [""Loss/leakage/temperature/excess-noise or production population not fully validated""], ""price_and_inventory_limit"": ""TME product/group conflict; net EUR0.08\u20130.09, gross rounded0.09\u20130.11; calculation0.08 is a labelled lower observed-price scenario, not invoice price""}",
candidate_0019,Crail,EEU-FR1J470,1,4.7e-05,F,0.2,Polar aluminium electrolytic FR-A,Radial 6.3 x 12.7mm; 2.5mm pitch,"{""voltage_v"": 63, ""temperature_C"": 105, ""life_hours_at_105C"": 5000}",../../research/procurement/robust_parts_2026-10-09.yaml#part,2026-10-09,,"{""exact_mpn"": ""EEU-FR1J470"", ""nominal"": 4.7e-05, ""unit"": ""F"", ""tolerance_fraction"": 0.2, ""technology"": ""Polar aluminium electrolytic FR-A"", ""package"": ""Radial 6.3 x 12.7mm; 2.5mm pitch"", ""ratings"": {""voltage_v"": 63, ""temperature_C"": 105, ""life_hours_at_105C"": 5000}, ""manufacturer_document"": null, ""manufacturer_lifecycle"": ""Documented production series; exact current notices/orderability require refresh"", ""observation_date"": ""2026-10-09"", ""evidence_kind"": ""Indexed primary seller catalogue; reported crawl age retained; not live stock or accepted quote"", ""seller"": ""DigiKey Germany"", ""url"": ""https://www.digikey.de/de/products/detail/panasonic-electronic-components/EEU-FR1J470/3072280"", ""reported_crawl_age"": ""4 months"", ""stock_observed"": 68724, ""live_stock"": null, ""moq_observed"": 1, ""order_multiple_observed"": 1, ""retail_pack_size_observed"": 1, ""factory_pack"": null, ""packaging"": ""Cut tape / bulk individual; no optional reeling"", ""manufacturer_lead_time_weeks_observed"": 31, ""actual_dispatch_lead_time"": null, ""unit_price_net_eur_observed"": 0.4, ""unit_price_gross_eur_scenario"": 0.476, ""private_germany_route"": ""See seller_contracts; subject to acceptance and current inventory; no checkout performed"", ""delivered_cost_eur"": null, ""substitutes_qualified"": [], ""qualification_gaps"": [""Loss/leakage/temperature/excess-noise or production population not fully validated""], ""evidence_limit"": ""Older German stock/price; frequency/temperature ESR, leakage, reversal and startup stress remain unqualified. No live stock inference.""}","{""exact_mpn"": ""EEU-FR1J470"", ""manufacturer"": ""Panasonic"", ""nominal_f"": 4.7e-05, ""tolerance_fraction"": 0.2, ""voltage_v"": 63, ""technology"": ""Polar aluminum electrolytic FR-A"", ""package"": ""Radial 6.3mm diameter, 11.2mm body, 2.5mm pitch"", ""primary_url"": ""https://industrial.panasonic.com/ww/products/pt/aluminum-cap-lead/models/EEUFR1J470"", ""manufacturer_document"": ""https://industrial.panasonic.com/cdbs/www-data/pdf/RDF0000/ABA0000C1259.pdf"", ""datasheet_version"": ""01-Sep-25"", ""temperature_c"": [-40, 105], ""tan_delta_max_at_120hz_20c"": 0.09, ""leakage_max_a_at_63v_20c_after_2min"": 2.96e-05, ""supplier_url"": ""https://www.digikey.de/en/products/detail/panasonic-industry/EEU-FR1J470/3072280"", ""supplier"": ""DigiKey Germany"", ""manufacturer_lifecycle"": ""Current primary product listing; supplier Active observation"", ""stock_observed"": 65991, ""reported_crawl_age"": ""4 months"", ""live_stock"": null, ""direct_retrieval"": ""Failed internal error; preserved observation, no accepted quote"", ""moq_observed"": 1, ""order_multiple_observed"": 1, ""retail_pack_size_observed"": 1, ""factory_pack_not_ordered"": 5000, ""actual_dispatch_lead_time"": null, ""manufacturer_lead_time"": null, ""private_germany_route"": ""Parent seller_contracts/digikey public consumer EUR terms; subject to acceptance, no checkout/contact"", ""unit_price_net_eur_scenario"": 0.4, ""vat_fraction_scenario"": 0.19, ""unit_price_gross_eur_scenario"": 0.476, ""price_tax_basis"": ""Retain parent's net-price interpretation as scenario, not invoice confirmation"", ""shipping_eur_per_basket_scenario"": [25, 29.75], ""shipping_tax_basis"": ""Parent public EUR25 summary may be gross or net; neither accepted quote"", ""import_payment_fees_eur"": null, ""confirmed_delivered_eur"": null, ""substitutes_qualified"": []}"
candidate_0019,Rmidtop,AC0603FR-0710KL,1,10000,ohm,0.01,Thick film,0603 / 1608,"{""power_w_at_70C"": 0.1, ""working_voltage_v"": 75, ""tcr_ppm_per_C"": 100}",../../research/procurement/architecture_parts_2026-10-09.yaml#parts/AC0603FR-0710KL,2026-10-09,https://yageogroup.com/component-documentation/download/specsheet/AC0603FR-0710KL,"{""exact_mpn"": ""AC0603FR-0710KL"", ""nominal"": 10000, ""unit"": ""ohm"", ""tolerance_fraction"": 0.01, ""technology"": ""Thick film"", ""package"": ""0603 / 1608"", ""ratings"": {""power_w_at_70C"": 0.1, ""working_voltage_v"": 75, ""tcr_ppm_per_C"": 100}, ""manufacturer_document"": ""https://yageogroup.com/component-documentation/download/specsheet/AC0603FR-0710KL"", ""manufacturer_lifecycle"": ""Documented production series; exact current notices/orderability require refresh"", ""observation_date"": ""2026-10-09"", ""evidence_kind"": ""Indexed primary seller catalogue; reported crawl age retained; not live stock or accepted quote"", ""seller"": ""DigiKey Germany"", ""url"": ""https://www.digikey.de/de/products/detail/yageo/AC0603FR-0710KL/2828135"", ""reported_crawl_age"": ""last week"", ""stock_observed"": 1303493, ""live_stock"": null, ""moq_observed"": 1, ""order_multiple_observed"": 1, ""retail_pack_size_observed"": 1, ""factory_pack"": 5000, ""packaging"": ""Cut tape / bulk individual; no optional reeling"", ""manufacturer_lead_time_weeks_observed"": 22, ""actual_dispatch_lead_time"": null, ""unit_price_net_eur_observed"": 0.09, ""unit_price_gross_eur_scenario"": 0.1071, ""private_germany_route"": ""See seller_contracts; subject to acceptance and current inventory; no checkout performed"", ""delivered_cost_eur"": null, ""substitutes_qualified"": [], ""qualification_gaps"": [""Loss/leakage/temperature/excess-noise or production population not fully validated""], ""conflicting_observation"": ""Other catalogue alias shows backorder; exact current shared inventory unconfirmed""}",
candidate_0019,Rmidbottom,AC0603FR-0710KL,1,10000,ohm,0.01,Thick film,0603 / 1608,"{""power_w_at_70C"": 0.1, ""working_voltage_v"": 75, ""tcr_ppm_per_C"": 100}",../../research/procurement/architecture_parts_2026-10-09.yaml#parts/AC0603FR-0710KL,2026-10-09,https://yageogroup.com/component-documentation/download/specsheet/AC0603FR-0710KL,"{""exact_mpn"": ""AC0603FR-0710KL"", ""nominal"": 10000, ""unit"": ""ohm"", ""tolerance_fraction"": 0.01, ""technology"": ""Thick film"", ""package"": ""0603 / 1608"", ""ratings"": {""power_w_at_70C"": 0.1, ""working_voltage_v"": 75, ""tcr_ppm_per_C"": 100}, ""manufacturer_document"": ""https://yageogroup.com/component-documentation/download/specsheet/AC0603FR-0710KL"", ""manufacturer_lifecycle"": ""Documented production series; exact current notices/orderability require refresh"", ""observation_date"": ""2026-10-09"", ""evidence_kind"": ""Indexed primary seller catalogue; reported crawl age retained; not live stock or accepted quote"", ""seller"": ""DigiKey Germany"", ""url"": ""https://www.digikey.de/de/products/detail/yageo/AC0603FR-0710KL/2828135"", ""reported_crawl_age"": ""last week"", ""stock_observed"": 1303493, ""live_stock"": null, ""moq_observed"": 1, ""order_multiple_observed"": 1, ""retail_pack_size_observed"": 1, ""factory_pack"": 5000, ""packaging"": ""Cut tape / bulk individual; no optional reeling"", ""manufacturer_lead_time_weeks_observed"": 22, ""actual_dispatch_lead_time"": null, ""unit_price_net_eur_observed"": 0.09, ""unit_price_gross_eur_scenario"": 0.1071, ""private_germany_route"": ""See seller_contracts; subject to acceptance and current inventory; no checkout performed"", ""delivered_cost_eur"": null, ""substitutes_qualified"": [], ""qualification_gaps"": [""Loss/leakage/temperature/excess-noise or production population not fully validated""], ""conflicting_observation"": ""Other catalogue alias shows backorder; exact current shared inventory unconfirmed""}",
candidate_0019,Cmid,EEU-FR1J470,1,4.7e-05,F,0.2,Polar aluminium electrolytic FR-A,Radial 6.3 x 12.7mm; 2.5mm pitch,"{""voltage_v"": 63, ""temperature_C"": 105, ""life_hours_at_105C"": 5000}",../../research/procurement/robust_parts_2026-10-09.yaml#part,2026-10-09,,"{""exact_mpn"": ""EEU-FR1J470"", ""nominal"": 4.7e-05, ""unit"": ""F"", ""tolerance_fraction"": 0.2, ""technology"": ""Polar aluminium electrolytic FR-A"", ""package"": ""Radial 6.3 x 12.7mm; 2.5mm pitch"", ""ratings"": {""voltage_v"": 63, ""temperature_C"": 105, ""life_hours_at_105C"": 5000}, ""manufacturer_document"": null, ""manufacturer_lifecycle"": ""Documented production series; exact current notices/orderability require refresh"", ""observation_date"": ""2026-10-09"", ""evidence_kind"": ""Indexed primary seller catalogue; reported crawl age retained; not live stock or accepted quote"", ""seller"": ""DigiKey Germany"", ""url"": ""https://www.digikey.de/de/products/detail/panasonic-electronic-components/EEU-FR1J470/3072280"", ""reported_crawl_age"": ""4 months"", ""stock_observed"": 68724, ""live_stock"": null, ""moq_observed"": 1, ""order_multiple_observed"": 1, ""retail_pack_size_observed"": 1, ""factory_pack"": null, ""packaging"": ""Cut tape / bulk individual; no optional reeling"", ""manufacturer_lead_time_weeks_observed"": 31, ""actual_dispatch_lead_time"": null, ""unit_price_net_eur_observed"": 0.4, ""unit_price_gross_eur_scenario"": 0.476, ""private_germany_route"": ""See seller_contracts; subject to acceptance and current inventory; no checkout performed"", ""delivered_cost_eur"": null, ""substitutes_qualified"": [], ""qualification_gaps"": [""Loss/leakage/temperature/excess-noise or production population not fully validated""], ""evidence_limit"": ""Older German stock/price; frequency/temperature ESR, leakage, reversal and startup stress remain unqualified. No live stock inference.""}","{""exact_mpn"": ""EEU-FR1J470"", ""manufacturer"": ""Panasonic"", ""nominal_f"": 4.7e-05, ""tolerance_fraction"": 0.2, ""voltage_v"": 63, ""technology"": ""Polar aluminum electrolytic FR-A"", ""package"": ""Radial 6.3mm diameter, 11.2mm body, 2.5mm pitch"", ""primary_url"": ""https://industrial.panasonic.com/ww/products/pt/aluminum-cap-lead/models/EEUFR1J470"", ""manufacturer_document"": ""https://industrial.panasonic.com/cdbs/www-data/pdf/RDF0000/ABA0000C1259.pdf"", ""datasheet_version"": ""01-Sep-25"", ""temperature_c"": [-40, 105], ""tan_delta_max_at_120hz_20c"": 0.09, ""leakage_max_a_at_63v_20c_after_2min"": 2.96e-05, ""supplier_url"": ""https://www.digikey.de/en/products/detail/panasonic-industry/EEU-FR1J470/3072280"", ""supplier"": ""DigiKey Germany"", ""manufacturer_lifecycle"": ""Current primary product listing; supplier Active observation"", ""stock_observed"": 65991, ""reported_crawl_age"": ""4 months"", ""live_stock"": null, ""direct_retrieval"": ""Failed internal error; preserved observation, no accepted quote"", ""moq_observed"": 1, ""order_multiple_observed"": 1, ""retail_pack_size_observed"": 1, ""factory_pack_not_ordered"": 5000, ""actual_dispatch_lead_time"": null, ""manufacturer_lead_time"": null, ""private_germany_route"": ""Parent seller_contracts/digikey public consumer EUR terms; subject to acceptance, no checkout/contact"", ""unit_price_net_eur_scenario"": 0.4, ""vat_fraction_scenario"": 0.19, ""unit_price_gross_eur_scenario"": 0.476, ""price_tax_basis"": ""Retain parent's net-price interpretation as scenario, not invoice confirmation"", ""shipping_eur_per_basket_scenario"": [25, 29.75], ""shipping_tax_basis"": ""Parent public EUR25 summary may be gross or net; neither accepted quote"", ""import_payment_fees_eur"": null, ""confirmed_delivered_eur"": null, ""substitutes_qualified"": []}"
candidate_0019,Rpolar0,RC0603FR-071ML,1,1000000,ohm,0.01,Thick film,0603 / 1608,"{""power_w_at_70C"": 0.1, ""working_voltage_v"": 75, ""tcr_ppm_per_C"": 100}",../../research/procurement/architecture_parts_2026-10-09.yaml#parts/RC0603FR-071ML,2026-10-09,https://yageogroup.com/component-documentation/download/specsheet/RC0603FR-071ML,"{""exact_mpn"": ""RC0603FR-071ML"", ""nominal"": 1000000, ""unit"": ""ohm"", ""tolerance_fraction"": 0.01, ""technology"": ""Thick film"", ""package"": ""0603 / 1608"", ""ratings"": {""power_w_at_70C"": 0.1, ""working_voltage_v"": 75, ""tcr_ppm_per_C"": 100}, ""manufacturer_document"": ""https://yageogroup.com/component-documentation/download/specsheet/RC0603FR-071ML"", ""manufacturer_lifecycle"": ""Documented production series; exact current notices/orderability require refresh"", ""observation_date"": ""2026-10-09"", ""evidence_kind"": ""Indexed primary seller catalogue; reported crawl age retained; not live stock or accepted quote"", ""seller"": ""DigiKey Germany"", ""url"": ""https://www.digikey.de/de/products/detail/yageo/RC0603FR-071ML/729791"", ""reported_crawl_age"": ""last week"", ""stock_observed"": 1566554, ""live_stock"": null, ""moq_observed"": 1, ""order_multiple_observed"": 1, ""retail_pack_size_observed"": 1, ""factory_pack"": 5000, ""packaging"": ""Cut tape / bulk individual; no optional reeling"", ""manufacturer_lead_time_weeks_observed"": 22, ""actual_dispatch_lead_time"": null, ""unit_price_net_eur_observed"": 0.09, ""unit_price_gross_eur_scenario"": 0.1071, ""private_germany_route"": ""See seller_contracts; subject to acceptance and current inventory; no checkout performed"", ""delivered_cost_eur"": null, ""substitutes_qualified"": [], ""qualification_gaps"": [""Loss/leakage/temperature/excess-noise or production population not fully validated""], ""conflicting_observation"": ""Different catalogue alias/older snapshot has different inventory; do not infer live stock""}",
candidate_0019,Rpolar1,RC0603FR-071ML,1,1000000,ohm,0.01,Thick film,0603 / 1608,"{""power_w_at_70C"": 0.1, ""working_voltage_v"": 75, ""tcr_ppm_per_C"": 100}",../../research/procurement/architecture_parts_2026-10-09.yaml#parts/RC0603FR-071ML,2026-10-09,https://yageogroup.com/component-documentation/download/specsheet/RC0603FR-071ML,"{""exact_mpn"": ""RC0603FR-071ML"", ""nominal"": 1000000, ""unit"": ""ohm"", ""tolerance_fraction"": 0.01, ""technology"": ""Thick film"", ""package"": ""0603 / 1608"", ""ratings"": {""power_w_at_70C"": 0.1, ""working_voltage_v"": 75, ""tcr_ppm_per_C"": 100}, ""manufacturer_document"": ""https://yageogroup.com/component-documentation/download/specsheet/RC0603FR-071ML"", ""manufacturer_lifecycle"": ""Documented production series; exact current notices/orderability require refresh"", ""observation_date"": ""2026-10-09"", ""evidence_kind"": ""Indexed primary seller catalogue; reported crawl age retained; not live stock or accepted quote"", ""seller"": ""DigiKey Germany"", ""url"": ""https://www.digikey.de/de/products/detail/yageo/RC0603FR-071ML/729791"", ""reported_crawl_age"": ""last week"", ""stock_observed"": 1566554, ""live_stock"": null, ""moq_observed"": 1, ""order_multiple_observed"": 1, ""retail_pack_size_observed"": 1, ""factory_pack"": 5000, ""packaging"": ""Cut tape / bulk individual; no optional reeling"", ""manufacturer_lead_time_weeks_observed"": 22, ""actual_dispatch_lead_time"": null, ""unit_price_net_eur_observed"": 0.09, ""unit_price_gross_eur_scenario"": 0.1071, ""private_germany_route"": ""See seller_contracts; subject to acceptance and current inventory; no checkout performed"", ""delivered_cost_eur"": null, ""substitutes_qualified"": [], ""qualification_gaps"": [""Loss/leakage/temperature/excess-noise or production population not fully validated""], ""conflicting_observation"": ""Different catalogue alias/older snapshot has different inventory; do not infer live stock""}",
candidate_0019,Rpolar2,RC0603FR-071ML,1,1000000,ohm,0.01,Thick film,0603 / 1608,"{""power_w_at_70C"": 0.1, ""working_voltage_v"": 75, ""tcr_ppm_per_C"": 100}",../../research/procurement/architecture_parts_2026-10-09.yaml#parts/RC0603FR-071ML,2026-10-09,https://yageogroup.com/component-documentation/download/specsheet/RC0603FR-071ML,"{""exact_mpn"": ""RC0603FR-071ML"", ""nominal"": 1000000, ""unit"": ""ohm"", ""tolerance_fraction"": 0.01, ""technology"": ""Thick film"", ""package"": ""0603 / 1608"", ""ratings"": {""power_w_at_70C"": 0.1, ""working_voltage_v"": 75, ""tcr_ppm_per_C"": 100}, ""manufacturer_document"": ""https://yageogroup.com/component-documentation/download/specsheet/RC0603FR-071ML"", ""manufacturer_lifecycle"": ""Documented production series; exact current notices/orderability require refresh"", ""observation_date"": ""2026-10-09"", ""evidence_kind"": ""Indexed primary seller catalogue; reported crawl age retained; not live stock or accepted quote"", ""seller"": ""DigiKey Germany"", ""url"": ""https://www.digikey.de/de/products/detail/yageo/RC0603FR-071ML/729791"", ""reported_crawl_age"": ""last week"", ""stock_observed"": 1566554, ""live_stock"": null, ""moq_observed"": 1, ""order_multiple_observed"": 1, ""retail_pack_size_observed"": 1, ""factory_pack"": 5000, ""packaging"": ""Cut tape / bulk individual; no optional reeling"", ""manufacturer_lead_time_weeks_observed"": 22, ""actual_dispatch_lead_time"": null, ""unit_price_net_eur_observed"": 0.09, ""unit_price_gross_eur_scenario"": 0.1071, ""private_germany_route"": ""See seller_contracts; subject to acceptance and current inventory; no checkout performed"", ""delivered_cost_eur"": null, ""substitutes_qualified"": [], ""qualification_gaps"": [""Loss/leakage/temperature/excess-noise or production population not fully validated""], ""conflicting_observation"": ""Different catalogue alias/older snapshot has different inventory; do not infer live stock""}",
candidate_0019,Rpolar3,RC0603FR-071ML,1,1000000,ohm,0.01,Thick film,0603 / 1608,"{""power_w_at_70C"": 0.1, ""working_voltage_v"": 75, ""tcr_ppm_per_C"": 100}",../../research/procurement/architecture_parts_2026-10-09.yaml#parts/RC0603FR-071ML,2026-10-09,https://yageogroup.com/component-documentation/download/specsheet/RC0603FR-071ML,"{""exact_mpn"": ""RC0603FR-071ML"", ""nominal"": 1000000, ""unit"": ""ohm"", ""tolerance_fraction"": 0.01, ""technology"": ""Thick film"", ""package"": ""0603 / 1608"", ""ratings"": {""power_w_at_70C"": 0.1, ""working_voltage_v"": 75, ""tcr_ppm_per_C"": 100}, ""manufacturer_document"": ""https://yageogroup.com/component-documentation/download/specsheet/RC0603FR-071ML"", ""manufacturer_lifecycle"": ""Documented production series; exact current notices/orderability require refresh"", ""observation_date"": ""2026-10-09"", ""evidence_kind"": ""Indexed primary seller catalogue; reported crawl age retained; not live stock or accepted quote"", ""seller"": ""DigiKey Germany"", ""url"": ""https://www.digikey.de/de/products/detail/yageo/RC0603FR-071ML/729791"", ""reported_crawl_age"": ""last week"", ""stock_observed"": 1566554, ""live_stock"": null, ""moq_observed"": 1, ""order_multiple_observed"": 1, ""retail_pack_size_observed"": 1, ""factory_pack"": 5000, ""packaging"": ""Cut tape / bulk individual; no optional reeling"", ""manufacturer_lead_time_weeks_observed"": 22, ""actual_dispatch_lead_time"": null, ""unit_price_net_eur_observed"": 0.09, ""unit_price_gross_eur_scenario"": 0.1071, ""private_germany_route"": ""See seller_contracts; subject to acceptance and current inventory; no checkout performed"", ""delivered_cost_eur"": null, ""substitutes_qualified"": [], ""qualification_gaps"": [""Loss/leakage/temperature/excess-noise or production population not fully validated""], ""conflicting_observation"": ""Different catalogue alias/older snapshot has different inventory; do not infer live stock""}",
candidate_0019,Rpolar4,RC0603FR-071ML,1,1000000,ohm,0.01,Thick film,0603 / 1608,"{""power_w_at_70C"": 0.1, ""working_voltage_v"": 75, ""tcr_ppm_per_C"": 100}",../../research/procurement/architecture_parts_2026-10-09.yaml#parts/RC0603FR-071ML,2026-10-09,https://yageogroup.com/component-documentation/download/specsheet/RC0603FR-071ML,"{""exact_mpn"": ""RC0603FR-071ML"", ""nominal"": 1000000, ""unit"": ""ohm"", ""tolerance_fraction"": 0.01, ""technology"": ""Thick film"", ""package"": ""0603 / 1608"", ""ratings"": {""power_w_at_70C"": 0.1, ""working_voltage_v"": 75, ""tcr_ppm_per_C"": 100}, ""manufacturer_document"": ""https://yageogroup.com/component-documentation/download/specsheet/RC0603FR-071ML"", ""manufacturer_lifecycle"": ""Documented production series; exact current notices/orderability require refresh"", ""observation_date"": ""2026-10-09"", ""evidence_kind"": ""Indexed primary seller catalogue; reported crawl age retained; not live stock or accepted quote"", ""seller"": ""DigiKey Germany"", ""url"": ""https://www.digikey.de/de/products/detail/yageo/RC0603FR-071ML/729791"", ""reported_crawl_age"": ""last week"", ""stock_observed"": 1566554, ""live_stock"": null, ""moq_observed"": 1, ""order_multiple_observed"": 1, ""retail_pack_size_observed"": 1, ""factory_pack"": 5000, ""packaging"": ""Cut tape / bulk individual; no optional reeling"", ""manufacturer_lead_time_weeks_observed"": 22, ""actual_dispatch_lead_time"": null, ""unit_price_net_eur_observed"": 0.09, ""unit_price_gross_eur_scenario"": 0.1071, ""private_germany_route"": ""See seller_contracts; subject to acceptance and current inventory; no checkout performed"", ""delivered_cost_eur"": null, ""substitutes_qualified"": [], ""qualification_gaps"": [""Loss/leakage/temperature/excess-noise or production population not fully validated""], ""conflicting_observation"": ""Different catalogue alias/older snapshot has different inventory; do not infer live stock""}",
candidate_0019,Rpolar5,RC0603FR-071ML,1,1000000,ohm,0.01,Thick film,0603 / 1608,"{""power_w_at_70C"": 0.1, ""working_voltage_v"": 75, ""tcr_ppm_per_C"": 100}",../../research/procurement/architecture_parts_2026-10-09.yaml#parts/RC0603FR-071ML,2026-10-09,https://yageogroup.com/component-documentation/download/specsheet/RC0603FR-071ML,"{""exact_mpn"": ""RC0603FR-071ML"", ""nominal"": 1000000, ""unit"": ""ohm"", ""tolerance_fraction"": 0.01, ""technology"": ""Thick film"", ""package"": ""0603 / 1608"", ""ratings"": {""power_w_at_70C"": 0.1, ""working_voltage_v"": 75, ""tcr_ppm_per_C"": 100}, ""manufacturer_document"": ""https://yageogroup.com/component-documentation/download/specsheet/RC0603FR-071ML"", ""manufacturer_lifecycle"": ""Documented production series; exact current notices/orderability require refresh"", ""observation_date"": ""2026-10-09"", ""evidence_kind"": ""Indexed primary seller catalogue; reported crawl age retained; not live stock or accepted quote"", ""seller"": ""DigiKey Germany"", ""url"": ""https://www.digikey.de/de/products/detail/yageo/RC0603FR-071ML/729791"", ""reported_crawl_age"": ""last week"", ""stock_observed"": 1566554, ""live_stock"": null, ""moq_observed"": 1, ""order_multiple_observed"": 1, ""retail_pack_size_observed"": 1, ""factory_pack"": 5000, ""packaging"": ""Cut tape / bulk individual; no optional reeling"", ""manufacturer_lead_time_weeks_observed"": 22, ""actual_dispatch_lead_time"": null, ""unit_price_net_eur_observed"": 0.09, ""unit_price_gross_eur_scenario"": 0.1071, ""private_germany_route"": ""See seller_contracts; subject to acceptance and current inventory; no checkout performed"", ""delivered_cost_eur"": null, ""substitutes_qualified"": [], ""qualification_gaps"": [""Loss/leakage/temperature/excess-noise or production population not fully validated""], ""conflicting_observation"": ""Different catalogue alias/older snapshot has different inventory; do not infer live stock""}",
candidate_0019,Rpolar6,RC0603FR-071ML,1,1000000,ohm,0.01,Thick film,0603 / 1608,"{""power_w_at_70C"": 0.1, ""working_voltage_v"": 75, ""tcr_ppm_per_C"": 100}",../../research/procurement/architecture_parts_2026-10-09.yaml#parts/RC0603FR-071ML,2026-10-09,https://yageogroup.com/component-documentation/download/specsheet/RC0603FR-071ML,"{""exact_mpn"": ""RC0603FR-071ML"", ""nominal"": 1000000, ""unit"": ""ohm"", ""tolerance_fraction"": 0.01, ""technology"": ""Thick film"", ""package"": ""0603 / 1608"", ""ratings"": {""power_w_at_70C"": 0.1, ""working_voltage_v"": 75, ""tcr_ppm_per_C"": 100}, ""manufacturer_document"": ""https://yageogroup.com/component-documentation/download/specsheet/RC0603FR-071ML"", ""manufacturer_lifecycle"": ""Documented production series; exact current notices/orderability require refresh"", ""observation_date"": ""2026-10-09"", ""evidence_kind"": ""Indexed primary seller catalogue; reported crawl age retained; not live stock or accepted quote"", ""seller"": ""DigiKey Germany"", ""url"": ""https://www.digikey.de/de/products/detail/yageo/RC0603FR-071ML/729791"", ""reported_crawl_age"": ""last week"", ""stock_observed"": 1566554, ""live_stock"": null, ""moq_observed"": 1, ""order_multiple_observed"": 1, ""retail_pack_size_observed"": 1, ""factory_pack"": 5000, ""packaging"": ""Cut tape / bulk individual; no optional reeling"", ""manufacturer_lead_time_weeks_observed"": 22, ""actual_dispatch_lead_time"": null, ""unit_price_net_eur_observed"": 0.09, ""unit_price_gross_eur_scenario"": 0.1071, ""private_germany_route"": ""See seller_contracts; subject to acceptance and current inventory; no checkout performed"", ""delivered_cost_eur"": null, ""substitutes_qualified"": [], ""qualification_gaps"": [""Loss/leakage/temperature/excess-noise or production population not fully validated""], ""conflicting_observation"": ""Different catalogue alias/older snapshot has different inventory; do not infer live stock""}",
candidate_0019,Rpolar7,RC0603FR-071ML,1,1000000,ohm,0.01,Thick film,0603 / 1608,"{""power_w_at_70C"": 0.1, ""working_voltage_v"": 75, ""tcr_ppm_per_C"": 100}",../../research/procurement/architecture_parts_2026-10-09.yaml#parts/RC0603FR-071ML,2026-10-09,https://yageogroup.com/component-documentation/download/specsheet/RC0603FR-071ML,"{""exact_mpn"": ""RC0603FR-071ML"", ""nominal"": 1000000, ""unit"": ""ohm"", ""tolerance_fraction"": 0.01, ""technology"": ""Thick film"", ""package"": ""0603 / 1608"", ""ratings"": {""power_w_at_70C"": 0.1, ""working_voltage_v"": 75, ""tcr_ppm_per_C"": 100}, ""manufacturer_document"": ""https://yageogroup.com/component-documentation/download/specsheet/RC0603FR-071ML"", ""manufacturer_lifecycle"": ""Documented production series; exact current notices/orderability require refresh"", ""observation_date"": ""2026-10-09"", ""evidence_kind"": ""Indexed primary seller catalogue; reported crawl age retained; not live stock or accepted quote"", ""seller"": ""DigiKey Germany"", ""url"": ""https://www.digikey.de/de/products/detail/yageo/RC0603FR-071ML/729791"", ""reported_crawl_age"": ""last week"", ""stock_observed"": 1566554, ""live_stock"": null, ""moq_observed"": 1, ""order_multiple_observed"": 1, ""retail_pack_size_observed"": 1, ""factory_pack"": 5000, ""packaging"": ""Cut tape / bulk individual; no optional reeling"", ""manufacturer_lead_time_weeks_observed"": 22, ""actual_dispatch_lead_time"": null, ""unit_price_net_eur_observed"": 0.09, ""unit_price_gross_eur_scenario"": 0.1071, ""private_germany_route"": ""See seller_contracts; subject to acceptance and current inventory; no checkout performed"", ""delivered_cost_eur"": null, ""substitutes_qualified"": [], ""qualification_gaps"": [""Loss/leakage/temperature/excess-noise or production population not fully validated""], ""conflicting_observation"": ""Different catalogue alias/older snapshot has different inventory; do not infer live stock""}",
candidate_0019,Rpolar8,RC0603FR-071ML,1,1000000,ohm,0.01,Thick film,0603 / 1608,"{""power_w_at_70C"": 0.1, ""working_voltage_v"": 75, ""tcr_ppm_per_C"": 100}",../../research/procurement/architecture_parts_2026-10-09.yaml#parts/RC0603FR-071ML,2026-10-09,https://yageogroup.com/component-documentation/download/specsheet/RC0603FR-071ML,"{""exact_mpn"": ""RC0603FR-071ML"", ""nominal"": 1000000, ""unit"": ""ohm"", ""tolerance_fraction"": 0.01, ""technology"": ""Thick film"", ""package"": ""0603 / 1608"", ""ratings"": {""power_w_at_70C"": 0.1, ""working_voltage_v"": 75, ""tcr_ppm_per_C"": 100}, ""manufacturer_document"": ""https://yageogroup.com/component-documentation/download/specsheet/RC0603FR-071ML"", ""manufacturer_lifecycle"": ""Documented production series; exact current notices/orderability require refresh"", ""observation_date"": ""2026-10-09"", ""evidence_kind"": ""Indexed primary seller catalogue; reported crawl age retained; not live stock or accepted quote"", ""seller"": ""DigiKey Germany"", ""url"": ""https://www.digikey.de/de/products/detail/yageo/RC0603FR-071ML/729791"", ""reported_crawl_age"": ""last week"", ""stock_observed"": 1566554, ""live_stock"": null, ""moq_observed"": 1, ""order_multiple_observed"": 1, ""retail_pack_size_observed"": 1, ""factory_pack"": 5000, ""packaging"": ""Cut tape / bulk individual; no optional reeling"", ""manufacturer_lead_time_weeks_observed"": 22, ""actual_dispatch_lead_time"": null, ""unit_price_net_eur_observed"": 0.09, ""unit_price_gross_eur_scenario"": 0.1071, ""private_germany_route"": ""See seller_contracts; subject to acceptance and current inventory; no checkout performed"", ""delivered_cost_eur"": null, ""substitutes_qualified"": [], ""qualification_gaps"": [""Loss/leakage/temperature/excess-noise or production population not fully validated""], ""conflicting_observation"": ""Different catalogue alias/older snapshot has different inventory; do not infer live stock""}",
candidate_0019,Rpolar9,RC0603FR-071ML,1,1000000,ohm,0.01,Thick film,0603 / 1608,"{""power_w_at_70C"": 0.1, ""working_voltage_v"": 75, ""tcr_ppm_per_C"": 100}",../../research/procurement/architecture_parts_2026-10-09.yaml#parts/RC0603FR-071ML,2026-10-09,https://yageogroup.com/component-documentation/download/specsheet/RC0603FR-071ML,"{""exact_mpn"": ""RC0603FR-071ML"", ""nominal"": 1000000, ""unit"": ""ohm"", ""tolerance_fraction"": 0.01, ""technology"": ""Thick film"", ""package"": ""0603 / 1608"", ""ratings"": {""power_w_at_70C"": 0.1, ""working_voltage_v"": 75, ""tcr_ppm_per_C"": 100}, ""manufacturer_document"": ""https://yageogroup.com/component-documentation/download/specsheet/RC0603FR-071ML"", ""manufacturer_lifecycle"": ""Documented production series; exact current notices/orderability require refresh"", ""observation_date"": ""2026-10-09"", ""evidence_kind"": ""Indexed primary seller catalogue; reported crawl age retained; not live stock or accepted quote"", ""seller"": ""DigiKey Germany"", ""url"": ""https://www.digikey.de/de/products/detail/yageo/RC0603FR-071ML/729791"", ""reported_crawl_age"": ""last week"", ""stock_observed"": 1566554, ""live_stock"": null, ""moq_observed"": 1, ""order_multiple_observed"": 1, ""retail_pack_size_observed"": 1, ""factory_pack"": 5000, ""packaging"": ""Cut tape / bulk individual; no optional reeling"", ""manufacturer_lead_time_weeks_observed"": 22, ""actual_dispatch_lead_time"": null, ""unit_price_net_eur_observed"": 0.09, ""unit_price_gross_eur_scenario"": 0.1071, ""private_germany_route"": ""See seller_contracts; subject to acceptance and current inventory; no checkout performed"", ""delivered_cost_eur"": null, ""substitutes_qualified"": [], ""qualification_gaps"": [""Loss/leakage/temperature/excess-noise or production population not fully validated""], ""conflicting_observation"": ""Different catalogue alias/older snapshot has different inventory; do not infer live stock""}",
candidate_0019,Cpol,R82EC3100DQ70J,1,1e-07,F,0.05,Metallized PET film R82,Radial 7.2 x 2.5 x 6.6mm; 5mm pitch,"{""voltage_dc_v"": 100}",../../research/procurement/architecture_parts_2026-10-09.yaml#parts/R82EC3100DQ70J,2026-10-09,https://www.digikey.com/htmldatasheets/production/3447437/0/0/1/r82dc3680dq60j.pdf,"{""exact_mpn"": ""R82EC3100DQ70J"", ""nominal"": 1e-07, ""unit"": ""F"", ""tolerance_fraction"": 0.05, ""technology"": ""Metallized PET film R82"", ""package"": ""Radial 7.2 x 2.5 x 6.6mm; 5mm pitch"", ""ratings"": {""voltage_dc_v"": 100}, ""manufacturer_document"": ""https://www.digikey.com/htmldatasheets/production/3447437/0/0/1/r82dc3680dq60j.pdf"", ""manufacturer_lifecycle"": ""Documented production series; exact current notices/orderability require refresh"", ""observation_date"": ""2026-10-09"", ""evidence_kind"": ""Indexed primary seller catalogue; reported crawl age retained; not live stock or accepted quote"", ""seller"": ""DigiKey Germany"", ""url"": ""https://www.digikey.de/en/products/detail/kemet/R82EC3100DQ70J/1930807"", ""reported_crawl_age"": ""German exact price unavailable"", ""stock_observed"": null, ""live_stock"": null, ""moq_observed"": 1, ""order_multiple_observed"": 1, ""retail_pack_size_observed"": 1, ""factory_pack"": null, ""packaging"": ""Cut tape / bulk individual; no optional reeling"", ""manufacturer_lead_time_weeks_observed"": 26, ""actual_dispatch_lead_time"": null, ""unit_price_net_eur_observed"": null, ""unit_price_gross_eur_scenario"": null, ""private_germany_route"": ""See seller_contracts; subject to acceptance and current inventory; no checkout performed"", ""delivered_cost_eur"": null, ""substitutes_qualified"": [], ""qualification_gaps"": [""Loss/leakage/temperature/excess-noise or production population not fully validated""], ""other_territory_observation"": {""seller"": ""DigiKey US"", ""stock"": 64236, ""crawl_age"": ""yesterday"", ""unit_price_usd"": 0.34, ""limitation"": ""Same exact MPN catalogue evidence only; not a German EUR quote or live Germany inventory""}}",
candidate_0019,Rback,RC0603FR-071ML,1,1000000,ohm,0.01,Thick film,0603 / 1608,"{""power_w_at_70C"": 0.1, ""working_voltage_v"": 75, ""tcr_ppm_per_C"": 100}",../../research/procurement/architecture_parts_2026-10-09.yaml#parts/RC0603FR-071ML,2026-10-09,https://yageogroup.com/component-documentation/download/specsheet/RC0603FR-071ML,"{""exact_mpn"": ""RC0603FR-071ML"", ""nominal"": 1000000, ""unit"": ""ohm"", ""tolerance_fraction"": 0.01, ""technology"": ""Thick film"", ""package"": ""0603 / 1608"", ""ratings"": {""power_w_at_70C"": 0.1, ""working_voltage_v"": 75, ""tcr_ppm_per_C"": 100}, ""manufacturer_document"": ""https://yageogroup.com/component-documentation/download/specsheet/RC0603FR-071ML"", ""manufacturer_lifecycle"": ""Documented production series; exact current notices/orderability require refresh"", ""observation_date"": ""2026-10-09"", ""evidence_kind"": ""Indexed primary seller catalogue; reported crawl age retained; not live stock or accepted quote"", ""seller"": ""DigiKey Germany"", ""url"": ""https://www.digikey.de/de/products/detail/yageo/RC0603FR-071ML/729791"", ""reported_crawl_age"": ""last week"", ""stock_observed"": 1566554, ""live_stock"": null, ""moq_observed"": 1, ""order_multiple_observed"": 1, ""retail_pack_size_observed"": 1, ""factory_pack"": 5000, ""packaging"": ""Cut tape / bulk individual; no optional reeling"", ""manufacturer_lead_time_weeks_observed"": 22, ""actual_dispatch_lead_time"": null, ""unit_price_net_eur_observed"": 0.09, ""unit_price_gross_eur_scenario"": 0.1071, ""private_germany_route"": ""See seller_contracts; subject to acceptance and current inventory; no checkout performed"", ""delivered_cost_eur"": null, ""substitutes_qualified"": [], ""qualification_gaps"": [""Loss/leakage/temperature/excess-noise or production population not fully validated""], ""conflicting_observation"": ""Different catalogue alias/older snapshot has different inventory; do not infer live stock""}",
candidate_0019,Rgatetop0,AC0603FR-0710KL,1,10000,ohm,0.01,Thick film,0603 / 1608,"{""power_w_at_70C"": 0.1, ""working_voltage_v"": 75, ""tcr_ppm_per_C"": 100}",../../research/procurement/architecture_parts_2026-10-09.yaml#parts/AC0603FR-0710KL,2026-10-09,https://yageogroup.com/component-documentation/download/specsheet/AC0603FR-0710KL,"{""exact_mpn"": ""AC0603FR-0710KL"", ""nominal"": 10000, ""unit"": ""ohm"", ""tolerance_fraction"": 0.01, ""technology"": ""Thick film"", ""package"": ""0603 / 1608"", ""ratings"": {""power_w_at_70C"": 0.1, ""working_voltage_v"": 75, ""tcr_ppm_per_C"": 100}, ""manufacturer_document"": ""https://yageogroup.com/component-documentation/download/specsheet/AC0603FR-0710KL"", ""manufacturer_lifecycle"": ""Documented production series; exact current notices/orderability require refresh"", ""observation_date"": ""2026-10-09"", ""evidence_kind"": ""Indexed primary seller catalogue; reported crawl age retained; not live stock or accepted quote"", ""seller"": ""DigiKey Germany"", ""url"": ""https://www.digikey.de/de/products/detail/yageo/AC0603FR-0710KL/2828135"", ""reported_crawl_age"": ""last week"", ""stock_observed"": 1303493, ""live_stock"": null, ""moq_observed"": 1, ""order_multiple_observed"": 1, ""retail_pack_size_observed"": 1, ""factory_pack"": 5000, ""packaging"": ""Cut tape / bulk individual; no optional reeling"", ""manufacturer_lead_time_weeks_observed"": 22, ""actual_dispatch_lead_time"": null, ""unit_price_net_eur_observed"": 0.09, ""unit_price_gross_eur_scenario"": 0.1071, ""private_germany_route"": ""See seller_contracts; subject to acceptance and current inventory; no checkout performed"", ""delivered_cost_eur"": null, ""substitutes_qualified"": [], ""qualification_gaps"": [""Loss/leakage/temperature/excess-noise or production population not fully validated""], ""conflicting_observation"": ""Other catalogue alias shows backorder; exact current shared inventory unconfirmed""}",
candidate_0019,Rgatetop1,AC0603FR-0710KL,1,10000,ohm,0.01,Thick film,0603 / 1608,"{""power_w_at_70C"": 0.1, ""working_voltage_v"": 75, ""tcr_ppm_per_C"": 100}",../../research/procurement/architecture_parts_2026-10-09.yaml#parts/AC0603FR-0710KL,2026-10-09,https://yageogroup.com/component-documentation/download/specsheet/AC0603FR-0710KL,"{""exact_mpn"": ""AC0603FR-0710KL"", ""nominal"": 10000, ""unit"": ""ohm"", ""tolerance_fraction"": 0.01, ""technology"": ""Thick film"", ""package"": ""0603 / 1608"", ""ratings"": {""power_w_at_70C"": 0.1, ""working_voltage_v"": 75, ""tcr_ppm_per_C"": 100}, ""manufacturer_document"": ""https://yageogroup.com/component-documentation/download/specsheet/AC0603FR-0710KL"", ""manufacturer_lifecycle"": ""Documented production series; exact current notices/orderability require refresh"", ""observation_date"": ""2026-10-09"", ""evidence_kind"": ""Indexed primary seller catalogue; reported crawl age retained; not live stock or accepted quote"", ""seller"": ""DigiKey Germany"", ""url"": ""https://www.digikey.de/de/products/detail/yageo/AC0603FR-0710KL/2828135"", ""reported_crawl_age"": ""last week"", ""stock_observed"": 1303493, ""live_stock"": null, ""moq_observed"": 1, ""order_multiple_observed"": 1, ""retail_pack_size_observed"": 1, ""factory_pack"": 5000, ""packaging"": ""Cut tape / bulk individual; no optional reeling"", ""manufacturer_lead_time_weeks_observed"": 22, ""actual_dispatch_lead_time"": null, ""unit_price_net_eur_observed"": 0.09, ""unit_price_gross_eur_scenario"": 0.1071, ""private_germany_route"": ""See seller_contracts; subject to acceptance and current inventory; no checkout performed"", ""delivered_cost_eur"": null, ""substitutes_qualified"": [], ""qualification_gaps"": [""Loss/leakage/temperature/excess-noise or production population not fully validated""], ""conflicting_observation"": ""Other catalogue alias shows backorder; exact current shared inventory unconfirmed""}",
candidate_0019,Rgatetop2,AC0603FR-0710KL,1,10000,ohm,0.01,Thick film,0603 / 1608,"{""power_w_at_70C"": 0.1, ""working_voltage_v"": 75, ""tcr_ppm_per_C"": 100}",../../research/procurement/architecture_parts_2026-10-09.yaml#parts/AC0603FR-0710KL,2026-10-09,https://yageogroup.com/component-documentation/download/specsheet/AC0603FR-0710KL,"{""exact_mpn"": ""AC0603FR-0710KL"", ""nominal"": 10000, ""unit"": ""ohm"", ""tolerance_fraction"": 0.01, ""technology"": ""Thick film"", ""package"": ""0603 / 1608"", ""ratings"": {""power_w_at_70C"": 0.1, ""working_voltage_v"": 75, ""tcr_ppm_per_C"": 100}, ""manufacturer_document"": ""https://yageogroup.com/component-documentation/download/specsheet/AC0603FR-0710KL"", ""manufacturer_lifecycle"": ""Documented production series; exact current notices/orderability require refresh"", ""observation_date"": ""2026-10-09"", ""evidence_kind"": ""Indexed primary seller catalogue; reported crawl age retained; not live stock or accepted quote"", ""seller"": ""DigiKey Germany"", ""url"": ""https://www.digikey.de/de/products/detail/yageo/AC0603FR-0710KL/2828135"", ""reported_crawl_age"": ""last week"", ""stock_observed"": 1303493, ""live_stock"": null, ""moq_observed"": 1, ""order_multiple_observed"": 1, ""retail_pack_size_observed"": 1, ""factory_pack"": 5000, ""packaging"": ""Cut tape / bulk individual; no optional reeling"", ""manufacturer_lead_time_weeks_observed"": 22, ""actual_dispatch_lead_time"": null, ""unit_price_net_eur_observed"": 0.09, ""unit_price_gross_eur_scenario"": 0.1071, ""private_germany_route"": ""See seller_contracts; subject to acceptance and current inventory; no checkout performed"", ""delivered_cost_eur"": null, ""substitutes_qualified"": [], ""qualification_gaps"": [""Loss/leakage/temperature/excess-noise or production population not fully validated""], ""conflicting_observation"": ""Other catalogue alias shows backorder; exact current shared inventory unconfirmed""}",
candidate_0019,Rgatebottom,AC0603FR-0710KL,1,10000,ohm,0.01,Thick film,0603 / 1608,"{""power_w_at_70C"": 0.1, ""working_voltage_v"": 75, ""tcr_ppm_per_C"": 100}",../../research/procurement/architecture_parts_2026-10-09.yaml#parts/AC0603FR-0710KL,2026-10-09,https://yageogroup.com/component-documentation/download/specsheet/AC0603FR-0710KL,"{""exact_mpn"": ""AC0603FR-0710KL"", ""nominal"": 10000, ""unit"": ""ohm"", ""tolerance_fraction"": 0.01, ""technology"": ""Thick film"", ""package"": ""0603 / 1608"", ""ratings"": {""power_w_at_70C"": 0.1, ""working_voltage_v"": 75, ""tcr_ppm_per_C"": 100}, ""manufacturer_document"": ""https://yageogroup.com/component-documentation/download/specsheet/AC0603FR-0710KL"", ""manufacturer_lifecycle"": ""Documented production series; exact current notices/orderability require refresh"", ""observation_date"": ""2026-10-09"", ""evidence_kind"": ""Indexed primary seller catalogue; reported crawl age retained; not live stock or accepted quote"", ""seller"": ""DigiKey Germany"", ""url"": ""https://www.digikey.de/de/products/detail/yageo/AC0603FR-0710KL/2828135"", ""reported_crawl_age"": ""last week"", ""stock_observed"": 1303493, ""live_stock"": null, ""moq_observed"": 1, ""order_multiple_observed"": 1, ""retail_pack_size_observed"": 1, ""factory_pack"": 5000, ""packaging"": ""Cut tape / bulk individual; no optional reeling"", ""manufacturer_lead_time_weeks_observed"": 22, ""actual_dispatch_lead_time"": null, ""unit_price_net_eur_observed"": 0.09, ""unit_price_gross_eur_scenario"": 0.1071, ""private_germany_route"": ""See seller_contracts; subject to acceptance and current inventory; no checkout performed"", ""delivered_cost_eur"": null, ""substitutes_qualified"": [], ""qualification_gaps"": [""Loss/leakage/temperature/excess-noise or production population not fully validated""], ""conflicting_observation"": ""Other catalogue alias shows backorder; exact current shared inventory unconfirmed""}",
candidate_0019,Cgatebias,EEU-FR1J470,1,4.7e-05,F,0.2,Polar aluminium electrolytic FR-A,Radial 6.3 x 12.7mm; 2.5mm pitch,"{""voltage_v"": 63, ""temperature_C"": 105, ""life_hours_at_105C"": 5000}",../../research/procurement/robust_parts_2026-10-09.yaml#part,2026-10-09,,"{""exact_mpn"": ""EEU-FR1J470"", ""nominal"": 4.7e-05, ""unit"": ""F"", ""tolerance_fraction"": 0.2, ""technology"": ""Polar aluminium electrolytic FR-A"", ""package"": ""Radial 6.3 x 12.7mm; 2.5mm pitch"", ""ratings"": {""voltage_v"": 63, ""temperature_C"": 105, ""life_hours_at_105C"": 5000}, ""manufacturer_document"": null, ""manufacturer_lifecycle"": ""Documented production series; exact current notices/orderability require refresh"", ""observation_date"": ""2026-10-09"", ""evidence_kind"": ""Indexed primary seller catalogue; reported crawl age retained; not live stock or accepted quote"", ""seller"": ""DigiKey Germany"", ""url"": ""https://www.digikey.de/de/products/detail/panasonic-electronic-components/EEU-FR1J470/3072280"", ""reported_crawl_age"": ""4 months"", ""stock_observed"": 68724, ""live_stock"": null, ""moq_observed"": 1, ""order_multiple_observed"": 1, ""retail_pack_size_observed"": 1, ""factory_pack"": null, ""packaging"": ""Cut tape / bulk individual; no optional reeling"", ""manufacturer_lead_time_weeks_observed"": 31, ""actual_dispatch_lead_time"": null, ""unit_price_net_eur_observed"": 0.4, ""unit_price_gross_eur_scenario"": 0.476, ""private_germany_route"": ""See seller_contracts; subject to acceptance and current inventory; no checkout performed"", ""delivered_cost_eur"": null, ""substitutes_qualified"": [], ""qualification_gaps"": [""Loss/leakage/temperature/excess-noise or production population not fully validated""], ""evidence_limit"": ""Older German stock/price; frequency/temperature ESR, leakage, reversal and startup stress remain unqualified. No live stock inference.""}","{""exact_mpn"": ""EEU-FR1J470"", ""manufacturer"": ""Panasonic"", ""nominal_f"": 4.7e-05, ""tolerance_fraction"": 0.2, ""voltage_v"": 63, ""technology"": ""Polar aluminum electrolytic FR-A"", ""package"": ""Radial 6.3mm diameter, 11.2mm body, 2.5mm pitch"", ""primary_url"": ""https://industrial.panasonic.com/ww/products/pt/aluminum-cap-lead/models/EEUFR1J470"", ""manufacturer_document"": ""https://industrial.panasonic.com/cdbs/www-data/pdf/RDF0000/ABA0000C1259.pdf"", ""datasheet_version"": ""01-Sep-25"", ""temperature_c"": [-40, 105], ""tan_delta_max_at_120hz_20c"": 0.09, ""leakage_max_a_at_63v_20c_after_2min"": 2.96e-05, ""supplier_url"": ""https://www.digikey.de/en/products/detail/panasonic-industry/EEU-FR1J470/3072280"", ""supplier"": ""DigiKey Germany"", ""manufacturer_lifecycle"": ""Current primary product listing; supplier Active observation"", ""stock_observed"": 65991, ""reported_crawl_age"": ""4 months"", ""live_stock"": null, ""direct_retrieval"": ""Failed internal error; preserved observation, no accepted quote"", ""moq_observed"": 1, ""order_multiple_observed"": 1, ""retail_pack_size_observed"": 1, ""factory_pack_not_ordered"": 5000, ""actual_dispatch_lead_time"": null, ""manufacturer_lead_time"": null, ""private_germany_route"": ""Parent seller_contracts/digikey public consumer EUR terms; subject to acceptance, no checkout/contact"", ""unit_price_net_eur_scenario"": 0.4, ""vat_fraction_scenario"": 0.19, ""unit_price_gross_eur_scenario"": 0.476, ""price_tax_basis"": ""Retain parent's net-price interpretation as scenario, not invoice confirmation"", ""shipping_eur_per_basket_scenario"": [25, 29.75], ""shipping_tax_basis"": ""Parent public EUR25 summary may be gross or net; neither accepted quote"", ""import_payment_fees_eur"": null, ""confirmed_delivered_eur"": null, ""substitutes_qualified"": []}"
candidate_0019,Rbias,HVA12JA1G00,1,1000000000.0,ohm,0.05,High-voltage metal film,Axial 4 x 11mm,"{""power_w"": 1.2, ""voltage_limit_v"": 8000, ""power_limited_voltage_v"": 34641, ""tcr_ppm_per_C"": 200, ""vcr_ppm_per_v_max"": 20}",../../research/procurement/architecture_parts_2026-10-09.yaml#parts/HVA12JA1G00,2026-10-09,https://www.mouser.com/datasheet/2/385/SEI_HVA-3077810.pdf,"{""exact_mpn"": ""HVA12JA1G00"", ""nominal"": 1000000000.0, ""unit"": ""ohm"", ""tolerance_fraction"": 0.05, ""technology"": ""High-voltage metal film"", ""package"": ""Axial 4 x 11mm"", ""ratings"": {""power_w"": 1.2, ""voltage_limit_v"": 8000, ""power_limited_voltage_v"": 34641, ""tcr_ppm_per_C"": 200, ""vcr_ppm_per_v_max"": 20}, ""manufacturer_document"": ""https://www.mouser.com/datasheet/2/385/SEI_HVA-3077810.pdf"", ""manufacturer_lifecycle"": ""Documented production series; exact current notices/orderability require refresh"", ""observation_date"": ""2026-10-09"", ""evidence_kind"": ""Indexed primary seller catalogue; reported crawl age retained; not live stock or accepted quote"", ""seller"": ""DigiKey Germany"", ""url"": ""https://www.digikey.de/en/products/detail/stackpole-electronics-inc/HVA12JA1G00/6195865"", ""reported_crawl_age"": ""last week filter listing"", ""stock_observed"": 1148, ""live_stock"": null, ""moq_observed"": 1, ""order_multiple_observed"": 1, ""retail_pack_size_observed"": 1, ""factory_pack"": 1000, ""packaging"": ""Cut tape / bulk individual; no optional reeling"", ""manufacturer_lead_time_weeks_observed"": null, ""actual_dispatch_lead_time"": null, ""unit_price_net_eur_observed"": 0.73, ""unit_price_gross_eur_scenario"": 0.8687, ""private_germany_route"": ""See seller_contracts; subject to acceptance and current inventory; no checkout performed"", ""delivered_cost_eur"": null, ""substitutes_qualified"": [], ""qualification_gaps"": [""Loss/leakage/temperature/excess-noise or production population not fully validated""], ""evidence_limit"": ""German distributor filter showed stock/CT price; direct exact product cache miss. CT MOQ1, factory tape-and-box1000 is not a required private pack.""}",
candidate_0019,Rrear,RC0603FR-071KL,1,1000,ohm,0.01,Thick film,0603 / 1608,"{""power_w_at_70C"": 0.1, ""working_voltage_v"": 75, ""tcr_ppm_per_C"": 100}",../../research/procurement/architecture_parts_2026-10-09.yaml#parts/RC0603FR-071KL,2026-10-09,https://yageogroup.com/component-documentation/download/specsheet/RC0603FR-071KL,"{""exact_mpn"": ""RC0603FR-071KL"", ""nominal"": 1000, ""unit"": ""ohm"", ""tolerance_fraction"": 0.01, ""technology"": ""Thick film"", ""package"": ""0603 / 1608"", ""ratings"": {""power_w_at_70C"": 0.1, ""working_voltage_v"": 75, ""tcr_ppm_per_C"": 100}, ""manufacturer_document"": ""https://yageogroup.com/component-documentation/download/specsheet/RC0603FR-071KL"", ""manufacturer_lifecycle"": ""Documented production series; exact current notices/orderability require refresh"", ""observation_date"": ""2026-10-09"", ""evidence_kind"": ""Indexed primary seller catalogue; reported crawl age retained; not live stock or accepted quote"", ""seller"": ""DigiKey Germany"", ""url"": ""https://www.digikey.de/de/products/detail/yageo/RC0603FR-071KL/726843"", ""reported_crawl_age"": ""today"", ""stock_observed"": 2937396, ""live_stock"": null, ""moq_observed"": 1, ""order_multiple_observed"": 1, ""retail_pack_size_observed"": 1, ""factory_pack"": 5000, ""packaging"": ""Cut tape / bulk individual; no optional reeling"", ""manufacturer_lead_time_weeks_observed"": null, ""actual_dispatch_lead_time"": null, ""unit_price_net_eur_observed"": 0.09, ""unit_price_gross_eur_scenario"": 0.1071, ""private_germany_route"": ""See seller_contracts; subject to acceptance and current inventory; no checkout performed"", ""delivered_cost_eur"": null, ""substitutes_qualified"": [], ""qualification_gaps"": [""Loss/leakage/temperature/excess-noise or production population not fully validated""]}",
candidate_0019,Jinput,JFE150DBVR,1,JFE150,device,,N-channel JFET with clamp diodes,DBV SOT-23-5,"{""vds_absolute_v"": [-40, 40], ""vgs_absolute_v"": [-40, 0.9], ""ids_absolute_a"": [-0.05, 0.05], ""note"": ""Absolute ratings are not SOA or operating guarantees""}",../../research/procurement/architecture_parts_2026-10-09.yaml#parts/JFE150DBVR,2026-10-09,https://www.ti.com/lit/ds/symlink/jfe150.pdf,"{""exact_mpn"": ""JFE150DBVR"", ""nominal"": ""JFE150"", ""unit"": ""device"", ""tolerance_fraction"": null, ""technology"": ""N-channel JFET with clamp diodes"", ""package"": ""DBV SOT-23-5"", ""ratings"": {""vds_absolute_v"": [-40, 40], ""vgs_absolute_v"": [-40, 0.9], ""ids_absolute_a"": [-0.05, 0.05], ""note"": ""Absolute ratings are not SOA or operating guarantees""}, ""manufacturer_document"": ""https://www.ti.com/lit/ds/symlink/jfe150.pdf"", ""manufacturer_lifecycle"": ""TI Active production, SLPS732B Apr2023 DBV addendum; exact dealer PROTOTYPE description conflict unresolved"", ""observation_date"": ""2026-10-09"", ""evidence_kind"": ""Indexed primary seller catalogue; reported crawl age retained; not live stock or accepted quote"", ""seller"": ""DigiKey Germany"", ""url"": ""https://www.digikey.de/de/products/detail/texas-instruments/JFE150DBVR/18185049"", ""reported_crawl_age"": ""2026-10-09 blocked; preserve 2026-10-05 parent"", ""stock_observed"": null, ""live_stock"": null, ""moq_observed"": null, ""order_multiple_observed"": 1, ""retail_pack_size_observed"": null, ""factory_pack"": 3000, ""packaging"": ""Cut tape / bulk individual; no optional reeling"", ""manufacturer_lead_time_weeks_observed"": null, ""actual_dispatch_lead_time"": null, ""unit_price_net_eur_observed"": null, ""unit_price_gross_eur_scenario"": null, ""private_germany_route"": ""See seller_contracts; subject to acceptance and current inventory; no checkout performed"", ""delivered_cost_eur"": null, ""substitutes_qualified"": [], ""qualification_gaps"": [""Loss/leakage/temperature/excess-noise or production population not fully validated""], ""parent_register"": ""semiconductors_2026-10-05.yaml"", ""historical_net_eur_scenario"": 1.82}",
candidate_0019,Rsource,RC0603FR-073K3L,1,3300,ohm,0.01,Thick film,0603 / 1608,"{""power_w_at_70C"": 0.1, ""working_voltage_v"": 75, ""tcr_ppm_per_C"": 100}",../../research/procurement/architecture_parts_2026-10-09.yaml#parts/RC0603FR-073K3L,2026-10-09,https://yageogroup.com/component-documentation/download/specsheet/RC0603FR-073K3L,"{""exact_mpn"": ""RC0603FR-073K3L"", ""nominal"": 3300, ""unit"": ""ohm"", ""tolerance_fraction"": 0.01, ""technology"": ""Thick film"", ""package"": ""0603 / 1608"", ""ratings"": {""power_w_at_70C"": 0.1, ""working_voltage_v"": 75, ""tcr_ppm_per_C"": 100}, ""manufacturer_document"": ""https://yageogroup.com/component-documentation/download/specsheet/RC0603FR-073K3L"", ""manufacturer_lifecycle"": ""Documented production series; exact current notices/orderability require refresh"", ""observation_date"": ""2026-10-09"", ""evidence_kind"": ""Indexed primary seller catalogue; reported crawl age retained; not live stock or accepted quote"", ""seller"": ""DigiKey Germany"", ""url"": ""https://www.digikey.de/de/products/detail/yageo/RC0603FR-073K3L/727126"", ""reported_crawl_age"": ""4 weeks"", ""stock_observed"": 39395, ""live_stock"": null, ""moq_observed"": 1, ""order_multiple_observed"": 1, ""retail_pack_size_observed"": 1, ""factory_pack"": 5000, ""packaging"": ""Cut tape / bulk individual; no optional reeling"", ""manufacturer_lead_time_weeks_observed"": 17, ""actual_dispatch_lead_time"": null, ""unit_price_net_eur_observed"": 0.09, ""unit_price_gross_eur_scenario"": 0.1071, ""private_germany_route"": ""See seller_contracts; subject to acceptance and current inventory; no checkout performed"", ""delivered_cost_eur"": null, ""substitutes_qualified"": [], ""qualification_gaps"": [""Loss/leakage/temperature/excess-noise or production population not fully validated""]}",
candidate_0019,Caudio,R82EC4100DQ70J,1,1e-06,F,0.05,Metallized PET film R82,Radial 7.2 x 6 x 11.1mm; 5mm pitch,"{""voltage_dc_v"": 100, ""voltage_ac_v"": 63}",../../research/procurement/architecture_parts_2026-10-09.yaml#parts/R82EC4100DQ70J,2026-10-09,https://www.digikey.com/htmldatasheets/production/3447437/0/0/1/r82dc3680dq60j.pdf,"{""exact_mpn"": ""R82EC4100DQ70J"", ""nominal"": 1e-06, ""unit"": ""F"", ""tolerance_fraction"": 0.05, ""technology"": ""Metallized PET film R82"", ""package"": ""Radial 7.2 x 6 x 11.1mm; 5mm pitch"", ""ratings"": {""voltage_dc_v"": 100, ""voltage_ac_v"": 63}, ""manufacturer_document"": ""https://www.digikey.com/htmldatasheets/production/3447437/0/0/1/r82dc3680dq60j.pdf"", ""manufacturer_lifecycle"": ""Documented production series; exact current notices/orderability require refresh"", ""observation_date"": ""2026-10-09"", ""evidence_kind"": ""Indexed primary seller catalogue; reported crawl age retained; not live stock or accepted quote"", ""seller"": ""DigiKey Germany"", ""url"": ""https://www.digikey.de/de/products/detail/kemet/R82EC4100DQ70J/1930809"", ""reported_crawl_age"": ""3 weeks"", ""stock_observed"": 314884, ""live_stock"": null, ""moq_observed"": 1, ""order_multiple_observed"": 1, ""retail_pack_size_observed"": 1, ""factory_pack"": 1400, ""packaging"": ""Cut tape / bulk individual; no optional reeling"", ""manufacturer_lead_time_weeks_observed"": 26, ""actual_dispatch_lead_time"": null, ""unit_price_net_eur_observed"": 0.78, ""unit_price_gross_eur_scenario"": 0.9282, ""private_germany_route"": ""See seller_contracts; subject to acceptance and current inventory; no checkout performed"", ""delivered_cost_eur"": null, ""substitutes_qualified"": [], ""qualification_gaps"": [""Loss/leakage/temperature/excess-noise or production population not fully validated""]}",
candidate_0019,Rsignal,RC0603FR-071ML,1,1000000,ohm,0.01,Thick film,0603 / 1608,"{""power_w_at_70C"": 0.1, ""working_voltage_v"": 75, ""tcr_ppm_per_C"": 100}",../../research/procurement/architecture_parts_2026-10-09.yaml#parts/RC0603FR-071ML,2026-10-09,https://yageogroup.com/component-documentation/download/specsheet/RC0603FR-071ML,"{""exact_mpn"": ""RC0603FR-071ML"", ""nominal"": 1000000, ""unit"": ""ohm"", ""tolerance_fraction"": 0.01, ""technology"": ""Thick film"", ""package"": ""0603 / 1608"", ""ratings"": {""power_w_at_70C"": 0.1, ""working_voltage_v"": 75, ""tcr_ppm_per_C"": 100}, ""manufacturer_document"": ""https://yageogroup.com/component-documentation/download/specsheet/RC0603FR-071ML"", ""manufacturer_lifecycle"": ""Documented production series; exact current notices/orderability require refresh"", ""observation_date"": ""2026-10-09"", ""evidence_kind"": ""Indexed primary seller catalogue; reported crawl age retained; not live stock or accepted quote"", ""seller"": ""DigiKey Germany"", ""url"": ""https://www.digikey.de/de/products/detail/yageo/RC0603FR-071ML/729791"", ""reported_crawl_age"": ""last week"", ""stock_observed"": 1566554, ""live_stock"": null, ""moq_observed"": 1, ""order_multiple_observed"": 1, ""retail_pack_size_observed"": 1, ""factory_pack"": 5000, ""packaging"": ""Cut tape / bulk individual; no optional reeling"", ""manufacturer_lead_time_weeks_observed"": 22, ""actual_dispatch_lead_time"": null, ""unit_price_net_eur_observed"": 0.09, ""unit_price_gross_eur_scenario"": 0.1071, ""private_germany_route"": ""See seller_contracts; subject to acceptance and current inventory; no checkout performed"", ""delivered_cost_eur"": null, ""substitutes_qualified"": [], ""qualification_gaps"": [""Loss/leakage/temperature/excess-noise or production population not fully validated""], ""conflicting_observation"": ""Different catalogue alias/older snapshot has different inventory; do not infer live stock""}",
candidate_0019,Routp,RC0603FR-0747RL,1,47,ohm,0.01,Thick film,0603 / 1608,"{""power_w_at_70C"": 0.1, ""working_voltage_v"": 75, ""tcr_ppm_per_C"": 100}",../../research/procurement/architecture_parts_2026-10-09.yaml#parts/RC0603FR-0747RL,2026-10-09,https://yageogroup.com/component-documentation/download/specsheet/RC0603FR-0747RL,"{""exact_mpn"": ""RC0603FR-0747RL"", ""nominal"": 47, ""unit"": ""ohm"", ""tolerance_fraction"": 0.01, ""technology"": ""Thick film"", ""package"": ""0603 / 1608"", ""ratings"": {""power_w_at_70C"": 0.1, ""working_voltage_v"": 75, ""tcr_ppm_per_C"": 100}, ""manufacturer_document"": ""https://yageogroup.com/component-documentation/download/specsheet/RC0603FR-0747RL"", ""manufacturer_lifecycle"": ""Documented production series; exact current notices/orderability require refresh"", ""observation_date"": ""2026-10-09"", ""evidence_kind"": ""Indexed primary seller catalogue; reported crawl age retained; not live stock or accepted quote"", ""seller"": ""DigiKey Germany"", ""url"": ""https://www.digikey.de/de/products/detail/yageo/RC0603FR-0747RL/727252"", ""reported_crawl_age"": ""2 weeks"", ""stock_observed"": 543536, ""live_stock"": null, ""moq_observed"": 1, ""order_multiple_observed"": 1, ""retail_pack_size_observed"": 1, ""factory_pack"": 5000, ""packaging"": ""Cut tape / bulk individual; no optional reeling"", ""manufacturer_lead_time_weeks_observed"": 17, ""actual_dispatch_lead_time"": null, ""unit_price_net_eur_observed"": 0.09, ""unit_price_gross_eur_scenario"": 0.1071, ""private_germany_route"": ""See seller_contracts; subject to acceptance and current inventory; no checkout performed"", ""delivered_cost_eur"": null, ""substitutes_qualified"": [], ""qualification_gaps"": [""Loss/leakage/temperature/excess-noise or production population not fully validated""]}",
candidate_0019,Routn,RC0603FR-0747RL,1,47,ohm,0.01,Thick film,0603 / 1608,"{""power_w_at_70C"": 0.1, ""working_voltage_v"": 75, ""tcr_ppm_per_C"": 100}",../../research/procurement/architecture_parts_2026-10-09.yaml#parts/RC0603FR-0747RL,2026-10-09,https://yageogroup.com/component-documentation/download/specsheet/RC0603FR-0747RL,"{""exact_mpn"": ""RC0603FR-0747RL"", ""nominal"": 47, ""unit"": ""ohm"", ""tolerance_fraction"": 0.01, ""technology"": ""Thick film"", ""package"": ""0603 / 1608"", ""ratings"": {""power_w_at_70C"": 0.1, ""working_voltage_v"": 75, ""tcr_ppm_per_C"": 100}, ""manufacturer_document"": ""https://yageogroup.com/component-documentation/download/specsheet/RC0603FR-0747RL"", ""manufacturer_lifecycle"": ""Documented production series; exact current notices/orderability require refresh"", ""observation_date"": ""2026-10-09"", ""evidence_kind"": ""Indexed primary seller catalogue; reported crawl age retained; not live stock or accepted quote"", ""seller"": ""DigiKey Germany"", ""url"": ""https://www.digikey.de/de/products/detail/yageo/RC0603FR-0747RL/727252"", ""reported_crawl_age"": ""2 weeks"", ""stock_observed"": 543536, ""live_stock"": null, ""moq_observed"": 1, ""order_multiple_observed"": 1, ""retail_pack_size_observed"": 1, ""factory_pack"": 5000, ""packaging"": ""Cut tape / bulk individual; no optional reeling"", ""manufacturer_lead_time_weeks_observed"": 17, ""actual_dispatch_lead_time"": null, ""unit_price_net_eur_observed"": 0.09, ""unit_price_gross_eur_scenario"": 0.1071, ""private_germany_route"": ""See seller_contracts; subject to acceptance and current inventory; no checkout performed"", ""delivered_cost_eur"": null, ""substitutes_qualified"": [], ""qualification_gaps"": [""Loss/leakage/temperature/excess-noise or production population not fully validated""]}",
candidate_0019,Qoutp,"BC846B,215",1,BC846B,device,,NPN bipolar,SOT-23,"{""vceo_v"": 65, ""ic_a"": 0.1, ""note"": ""Package power/SOA and maximum temperature require mounting-specific evaluation""}","../../research/procurement/architecture_parts_2026-10-09.yaml#parts/BC846B,215",2026-10-09,https://assets.nexperia.com/documents/data-sheet/BC846_SER.pdf,"{""exact_mpn"": ""BC846B,215"", ""nominal"": ""BC846B"", ""unit"": ""device"", ""tolerance_fraction"": null, ""technology"": ""NPN bipolar"", ""package"": ""SOT-23"", ""ratings"": {""vceo_v"": 65, ""ic_a"": 0.1, ""note"": ""Package power/SOA and maximum temperature require mounting-specific evaluation""}, ""manufacturer_document"": ""https://assets.nexperia.com/documents/data-sheet/BC846_SER.pdf"", ""manufacturer_lifecycle"": ""Documented production series; exact current notices/orderability require refresh"", ""observation_date"": ""2026-10-09"", ""evidence_kind"": ""Indexed primary seller catalogue; reported crawl age retained; not live stock or accepted quote"", ""seller"": ""TME Germany"", ""url"": ""https://www.tme.eu/de/details/bc846b.215/npn-smd-transistoren/nexperia/bc846b-215/"", ""reported_crawl_age"": ""product2 months; group1 week"", ""stock_observed"": 178360, ""live_stock"": null, ""moq_observed"": 1, ""order_multiple_observed"": 1, ""retail_pack_size_observed"": 1, ""factory_pack"": 3000, ""packaging"": ""Cut tape / bulk individual; no optional reeling"", ""manufacturer_lead_time_weeks_observed"": null, ""actual_dispatch_lead_time"": null, ""unit_price_net_eur_observed"": 0.08, ""unit_price_gross_eur_scenario"": 0.0952, ""private_germany_route"": ""See seller_contracts; subject to acceptance and current inventory; no checkout performed"", ""delivered_cost_eur"": null, ""substitutes_qualified"": [], ""qualification_gaps"": [""Loss/leakage/temperature/excess-noise or production population not fully validated""], ""price_and_inventory_limit"": ""TME product/group conflict; net EUR0.08\u20130.09, gross rounded0.09\u20130.11; calculation0.08 is a labelled lower observed-price scenario, not invoice price""}",
candidate_0019,Qinvert,"BC846B,215",1,BC846B,device,,NPN bipolar,SOT-23,"{""vceo_v"": 65, ""ic_a"": 0.1, ""note"": ""Package power/SOA and maximum temperature require mounting-specific evaluation""}","../../research/procurement/architecture_parts_2026-10-09.yaml#parts/BC846B,215",2026-10-09,https://assets.nexperia.com/documents/data-sheet/BC846_SER.pdf,"{""exact_mpn"": ""BC846B,215"", ""nominal"": ""BC846B"", ""unit"": ""device"", ""tolerance_fraction"": null, ""technology"": ""NPN bipolar"", ""package"": ""SOT-23"", ""ratings"": {""vceo_v"": 65, ""ic_a"": 0.1, ""note"": ""Package power/SOA and maximum temperature require mounting-specific evaluation""}, ""manufacturer_document"": ""https://assets.nexperia.com/documents/data-sheet/BC846_SER.pdf"", ""manufacturer_lifecycle"": ""Documented production series; exact current notices/orderability require refresh"", ""observation_date"": ""2026-10-09"", ""evidence_kind"": ""Indexed primary seller catalogue; reported crawl age retained; not live stock or accepted quote"", ""seller"": ""TME Germany"", ""url"": ""https://www.tme.eu/de/details/bc846b.215/npn-smd-transistoren/nexperia/bc846b-215/"", ""reported_crawl_age"": ""product2 months; group1 week"", ""stock_observed"": 178360, ""live_stock"": null, ""moq_observed"": 1, ""order_multiple_observed"": 1, ""retail_pack_size_observed"": 1, ""factory_pack"": 3000, ""packaging"": ""Cut tape / bulk individual; no optional reeling"", ""manufacturer_lead_time_weeks_observed"": null, ""actual_dispatch_lead_time"": null, ""unit_price_net_eur_observed"": 0.08, ""unit_price_gross_eur_scenario"": 0.0952, ""private_germany_route"": ""See seller_contracts; subject to acceptance and current inventory; no checkout performed"", ""delivered_cost_eur"": null, ""substitutes_qualified"": [], ""qualification_gaps"": [""Loss/leakage/temperature/excess-noise or production population not fully validated""], ""price_and_inventory_limit"": ""TME product/group conflict; net EUR0.08\u20130.09, gross rounded0.09\u20130.11; calculation0.08 is a labelled lower observed-price scenario, not invoice price""}",
candidate_0019,Rinvemitter,AC0603FR-0710KL,1,10000,ohm,0.01,Thick film,0603 / 1608,"{""power_w_at_70C"": 0.1, ""working_voltage_v"": 75, ""tcr_ppm_per_C"": 100}",../../research/procurement/architecture_parts_2026-10-09.yaml#parts/AC0603FR-0710KL,2026-10-09,https://yageogroup.com/component-documentation/download/specsheet/AC0603FR-0710KL,"{""exact_mpn"": ""AC0603FR-0710KL"", ""nominal"": 10000, ""unit"": ""ohm"", ""tolerance_fraction"": 0.01, ""technology"": ""Thick film"", ""package"": ""0603 / 1608"", ""ratings"": {""power_w_at_70C"": 0.1, ""working_voltage_v"": 75, ""tcr_ppm_per_C"": 100}, ""manufacturer_document"": ""https://yageogroup.com/component-documentation/download/specsheet/AC0603FR-0710KL"", ""manufacturer_lifecycle"": ""Documented production series; exact current notices/orderability require refresh"", ""observation_date"": ""2026-10-09"", ""evidence_kind"": ""Indexed primary seller catalogue; reported crawl age retained; not live stock or accepted quote"", ""seller"": ""DigiKey Germany"", ""url"": ""https://www.digikey.de/de/products/detail/yageo/AC0603FR-0710KL/2828135"", ""reported_crawl_age"": ""last week"", ""stock_observed"": 1303493, ""live_stock"": null, ""moq_observed"": 1, ""order_multiple_observed"": 1, ""retail_pack_size_observed"": 1, ""factory_pack"": 5000, ""packaging"": ""Cut tape / bulk individual; no optional reeling"", ""manufacturer_lead_time_weeks_observed"": 22, ""actual_dispatch_lead_time"": null, ""unit_price_net_eur_observed"": 0.09, ""unit_price_gross_eur_scenario"": 0.1071, ""private_germany_route"": ""See seller_contracts; subject to acceptance and current inventory; no checkout performed"", ""delivered_cost_eur"": null, ""substitutes_qualified"": [], ""qualification_gaps"": [""Loss/leakage/temperature/excess-noise or production population not fully validated""], ""conflicting_observation"": ""Other catalogue alias shows backorder; exact current shared inventory unconfirmed""}",
candidate_0019,Rinvcollector,AC0603FR-0710KL,1,10000,ohm,0.01,Thick film,0603 / 1608,"{""power_w_at_70C"": 0.1, ""working_voltage_v"": 75, ""tcr_ppm_per_C"": 100}",../../research/procurement/architecture_parts_2026-10-09.yaml#parts/AC0603FR-0710KL,2026-10-09,https://yageogroup.com/component-documentation/download/specsheet/AC0603FR-0710KL,"{""exact_mpn"": ""AC0603FR-0710KL"", ""nominal"": 10000, ""unit"": ""ohm"", ""tolerance_fraction"": 0.01, ""technology"": ""Thick film"", ""package"": ""0603 / 1608"", ""ratings"": {""power_w_at_70C"": 0.1, ""working_voltage_v"": 75, ""tcr_ppm_per_C"": 100}, ""manufacturer_document"": ""https://yageogroup.com/component-documentation/download/specsheet/AC0603FR-0710KL"", ""manufacturer_lifecycle"": ""Documented production series; exact current notices/orderability require refresh"", ""observation_date"": ""2026-10-09"", ""evidence_kind"": ""Indexed primary seller catalogue; reported crawl age retained; not live stock or accepted quote"", ""seller"": ""DigiKey Germany"", ""url"": ""https://www.digikey.de/de/products/detail/yageo/AC0603FR-0710KL/2828135"", ""reported_crawl_age"": ""last week"", ""stock_observed"": 1303493, ""live_stock"": null, ""moq_observed"": 1, ""order_multiple_observed"": 1, ""retail_pack_size_observed"": 1, ""factory_pack"": 5000, ""packaging"": ""Cut tape / bulk individual; no optional reeling"", ""manufacturer_lead_time_weeks_observed"": 22, ""actual_dispatch_lead_time"": null, ""unit_price_net_eur_observed"": 0.09, ""unit_price_gross_eur_scenario"": 0.1071, ""private_germany_route"": ""See seller_contracts; subject to acceptance and current inventory; no checkout performed"", ""delivered_cost_eur"": null, ""substitutes_qualified"": [], ""qualification_gaps"": [""Loss/leakage/temperature/excess-noise or production population not fully validated""], ""conflicting_observation"": ""Other catalogue alias shows backorder; exact current shared inventory unconfirmed""}",
candidate_0019,Qoutn,"BC846B,215",1,BC846B,device,,NPN bipolar,SOT-23,"{""vceo_v"": 65, ""ic_a"": 0.1, ""note"": ""Package power/SOA and maximum temperature require mounting-specific evaluation""}","../../research/procurement/architecture_parts_2026-10-09.yaml#parts/BC846B,215",2026-10-09,https://assets.nexperia.com/documents/data-sheet/BC846_SER.pdf,"{""exact_mpn"": ""BC846B,215"", ""nominal"": ""BC846B"", ""unit"": ""device"", ""tolerance_fraction"": null, ""technology"": ""NPN bipolar"", ""package"": ""SOT-23"", ""ratings"": {""vceo_v"": 65, ""ic_a"": 0.1, ""note"": ""Package power/SOA and maximum temperature require mounting-specific evaluation""}, ""manufacturer_document"": ""https://assets.nexperia.com/documents/data-sheet/BC846_SER.pdf"", ""manufacturer_lifecycle"": ""Documented production series; exact current notices/orderability require refresh"", ""observation_date"": ""2026-10-09"", ""evidence_kind"": ""Indexed primary seller catalogue; reported crawl age retained; not live stock or accepted quote"", ""seller"": ""TME Germany"", ""url"": ""https://www.tme.eu/de/details/bc846b.215/npn-smd-transistoren/nexperia/bc846b-215/"", ""reported_crawl_age"": ""product2 months; group1 week"", ""stock_observed"": 178360, ""live_stock"": null, ""moq_observed"": 1, ""order_multiple_observed"": 1, ""retail_pack_size_observed"": 1, ""factory_pack"": 3000, ""packaging"": ""Cut tape / bulk individual; no optional reeling"", ""manufacturer_lead_time_weeks_observed"": null, ""actual_dispatch_lead_time"": null, ""unit_price_net_eur_observed"": 0.08, ""unit_price_gross_eur_scenario"": 0.0952, ""private_germany_route"": ""See seller_contracts; subject to acceptance and current inventory; no checkout performed"", ""delivered_cost_eur"": null, ""substitutes_qualified"": [], ""qualification_gaps"": [""Loss/leakage/temperature/excess-noise or production population not fully validated""], ""price_and_inventory_limit"": ""TME product/group conflict; net EUR0.08\u20130.09, gross rounded0.09\u20130.11; calculation0.08 is a labelled lower observed-price scenario, not invoice price""}",
candidate_0019,Routloadp,AC0603FR-0710KL,1,10000,ohm,0.01,Thick film,0603 / 1608,"{""power_w_at_70C"": 0.1, ""working_voltage_v"": 75, ""tcr_ppm_per_C"": 100}",../../research/procurement/architecture_parts_2026-10-09.yaml#parts/AC0603FR-0710KL,2026-10-09,https://yageogroup.com/component-documentation/download/specsheet/AC0603FR-0710KL,"{""exact_mpn"": ""AC0603FR-0710KL"", ""nominal"": 10000, ""unit"": ""ohm"", ""tolerance_fraction"": 0.01, ""technology"": ""Thick film"", ""package"": ""0603 / 1608"", ""ratings"": {""power_w_at_70C"": 0.1, ""working_voltage_v"": 75, ""tcr_ppm_per_C"": 100}, ""manufacturer_document"": ""https://yageogroup.com/component-documentation/download/specsheet/AC0603FR-0710KL"", ""manufacturer_lifecycle"": ""Documented production series; exact current notices/orderability require refresh"", ""observation_date"": ""2026-10-09"", ""evidence_kind"": ""Indexed primary seller catalogue; reported crawl age retained; not live stock or accepted quote"", ""seller"": ""DigiKey Germany"", ""url"": ""https://www.digikey.de/de/products/detail/yageo/AC0603FR-0710KL/2828135"", ""reported_crawl_age"": ""last week"", ""stock_observed"": 1303493, ""live_stock"": null, ""moq_observed"": 1, ""order_multiple_observed"": 1, ""retail_pack_size_observed"": 1, ""factory_pack"": 5000, ""packaging"": ""Cut tape / bulk individual; no optional reeling"", ""manufacturer_lead_time_weeks_observed"": 22, ""actual_dispatch_lead_time"": null, ""unit_price_net_eur_observed"": 0.09, ""unit_price_gross_eur_scenario"": 0.1071, ""private_germany_route"": ""See seller_contracts; subject to acceptance and current inventory; no checkout performed"", ""delivered_cost_eur"": null, ""substitutes_qualified"": [], ""qualification_gaps"": [""Loss/leakage/temperature/excess-noise or production population not fully validated""], ""conflicting_observation"": ""Other catalogue alias shows backorder; exact current shared inventory unconfirmed""}",
candidate_0019,Routloadn,AC0603FR-0710KL,1,10000,ohm,0.01,Thick film,0603 / 1608,"{""power_w_at_70C"": 0.1, ""working_voltage_v"": 75, ""tcr_ppm_per_C"": 100}",../../research/procurement/architecture_parts_2026-10-09.yaml#parts/AC0603FR-0710KL,2026-10-09,https://yageogroup.com/component-documentation/download/specsheet/AC0603FR-0710KL,"{""exact_mpn"": ""AC0603FR-0710KL"", ""nominal"": 10000, ""unit"": ""ohm"", ""tolerance_fraction"": 0.01, ""technology"": ""Thick film"", ""package"": ""0603 / 1608"", ""ratings"": {""power_w_at_70C"": 0.1, ""working_voltage_v"": 75, ""tcr_ppm_per_C"": 100}, ""manufacturer_document"": ""https://yageogroup.com/component-documentation/download/specsheet/AC0603FR-0710KL"", ""manufacturer_lifecycle"": ""Documented production series; exact current notices/orderability require refresh"", ""observation_date"": ""2026-10-09"", ""evidence_kind"": ""Indexed primary seller catalogue; reported crawl age retained; not live stock or accepted quote"", ""seller"": ""DigiKey Germany"", ""url"": ""https://www.digikey.de/de/products/detail/yageo/AC0603FR-0710KL/2828135"", ""reported_crawl_age"": ""last week"", ""stock_observed"": 1303493, ""live_stock"": null, ""moq_observed"": 1, ""order_multiple_observed"": 1, ""retail_pack_size_observed"": 1, ""factory_pack"": 5000, ""packaging"": ""Cut tape / bulk individual; no optional reeling"", ""manufacturer_lead_time_weeks_observed"": 22, ""actual_dispatch_lead_time"": null, ""unit_price_net_eur_observed"": 0.09, ""unit_price_gross_eur_scenario"": 0.1071, ""private_germany_route"": ""See seller_contracts; subject to acceptance and current inventory; no checkout performed"", ""delivered_cost_eur"": null, ""substitutes_qualified"": [], ""qualification_gaps"": [""Loss/leakage/temperature/excess-noise or production population not fully validated""], ""conflicting_observation"": ""Other catalogue alias shows backorder; exact current shared inventory unconfirmed""}",
candidate_0019,Cbackfilter,R82EC3100DQ70J,1,1e-07,F,0.05,Metallized PET film R82,Radial 7.2 x 2.5 x 6.6mm; 5mm pitch,"{""voltage_dc_v"": 100}",../../research/procurement/architecture_parts_2026-10-09.yaml#parts/R82EC3100DQ70J,2026-10-09,https://www.digikey.com/htmldatasheets/production/3447437/0/0/1/r82dc3680dq60j.pdf,"{""exact_mpn"": ""R82EC3100DQ70J"", ""nominal"": 1e-07, ""unit"": ""F"", ""tolerance_fraction"": 0.05, ""technology"": ""Metallized PET film R82"", ""package"": ""Radial 7.2 x 2.5 x 6.6mm; 5mm pitch"", ""ratings"": {""voltage_dc_v"": 100}, ""manufacturer_document"": ""https://www.digikey.com/htmldatasheets/production/3447437/0/0/1/r82dc3680dq60j.pdf"", ""manufacturer_lifecycle"": ""Documented production series; exact current notices/orderability require refresh"", ""observation_date"": ""2026-10-09"", ""evidence_kind"": ""Indexed primary seller catalogue; reported crawl age retained; not live stock or accepted quote"", ""seller"": ""DigiKey Germany"", ""url"": ""https://www.digikey.de/en/products/detail/kemet/R82EC3100DQ70J/1930807"", ""reported_crawl_age"": ""German exact price unavailable"", ""stock_observed"": null, ""live_stock"": null, ""moq_observed"": 1, ""order_multiple_observed"": 1, ""retail_pack_size_observed"": 1, ""factory_pack"": null, ""packaging"": ""Cut tape / bulk individual; no optional reeling"", ""manufacturer_lead_time_weeks_observed"": 26, ""actual_dispatch_lead_time"": null, ""unit_price_net_eur_observed"": null, ""unit_price_gross_eur_scenario"": null, ""private_germany_route"": ""See seller_contracts; subject to acceptance and current inventory; no checkout performed"", ""delivered_cost_eur"": null, ""substitutes_qualified"": [], ""qualification_gaps"": [""Loss/leakage/temperature/excess-noise or production population not fully validated""], ""other_territory_observation"": {""seller"": ""DigiKey US"", ""stock"": 64236, ""crawl_age"": ""yesterday"", ""unit_price_usd"": 0.34, ""limitation"": ""Same exact MPN catalogue evidence only; not a German EUR quote or live Germany inventory""}}",
candidate_0019,Coutp0,EEU-FR1J470,1,4.7e-05,F,0.2,Polar aluminium electrolytic FR-A,Radial 6.3 x 12.7mm; 2.5mm pitch,"{""voltage_v"": 63, ""temperature_C"": 105, ""life_hours_at_105C"": 5000}",../../research/procurement/robust_parts_2026-10-09.yaml#part,2026-10-09,,"{""exact_mpn"": ""EEU-FR1J470"", ""nominal"": 4.7e-05, ""unit"": ""F"", ""tolerance_fraction"": 0.2, ""technology"": ""Polar aluminium electrolytic FR-A"", ""package"": ""Radial 6.3 x 12.7mm; 2.5mm pitch"", ""ratings"": {""voltage_v"": 63, ""temperature_C"": 105, ""life_hours_at_105C"": 5000}, ""manufacturer_document"": null, ""manufacturer_lifecycle"": ""Documented production series; exact current notices/orderability require refresh"", ""observation_date"": ""2026-10-09"", ""evidence_kind"": ""Indexed primary seller catalogue; reported crawl age retained; not live stock or accepted quote"", ""seller"": ""DigiKey Germany"", ""url"": ""https://www.digikey.de/de/products/detail/panasonic-electronic-components/EEU-FR1J470/3072280"", ""reported_crawl_age"": ""4 months"", ""stock_observed"": 68724, ""live_stock"": null, ""moq_observed"": 1, ""order_multiple_observed"": 1, ""retail_pack_size_observed"": 1, ""factory_pack"": null, ""packaging"": ""Cut tape / bulk individual; no optional reeling"", ""manufacturer_lead_time_weeks_observed"": 31, ""actual_dispatch_lead_time"": null, ""unit_price_net_eur_observed"": 0.4, ""unit_price_gross_eur_scenario"": 0.476, ""private_germany_route"": ""See seller_contracts; subject to acceptance and current inventory; no checkout performed"", ""delivered_cost_eur"": null, ""substitutes_qualified"": [], ""qualification_gaps"": [""Loss/leakage/temperature/excess-noise or production population not fully validated""], ""evidence_limit"": ""Older German stock/price; frequency/temperature ESR, leakage, reversal and startup stress remain unqualified. No live stock inference.""}","{""exact_mpn"": ""EEU-FR1J470"", ""manufacturer"": ""Panasonic"", ""nominal_f"": 4.7e-05, ""tolerance_fraction"": 0.2, ""voltage_v"": 63, ""technology"": ""Polar aluminum electrolytic FR-A"", ""package"": ""Radial 6.3mm diameter, 11.2mm body, 2.5mm pitch"", ""primary_url"": ""https://industrial.panasonic.com/ww/products/pt/aluminum-cap-lead/models/EEUFR1J470"", ""manufacturer_document"": ""https://industrial.panasonic.com/cdbs/www-data/pdf/RDF0000/ABA0000C1259.pdf"", ""datasheet_version"": ""01-Sep-25"", ""temperature_c"": [-40, 105], ""tan_delta_max_at_120hz_20c"": 0.09, ""leakage_max_a_at_63v_20c_after_2min"": 2.96e-05, ""supplier_url"": ""https://www.digikey.de/en/products/detail/panasonic-industry/EEU-FR1J470/3072280"", ""supplier"": ""DigiKey Germany"", ""manufacturer_lifecycle"": ""Current primary product listing; supplier Active observation"", ""stock_observed"": 65991, ""reported_crawl_age"": ""4 months"", ""live_stock"": null, ""direct_retrieval"": ""Failed internal error; preserved observation, no accepted quote"", ""moq_observed"": 1, ""order_multiple_observed"": 1, ""retail_pack_size_observed"": 1, ""factory_pack_not_ordered"": 5000, ""actual_dispatch_lead_time"": null, ""manufacturer_lead_time"": null, ""private_germany_route"": ""Parent seller_contracts/digikey public consumer EUR terms; subject to acceptance, no checkout/contact"", ""unit_price_net_eur_scenario"": 0.4, ""vat_fraction_scenario"": 0.19, ""unit_price_gross_eur_scenario"": 0.476, ""price_tax_basis"": ""Retain parent's net-price interpretation as scenario, not invoice confirmation"", ""shipping_eur_per_basket_scenario"": [25, 29.75], ""shipping_tax_basis"": ""Parent public EUR25 summary may be gross or net; neither accepted quote"", ""import_payment_fees_eur"": null, ""confirmed_delivered_eur"": null, ""substitutes_qualified"": []}"
candidate_0019,Coutp1,EEU-FR1J470,1,4.7e-05,F,0.2,Polar aluminium electrolytic FR-A,Radial 6.3 x 12.7mm; 2.5mm pitch,"{""voltage_v"": 63, ""temperature_C"": 105, ""life_hours_at_105C"": 5000}",../../research/procurement/robust_parts_2026-10-09.yaml#part,2026-10-09,,"{""exact_mpn"": ""EEU-FR1J470"", ""nominal"": 4.7e-05, ""unit"": ""F"", ""tolerance_fraction"": 0.2, ""technology"": ""Polar aluminium electrolytic FR-A"", ""package"": ""Radial 6.3 x 12.7mm; 2.5mm pitch"", ""ratings"": {""voltage_v"": 63, ""temperature_C"": 105, ""life_hours_at_105C"": 5000}, ""manufacturer_document"": null, ""manufacturer_lifecycle"": ""Documented production series; exact current notices/orderability require refresh"", ""observation_date"": ""2026-10-09"", ""evidence_kind"": ""Indexed primary seller catalogue; reported crawl age retained; not live stock or accepted quote"", ""seller"": ""DigiKey Germany"", ""url"": ""https://www.digikey.de/de/products/detail/panasonic-electronic-components/EEU-FR1J470/3072280"", ""reported_crawl_age"": ""4 months"", ""stock_observed"": 68724, ""live_stock"": null, ""moq_observed"": 1, ""order_multiple_observed"": 1, ""retail_pack_size_observed"": 1, ""factory_pack"": null, ""packaging"": ""Cut tape / bulk individual; no optional reeling"", ""manufacturer_lead_time_weeks_observed"": 31, ""actual_dispatch_lead_time"": null, ""unit_price_net_eur_observed"": 0.4, ""unit_price_gross_eur_scenario"": 0.476, ""private_germany_route"": ""See seller_contracts; subject to acceptance and current inventory; no checkout performed"", ""delivered_cost_eur"": null, ""substitutes_qualified"": [], ""qualification_gaps"": [""Loss/leakage/temperature/excess-noise or production population not fully validated""], ""evidence_limit"": ""Older German stock/price; frequency/temperature ESR, leakage, reversal and startup stress remain unqualified. No live stock inference.""}","{""exact_mpn"": ""EEU-FR1J470"", ""manufacturer"": ""Panasonic"", ""nominal_f"": 4.7e-05, ""tolerance_fraction"": 0.2, ""voltage_v"": 63, ""technology"": ""Polar aluminum electrolytic FR-A"", ""package"": ""Radial 6.3mm diameter, 11.2mm body, 2.5mm pitch"", ""primary_url"": ""https://industrial.panasonic.com/ww/products/pt/aluminum-cap-lead/models/EEUFR1J470"", ""manufacturer_document"": ""https://industrial.panasonic.com/cdbs/www-data/pdf/RDF0000/ABA0000C1259.pdf"", ""datasheet_version"": ""01-Sep-25"", ""temperature_c"": [-40, 105], ""tan_delta_max_at_120hz_20c"": 0.09, ""leakage_max_a_at_63v_20c_after_2min"": 2.96e-05, ""supplier_url"": ""https://www.digikey.de/en/products/detail/panasonic-industry/EEU-FR1J470/3072280"", ""supplier"": ""DigiKey Germany"", ""manufacturer_lifecycle"": ""Current primary product listing; supplier Active observation"", ""stock_observed"": 65991, ""reported_crawl_age"": ""4 months"", ""live_stock"": null, ""direct_retrieval"": ""Failed internal error; preserved observation, no accepted quote"", ""moq_observed"": 1, ""order_multiple_observed"": 1, ""retail_pack_size_observed"": 1, ""factory_pack_not_ordered"": 5000, ""actual_dispatch_lead_time"": null, ""manufacturer_lead_time"": null, ""private_germany_route"": ""Parent seller_contracts/digikey public consumer EUR terms; subject to acceptance, no checkout/contact"", ""unit_price_net_eur_scenario"": 0.4, ""vat_fraction_scenario"": 0.19, ""unit_price_gross_eur_scenario"": 0.476, ""price_tax_basis"": ""Retain parent's net-price interpretation as scenario, not invoice confirmation"", ""shipping_eur_per_basket_scenario"": [25, 29.75], ""shipping_tax_basis"": ""Parent public EUR25 summary may be gross or net; neither accepted quote"", ""import_payment_fees_eur"": null, ""confirmed_delivered_eur"": null, ""substitutes_qualified"": []}"
candidate_0019,Coutp2,EEU-FR1J470,1,4.7e-05,F,0.2,Polar aluminium electrolytic FR-A,Radial 6.3 x 12.7mm; 2.5mm pitch,"{""voltage_v"": 63, ""temperature_C"": 105, ""life_hours_at_105C"": 5000}",../../research/procurement/robust_parts_2026-10-09.yaml#part,2026-10-09,,"{""exact_mpn"": ""EEU-FR1J470"", ""nominal"": 4.7e-05, ""unit"": ""F"", ""tolerance_fraction"": 0.2, ""technology"": ""Polar aluminium electrolytic FR-A"", ""package"": ""Radial 6.3 x 12.7mm; 2.5mm pitch"", ""ratings"": {""voltage_v"": 63, ""temperature_C"": 105, ""life_hours_at_105C"": 5000}, ""manufacturer_document"": null, ""manufacturer_lifecycle"": ""Documented production series; exact current notices/orderability require refresh"", ""observation_date"": ""2026-10-09"", ""evidence_kind"": ""Indexed primary seller catalogue; reported crawl age retained; not live stock or accepted quote"", ""seller"": ""DigiKey Germany"", ""url"": ""https://www.digikey.de/de/products/detail/panasonic-electronic-components/EEU-FR1J470/3072280"", ""reported_crawl_age"": ""4 months"", ""stock_observed"": 68724, ""live_stock"": null, ""moq_observed"": 1, ""order_multiple_observed"": 1, ""retail_pack_size_observed"": 1, ""factory_pack"": null, ""packaging"": ""Cut tape / bulk individual; no optional reeling"", ""manufacturer_lead_time_weeks_observed"": 31, ""actual_dispatch_lead_time"": null, ""unit_price_net_eur_observed"": 0.4, ""unit_price_gross_eur_scenario"": 0.476, ""private_germany_route"": ""See seller_contracts; subject to acceptance and current inventory; no checkout performed"", ""delivered_cost_eur"": null, ""substitutes_qualified"": [], ""qualification_gaps"": [""Loss/leakage/temperature/excess-noise or production population not fully validated""], ""evidence_limit"": ""Older German stock/price; frequency/temperature ESR, leakage, reversal and startup stress remain unqualified. No live stock inference.""}","{""exact_mpn"": ""EEU-FR1J470"", ""manufacturer"": ""Panasonic"", ""nominal_f"": 4.7e-05, ""tolerance_fraction"": 0.2, ""voltage_v"": 63, ""technology"": ""Polar aluminum electrolytic FR-A"", ""package"": ""Radial 6.3mm diameter, 11.2mm body, 2.5mm pitch"", ""primary_url"": ""https://industrial.panasonic.com/ww/products/pt/aluminum-cap-lead/models/EEUFR1J470"", ""manufacturer_document"": ""https://industrial.panasonic.com/cdbs/www-data/pdf/RDF0000/ABA0000C1259.pdf"", ""datasheet_version"": ""01-Sep-25"", ""temperature_c"": [-40, 105], ""tan_delta_max_at_120hz_20c"": 0.09, ""leakage_max_a_at_63v_20c_after_2min"": 2.96e-05, ""supplier_url"": ""https://www.digikey.de/en/products/detail/panasonic-industry/EEU-FR1J470/3072280"", ""supplier"": ""DigiKey Germany"", ""manufacturer_lifecycle"": ""Current primary product listing; supplier Active observation"", ""stock_observed"": 65991, ""reported_crawl_age"": ""4 months"", ""live_stock"": null, ""direct_retrieval"": ""Failed internal error; preserved observation, no accepted quote"", ""moq_observed"": 1, ""order_multiple_observed"": 1, ""retail_pack_size_observed"": 1, ""factory_pack_not_ordered"": 5000, ""actual_dispatch_lead_time"": null, ""manufacturer_lead_time"": null, ""private_germany_route"": ""Parent seller_contracts/digikey public consumer EUR terms; subject to acceptance, no checkout/contact"", ""unit_price_net_eur_scenario"": 0.4, ""vat_fraction_scenario"": 0.19, ""unit_price_gross_eur_scenario"": 0.476, ""price_tax_basis"": ""Retain parent's net-price interpretation as scenario, not invoice confirmation"", ""shipping_eur_per_basket_scenario"": [25, 29.75], ""shipping_tax_basis"": ""Parent public EUR25 summary may be gross or net; neither accepted quote"", ""import_payment_fees_eur"": null, ""confirmed_delivered_eur"": null, ""substitutes_qualified"": []}"
candidate_0019,Coutp3,EEU-FR1J470,1,4.7e-05,F,0.2,Polar aluminium electrolytic FR-A,Radial 6.3 x 12.7mm; 2.5mm pitch,"{""voltage_v"": 63, ""temperature_C"": 105, ""life_hours_at_105C"": 5000}",../../research/procurement/robust_parts_2026-10-09.yaml#part,2026-10-09,,"{""exact_mpn"": ""EEU-FR1J470"", ""nominal"": 4.7e-05, ""unit"": ""F"", ""tolerance_fraction"": 0.2, ""technology"": ""Polar aluminium electrolytic FR-A"", ""package"": ""Radial 6.3 x 12.7mm; 2.5mm pitch"", ""ratings"": {""voltage_v"": 63, ""temperature_C"": 105, ""life_hours_at_105C"": 5000}, ""manufacturer_document"": null, ""manufacturer_lifecycle"": ""Documented production series; exact current notices/orderability require refresh"", ""observation_date"": ""2026-10-09"", ""evidence_kind"": ""Indexed primary seller catalogue; reported crawl age retained; not live stock or accepted quote"", ""seller"": ""DigiKey Germany"", ""url"": ""https://www.digikey.de/de/products/detail/panasonic-electronic-components/EEU-FR1J470/3072280"", ""reported_crawl_age"": ""4 months"", ""stock_observed"": 68724, ""live_stock"": null, ""moq_observed"": 1, ""order_multiple_observed"": 1, ""retail_pack_size_observed"": 1, ""factory_pack"": null, ""packaging"": ""Cut tape / bulk individual; no optional reeling"", ""manufacturer_lead_time_weeks_observed"": 31, ""actual_dispatch_lead_time"": null, ""unit_price_net_eur_observed"": 0.4, ""unit_price_gross_eur_scenario"": 0.476, ""private_germany_route"": ""See seller_contracts; subject to acceptance and current inventory; no checkout performed"", ""delivered_cost_eur"": null, ""substitutes_qualified"": [], ""qualification_gaps"": [""Loss/leakage/temperature/excess-noise or production population not fully validated""], ""evidence_limit"": ""Older German stock/price; frequency/temperature ESR, leakage, reversal and startup stress remain unqualified. No live stock inference.""}","{""exact_mpn"": ""EEU-FR1J470"", ""manufacturer"": ""Panasonic"", ""nominal_f"": 4.7e-05, ""tolerance_fraction"": 0.2, ""voltage_v"": 63, ""technology"": ""Polar aluminum electrolytic FR-A"", ""package"": ""Radial 6.3mm diameter, 11.2mm body, 2.5mm pitch"", ""primary_url"": ""https://industrial.panasonic.com/ww/products/pt/aluminum-cap-lead/models/EEUFR1J470"", ""manufacturer_document"": ""https://industrial.panasonic.com/cdbs/www-data/pdf/RDF0000/ABA0000C1259.pdf"", ""datasheet_version"": ""01-Sep-25"", ""temperature_c"": [-40, 105], ""tan_delta_max_at_120hz_20c"": 0.09, ""leakage_max_a_at_63v_20c_after_2min"": 2.96e-05, ""supplier_url"": ""https://www.digikey.de/en/products/detail/panasonic-industry/EEU-FR1J470/3072280"", ""supplier"": ""DigiKey Germany"", ""manufacturer_lifecycle"": ""Current primary product listing; supplier Active observation"", ""stock_observed"": 65991, ""reported_crawl_age"": ""4 months"", ""live_stock"": null, ""direct_retrieval"": ""Failed internal error; preserved observation, no accepted quote"", ""moq_observed"": 1, ""order_multiple_observed"": 1, ""retail_pack_size_observed"": 1, ""factory_pack_not_ordered"": 5000, ""actual_dispatch_lead_time"": null, ""manufacturer_lead_time"": null, ""private_germany_route"": ""Parent seller_contracts/digikey public consumer EUR terms; subject to acceptance, no checkout/contact"", ""unit_price_net_eur_scenario"": 0.4, ""vat_fraction_scenario"": 0.19, ""unit_price_gross_eur_scenario"": 0.476, ""price_tax_basis"": ""Retain parent's net-price interpretation as scenario, not invoice confirmation"", ""shipping_eur_per_basket_scenario"": [25, 29.75], ""shipping_tax_basis"": ""Parent public EUR25 summary may be gross or net; neither accepted quote"", ""import_payment_fees_eur"": null, ""confirmed_delivered_eur"": null, ""substitutes_qualified"": []}"
candidate_0019,Coutn0,EEU-FR1J470,1,4.7e-05,F,0.2,Polar aluminium electrolytic FR-A,Radial 6.3 x 12.7mm; 2.5mm pitch,"{""voltage_v"": 63, ""temperature_C"": 105, ""life_hours_at_105C"": 5000}",../../research/procurement/robust_parts_2026-10-09.yaml#part,2026-10-09,,"{""exact_mpn"": ""EEU-FR1J470"", ""nominal"": 4.7e-05, ""unit"": ""F"", ""tolerance_fraction"": 0.2, ""technology"": ""Polar aluminium electrolytic FR-A"", ""package"": ""Radial 6.3 x 12.7mm; 2.5mm pitch"", ""ratings"": {""voltage_v"": 63, ""temperature_C"": 105, ""life_hours_at_105C"": 5000}, ""manufacturer_document"": null, ""manufacturer_lifecycle"": ""Documented production series; exact current notices/orderability require refresh"", ""observation_date"": ""2026-10-09"", ""evidence_kind"": ""Indexed primary seller catalogue; reported crawl age retained; not live stock or accepted quote"", ""seller"": ""DigiKey Germany"", ""url"": ""https://www.digikey.de/de/products/detail/panasonic-electronic-components/EEU-FR1J470/3072280"", ""reported_crawl_age"": ""4 months"", ""stock_observed"": 68724, ""live_stock"": null, ""moq_observed"": 1, ""order_multiple_observed"": 1, ""retail_pack_size_observed"": 1, ""factory_pack"": null, ""packaging"": ""Cut tape / bulk individual; no optional reeling"", ""manufacturer_lead_time_weeks_observed"": 31, ""actual_dispatch_lead_time"": null, ""unit_price_net_eur_observed"": 0.4, ""unit_price_gross_eur_scenario"": 0.476, ""private_germany_route"": ""See seller_contracts; subject to acceptance and current inventory; no checkout performed"", ""delivered_cost_eur"": null, ""substitutes_qualified"": [], ""qualification_gaps"": [""Loss/leakage/temperature/excess-noise or production population not fully validated""], ""evidence_limit"": ""Older German stock/price; frequency/temperature ESR, leakage, reversal and startup stress remain unqualified. No live stock inference.""}","{""exact_mpn"": ""EEU-FR1J470"", ""manufacturer"": ""Panasonic"", ""nominal_f"": 4.7e-05, ""tolerance_fraction"": 0.2, ""voltage_v"": 63, ""technology"": ""Polar aluminum electrolytic FR-A"", ""package"": ""Radial 6.3mm diameter, 11.2mm body, 2.5mm pitch"", ""primary_url"": ""https://industrial.panasonic.com/ww/products/pt/aluminum-cap-lead/models/EEUFR1J470"", ""manufacturer_document"": ""https://industrial.panasonic.com/cdbs/www-data/pdf/RDF0000/ABA0000C1259.pdf"", ""datasheet_version"": ""01-Sep-25"", ""temperature_c"": [-40, 105], ""tan_delta_max_at_120hz_20c"": 0.09, ""leakage_max_a_at_63v_20c_after_2min"": 2.96e-05, ""supplier_url"": ""https://www.digikey.de/en/products/detail/panasonic-industry/EEU-FR1J470/3072280"", ""supplier"": ""DigiKey Germany"", ""manufacturer_lifecycle"": ""Current primary product listing; supplier Active observation"", ""stock_observed"": 65991, ""reported_crawl_age"": ""4 months"", ""live_stock"": null, ""direct_retrieval"": ""Failed internal error; preserved observation, no accepted quote"", ""moq_observed"": 1, ""order_multiple_observed"": 1, ""retail_pack_size_observed"": 1, ""factory_pack_not_ordered"": 5000, ""actual_dispatch_lead_time"": null, ""manufacturer_lead_time"": null, ""private_germany_route"": ""Parent seller_contracts/digikey public consumer EUR terms; subject to acceptance, no checkout/contact"", ""unit_price_net_eur_scenario"": 0.4, ""vat_fraction_scenario"": 0.19, ""unit_price_gross_eur_scenario"": 0.476, ""price_tax_basis"": ""Retain parent's net-price interpretation as scenario, not invoice confirmation"", ""shipping_eur_per_basket_scenario"": [25, 29.75], ""shipping_tax_basis"": ""Parent public EUR25 summary may be gross or net; neither accepted quote"", ""import_payment_fees_eur"": null, ""confirmed_delivered_eur"": null, ""substitutes_qualified"": []}"
candidate_0019,Coutn1,EEU-FR1J470,1,4.7e-05,F,0.2,Polar aluminium electrolytic FR-A,Radial 6.3 x 12.7mm; 2.5mm pitch,"{""voltage_v"": 63, ""temperature_C"": 105, ""life_hours_at_105C"": 5000}",../../research/procurement/robust_parts_2026-10-09.yaml#part,2026-10-09,,"{""exact_mpn"": ""EEU-FR1J470"", ""nominal"": 4.7e-05, ""unit"": ""F"", ""tolerance_fraction"": 0.2, ""technology"": ""Polar aluminium electrolytic FR-A"", ""package"": ""Radial 6.3 x 12.7mm; 2.5mm pitch"", ""ratings"": {""voltage_v"": 63, ""temperature_C"": 105, ""life_hours_at_105C"": 5000}, ""manufacturer_document"": null, ""manufacturer_lifecycle"": ""Documented production series; exact current notices/orderability require refresh"", ""observation_date"": ""2026-10-09"", ""evidence_kind"": ""Indexed primary seller catalogue; reported crawl age retained; not live stock or accepted quote"", ""seller"": ""DigiKey Germany"", ""url"": ""https://www.digikey.de/de/products/detail/panasonic-electronic-components/EEU-FR1J470/3072280"", ""reported_crawl_age"": ""4 months"", ""stock_observed"": 68724, ""live_stock"": null, ""moq_observed"": 1, ""order_multiple_observed"": 1, ""retail_pack_size_observed"": 1, ""factory_pack"": null, ""packaging"": ""Cut tape / bulk individual; no optional reeling"", ""manufacturer_lead_time_weeks_observed"": 31, ""actual_dispatch_lead_time"": null, ""unit_price_net_eur_observed"": 0.4, ""unit_price_gross_eur_scenario"": 0.476, ""private_germany_route"": ""See seller_contracts; subject to acceptance and current inventory; no checkout performed"", ""delivered_cost_eur"": null, ""substitutes_qualified"": [], ""qualification_gaps"": [""Loss/leakage/temperature/excess-noise or production population not fully validated""], ""evidence_limit"": ""Older German stock/price; frequency/temperature ESR, leakage, reversal and startup stress remain unqualified. No live stock inference.""}","{""exact_mpn"": ""EEU-FR1J470"", ""manufacturer"": ""Panasonic"", ""nominal_f"": 4.7e-05, ""tolerance_fraction"": 0.2, ""voltage_v"": 63, ""technology"": ""Polar aluminum electrolytic FR-A"", ""package"": ""Radial 6.3mm diameter, 11.2mm body, 2.5mm pitch"", ""primary_url"": ""https://industrial.panasonic.com/ww/products/pt/aluminum-cap-lead/models/EEUFR1J470"", ""manufacturer_document"": ""https://industrial.panasonic.com/cdbs/www-data/pdf/RDF0000/ABA0000C1259.pdf"", ""datasheet_version"": ""01-Sep-25"", ""temperature_c"": [-40, 105], ""tan_delta_max_at_120hz_20c"": 0.09, ""leakage_max_a_at_63v_20c_after_2min"": 2.96e-05, ""supplier_url"": ""https://www.digikey.de/en/products/detail/panasonic-industry/EEU-FR1J470/3072280"", ""supplier"": ""DigiKey Germany"", ""manufacturer_lifecycle"": ""Current primary product listing; supplier Active observation"", ""stock_observed"": 65991, ""reported_crawl_age"": ""4 months"", ""live_stock"": null, ""direct_retrieval"": ""Failed internal error; preserved observation, no accepted quote"", ""moq_observed"": 1, ""order_multiple_observed"": 1, ""retail_pack_size_observed"": 1, ""factory_pack_not_ordered"": 5000, ""actual_dispatch_lead_time"": null, ""manufacturer_lead_time"": null, ""private_germany_route"": ""Parent seller_contracts/digikey public consumer EUR terms; subject to acceptance, no checkout/contact"", ""unit_price_net_eur_scenario"": 0.4, ""vat_fraction_scenario"": 0.19, ""unit_price_gross_eur_scenario"": 0.476, ""price_tax_basis"": ""Retain parent's net-price interpretation as scenario, not invoice confirmation"", ""shipping_eur_per_basket_scenario"": [25, 29.75], ""shipping_tax_basis"": ""Parent public EUR25 summary may be gross or net; neither accepted quote"", ""import_payment_fees_eur"": null, ""confirmed_delivered_eur"": null, ""substitutes_qualified"": []}"
candidate_0019,Coutn2,EEU-FR1J470,1,4.7e-05,F,0.2,Polar aluminium electrolytic FR-A,Radial 6.3 x 12.7mm; 2.5mm pitch,"{""voltage_v"": 63, ""temperature_C"": 105, ""life_hours_at_105C"": 5000}",../../research/procurement/robust_parts_2026-10-09.yaml#part,2026-10-09,,"{""exact_mpn"": ""EEU-FR1J470"", ""nominal"": 4.7e-05, ""unit"": ""F"", ""tolerance_fraction"": 0.2, ""technology"": ""Polar aluminium electrolytic FR-A"", ""package"": ""Radial 6.3 x 12.7mm; 2.5mm pitch"", ""ratings"": {""voltage_v"": 63, ""temperature_C"": 105, ""life_hours_at_105C"": 5000}, ""manufacturer_document"": null, ""manufacturer_lifecycle"": ""Documented production series; exact current notices/orderability require refresh"", ""observation_date"": ""2026-10-09"", ""evidence_kind"": ""Indexed primary seller catalogue; reported crawl age retained; not live stock or accepted quote"", ""seller"": ""DigiKey Germany"", ""url"": ""https://www.digikey.de/de/products/detail/panasonic-electronic-components/EEU-FR1J470/3072280"", ""reported_crawl_age"": ""4 months"", ""stock_observed"": 68724, ""live_stock"": null, ""moq_observed"": 1, ""order_multiple_observed"": 1, ""retail_pack_size_observed"": 1, ""factory_pack"": null, ""packaging"": ""Cut tape / bulk individual; no optional reeling"", ""manufacturer_lead_time_weeks_observed"": 31, ""actual_dispatch_lead_time"": null, ""unit_price_net_eur_observed"": 0.4, ""unit_price_gross_eur_scenario"": 0.476, ""private_germany_route"": ""See seller_contracts; subject to acceptance and current inventory; no checkout performed"", ""delivered_cost_eur"": null, ""substitutes_qualified"": [], ""qualification_gaps"": [""Loss/leakage/temperature/excess-noise or production population not fully validated""], ""evidence_limit"": ""Older German stock/price; frequency/temperature ESR, leakage, reversal and startup stress remain unqualified. No live stock inference.""}","{""exact_mpn"": ""EEU-FR1J470"", ""manufacturer"": ""Panasonic"", ""nominal_f"": 4.7e-05, ""tolerance_fraction"": 0.2, ""voltage_v"": 63, ""technology"": ""Polar aluminum electrolytic FR-A"", ""package"": ""Radial 6.3mm diameter, 11.2mm body, 2.5mm pitch"", ""primary_url"": ""https://industrial.panasonic.com/ww/products/pt/aluminum-cap-lead/models/EEUFR1J470"", ""manufacturer_document"": ""https://industrial.panasonic.com/cdbs/www-data/pdf/RDF0000/ABA0000C1259.pdf"", ""datasheet_version"": ""01-Sep-25"", ""temperature_c"": [-40, 105], ""tan_delta_max_at_120hz_20c"": 0.09, ""leakage_max_a_at_63v_20c_after_2min"": 2.96e-05, ""supplier_url"": ""https://www.digikey.de/en/products/detail/panasonic-industry/EEU-FR1J470/3072280"", ""supplier"": ""DigiKey Germany"", ""manufacturer_lifecycle"": ""Current primary product listing; supplier Active observation"", ""stock_observed"": 65991, ""reported_crawl_age"": ""4 months"", ""live_stock"": null, ""direct_retrieval"": ""Failed internal error; preserved observation, no accepted quote"", ""moq_observed"": 1, ""order_multiple_observed"": 1, ""retail_pack_size_observed"": 1, ""factory_pack_not_ordered"": 5000, ""actual_dispatch_lead_time"": null, ""manufacturer_lead_time"": null, ""private_germany_route"": ""Parent seller_contracts/digikey public consumer EUR terms; subject to acceptance, no checkout/contact"", ""unit_price_net_eur_scenario"": 0.4, ""vat_fraction_scenario"": 0.19, ""unit_price_gross_eur_scenario"": 0.476, ""price_tax_basis"": ""Retain parent's net-price interpretation as scenario, not invoice confirmation"", ""shipping_eur_per_basket_scenario"": [25, 29.75], ""shipping_tax_basis"": ""Parent public EUR25 summary may be gross or net; neither accepted quote"", ""import_payment_fees_eur"": null, ""confirmed_delivered_eur"": null, ""substitutes_qualified"": []}"
candidate_0019,Coutn3,EEU-FR1J470,1,4.7e-05,F,0.2,Polar aluminium electrolytic FR-A,Radial 6.3 x 12.7mm; 2.5mm pitch,"{""voltage_v"": 63, ""temperature_C"": 105, ""life_hours_at_105C"": 5000}",../../research/procurement/robust_parts_2026-10-09.yaml#part,2026-10-09,,"{""exact_mpn"": ""EEU-FR1J470"", ""nominal"": 4.7e-05, ""unit"": ""F"", ""tolerance_fraction"": 0.2, ""technology"": ""Polar aluminium electrolytic FR-A"", ""package"": ""Radial 6.3 x 12.7mm; 2.5mm pitch"", ""ratings"": {""voltage_v"": 63, ""temperature_C"": 105, ""life_hours_at_105C"": 5000}, ""manufacturer_document"": null, ""manufacturer_lifecycle"": ""Documented production series; exact current notices/orderability require refresh"", ""observation_date"": ""2026-10-09"", ""evidence_kind"": ""Indexed primary seller catalogue; reported crawl age retained; not live stock or accepted quote"", ""seller"": ""DigiKey Germany"", ""url"": ""https://www.digikey.de/de/products/detail/panasonic-electronic-components/EEU-FR1J470/3072280"", ""reported_crawl_age"": ""4 months"", ""stock_observed"": 68724, ""live_stock"": null, ""moq_observed"": 1, ""order_multiple_observed"": 1, ""retail_pack_size_observed"": 1, ""factory_pack"": null, ""packaging"": ""Cut tape / bulk individual; no optional reeling"", ""manufacturer_lead_time_weeks_observed"": 31, ""actual_dispatch_lead_time"": null, ""unit_price_net_eur_observed"": 0.4, ""unit_price_gross_eur_scenario"": 0.476, ""private_germany_route"": ""See seller_contracts; subject to acceptance and current inventory; no checkout performed"", ""delivered_cost_eur"": null, ""substitutes_qualified"": [], ""qualification_gaps"": [""Loss/leakage/temperature/excess-noise or production population not fully validated""], ""evidence_limit"": ""Older German stock/price; frequency/temperature ESR, leakage, reversal and startup stress remain unqualified. No live stock inference.""}","{""exact_mpn"": ""EEU-FR1J470"", ""manufacturer"": ""Panasonic"", ""nominal_f"": 4.7e-05, ""tolerance_fraction"": 0.2, ""voltage_v"": 63, ""technology"": ""Polar aluminum electrolytic FR-A"", ""package"": ""Radial 6.3mm diameter, 11.2mm body, 2.5mm pitch"", ""primary_url"": ""https://industrial.panasonic.com/ww/products/pt/aluminum-cap-lead/models/EEUFR1J470"", ""manufacturer_document"": ""https://industrial.panasonic.com/cdbs/www-data/pdf/RDF0000/ABA0000C1259.pdf"", ""datasheet_version"": ""01-Sep-25"", ""temperature_c"": [-40, 105], ""tan_delta_max_at_120hz_20c"": 0.09, ""leakage_max_a_at_63v_20c_after_2min"": 2.96e-05, ""supplier_url"": ""https://www.digikey.de/en/products/detail/panasonic-industry/EEU-FR1J470/3072280"", ""supplier"": ""DigiKey Germany"", ""manufacturer_lifecycle"": ""Current primary product listing; supplier Active observation"", ""stock_observed"": 65991, ""reported_crawl_age"": ""4 months"", ""live_stock"": null, ""direct_retrieval"": ""Failed internal error; preserved observation, no accepted quote"", ""moq_observed"": 1, ""order_multiple_observed"": 1, ""retail_pack_size_observed"": 1, ""factory_pack_not_ordered"": 5000, ""actual_dispatch_lead_time"": null, ""manufacturer_lead_time"": null, ""private_germany_route"": ""Parent seller_contracts/digikey public consumer EUR terms; subject to acceptance, no checkout/contact"", ""unit_price_net_eur_scenario"": 0.4, ""vat_fraction_scenario"": 0.19, ""unit_price_gross_eur_scenario"": 0.476, ""price_tax_basis"": ""Retain parent's net-price interpretation as scenario, not invoice confirmation"", ""shipping_eur_per_basket_scenario"": [25, 29.75], ""shipping_tax_basis"": ""Parent public EUR25 summary may be gross or net; neither accepted quote"", ""import_payment_fees_eur"": null, ""confirmed_delivered_eur"": null, ""substitutes_qualified"": []}"
candidate_0023,Rharvestp,RC0603FR-072K2L,1,2200,ohm,0.01,Thick film,0603 / 1608,"{""power_w_at_70C"": 0.1, ""working_voltage_v"": 75, ""tcr_ppm_per_C"": 100}",../../research/procurement/architecture_parts_2026-10-09.yaml#parts/RC0603FR-072K2L,2026-10-09,https://yageogroup.com/component-documentation/download/specsheet/RC0603FR-072K2L,"{""exact_mpn"": ""RC0603FR-072K2L"", ""nominal"": 2200, ""unit"": ""ohm"", ""tolerance_fraction"": 0.01, ""technology"": ""Thick film"", ""package"": ""0603 / 1608"", ""ratings"": {""power_w_at_70C"": 0.1, ""working_voltage_v"": 75, ""tcr_ppm_per_C"": 100}, ""manufacturer_document"": ""https://yageogroup.com/component-documentation/download/specsheet/RC0603FR-072K2L"", ""manufacturer_lifecycle"": ""Documented production series; exact current notices/orderability require refresh"", ""observation_date"": ""2026-10-09"", ""evidence_kind"": ""Indexed primary seller catalogue; reported crawl age retained; not live stock or accepted quote"", ""seller"": ""DigiKey Germany"", ""url"": ""https://www.digikey.de/de/products/detail/yageo/RC0603FR-072K2L/727016"", ""reported_crawl_age"": ""last week"", ""stock_observed"": 159712, ""live_stock"": null, ""moq_observed"": 1, ""order_multiple_observed"": 1, ""retail_pack_size_observed"": 1, ""factory_pack"": 5000, ""packaging"": ""Cut tape / bulk individual; no optional reeling"", ""manufacturer_lead_time_weeks_observed"": 22, ""actual_dispatch_lead_time"": null, ""unit_price_net_eur_observed"": 0.09, ""unit_price_gross_eur_scenario"": 0.1071, ""private_germany_route"": ""See seller_contracts; subject to acceptance and current inventory; no checkout performed"", ""delivered_cost_eur"": null, ""substitutes_qualified"": [], ""qualification_gaps"": [""Loss/leakage/temperature/excess-noise or production population not fully validated""]}",
candidate_0023,Rharvestn,RC0603FR-072K2L,1,2200,ohm,0.01,Thick film,0603 / 1608,"{""power_w_at_70C"": 0.1, ""working_voltage_v"": 75, ""tcr_ppm_per_C"": 100}",../../research/procurement/architecture_parts_2026-10-09.yaml#parts/RC0603FR-072K2L,2026-10-09,https://yageogroup.com/component-documentation/download/specsheet/RC0603FR-072K2L,"{""exact_mpn"": ""RC0603FR-072K2L"", ""nominal"": 2200, ""unit"": ""ohm"", ""tolerance_fraction"": 0.01, ""technology"": ""Thick film"", ""package"": ""0603 / 1608"", ""ratings"": {""power_w_at_70C"": 0.1, ""working_voltage_v"": 75, ""tcr_ppm_per_C"": 100}, ""manufacturer_document"": ""https://yageogroup.com/component-documentation/download/specsheet/RC0603FR-072K2L"", ""manufacturer_lifecycle"": ""Documented production series; exact current notices/orderability require refresh"", ""observation_date"": ""2026-10-09"", ""evidence_kind"": ""Indexed primary seller catalogue; reported crawl age retained; not live stock or accepted quote"", ""seller"": ""DigiKey Germany"", ""url"": ""https://www.digikey.de/de/products/detail/yageo/RC0603FR-072K2L/727016"", ""reported_crawl_age"": ""last week"", ""stock_observed"": 159712, ""live_stock"": null, ""moq_observed"": 1, ""order_multiple_observed"": 1, ""retail_pack_size_observed"": 1, ""factory_pack"": 5000, ""packaging"": ""Cut tape / bulk individual; no optional reeling"", ""manufacturer_lead_time_weeks_observed"": 22, ""actual_dispatch_lead_time"": null, ""unit_price_net_eur_observed"": 0.09, ""unit_price_gross_eur_scenario"": 0.1071, ""private_germany_route"": ""See seller_contracts; subject to acceptance and current inventory; no checkout performed"", ""delivered_cost_eur"": null, ""substitutes_qualified"": [], ""qualification_gaps"": [""Loss/leakage/temperature/excess-noise or production population not fully validated""]}",
candidate_0023,Craw,EEU-FR1J470,1,4.7e-05,F,0.2,Polar aluminium electrolytic FR-A,Radial 6.3 x 12.7mm; 2.5mm pitch,"{""voltage_v"": 63, ""temperature_C"": 105, ""life_hours_at_105C"": 5000}",../../research/procurement/robust_parts_2026-10-09.yaml#part,2026-10-09,,"{""exact_mpn"": ""EEU-FR1J470"", ""nominal"": 4.7e-05, ""unit"": ""F"", ""tolerance_fraction"": 0.2, ""technology"": ""Polar aluminium electrolytic FR-A"", ""package"": ""Radial 6.3 x 12.7mm; 2.5mm pitch"", ""ratings"": {""voltage_v"": 63, ""temperature_C"": 105, ""life_hours_at_105C"": 5000}, ""manufacturer_document"": null, ""manufacturer_lifecycle"": ""Documented production series; exact current notices/orderability require refresh"", ""observation_date"": ""2026-10-09"", ""evidence_kind"": ""Indexed primary seller catalogue; reported crawl age retained; not live stock or accepted quote"", ""seller"": ""DigiKey Germany"", ""url"": ""https://www.digikey.de/de/products/detail/panasonic-electronic-components/EEU-FR1J470/3072280"", ""reported_crawl_age"": ""4 months"", ""stock_observed"": 68724, ""live_stock"": null, ""moq_observed"": 1, ""order_multiple_observed"": 1, ""retail_pack_size_observed"": 1, ""factory_pack"": null, ""packaging"": ""Cut tape / bulk individual; no optional reeling"", ""manufacturer_lead_time_weeks_observed"": 31, ""actual_dispatch_lead_time"": null, ""unit_price_net_eur_observed"": 0.4, ""unit_price_gross_eur_scenario"": 0.476, ""private_germany_route"": ""See seller_contracts; subject to acceptance and current inventory; no checkout performed"", ""delivered_cost_eur"": null, ""substitutes_qualified"": [], ""qualification_gaps"": [""Loss/leakage/temperature/excess-noise or production population not fully validated""], ""evidence_limit"": ""Older German stock/price; frequency/temperature ESR, leakage, reversal and startup stress remain unqualified. No live stock inference.""}","{""exact_mpn"": ""EEU-FR1J470"", ""manufacturer"": ""Panasonic"", ""nominal_f"": 4.7e-05, ""tolerance_fraction"": 0.2, ""voltage_v"": 63, ""technology"": ""Polar aluminum electrolytic FR-A"", ""package"": ""Radial 6.3mm diameter, 11.2mm body, 2.5mm pitch"", ""primary_url"": ""https://industrial.panasonic.com/ww/products/pt/aluminum-cap-lead/models/EEUFR1J470"", ""manufacturer_document"": ""https://industrial.panasonic.com/cdbs/www-data/pdf/RDF0000/ABA0000C1259.pdf"", ""datasheet_version"": ""01-Sep-25"", ""temperature_c"": [-40, 105], ""tan_delta_max_at_120hz_20c"": 0.09, ""leakage_max_a_at_63v_20c_after_2min"": 2.96e-05, ""supplier_url"": ""https://www.digikey.de/en/products/detail/panasonic-industry/EEU-FR1J470/3072280"", ""supplier"": ""DigiKey Germany"", ""manufacturer_lifecycle"": ""Current primary product listing; supplier Active observation"", ""stock_observed"": 65991, ""reported_crawl_age"": ""4 months"", ""live_stock"": null, ""direct_retrieval"": ""Failed internal error; preserved observation, no accepted quote"", ""moq_observed"": 1, ""order_multiple_observed"": 1, ""retail_pack_size_observed"": 1, ""factory_pack_not_ordered"": 5000, ""actual_dispatch_lead_time"": null, ""manufacturer_lead_time"": null, ""private_germany_route"": ""Parent seller_contracts/digikey public consumer EUR terms; subject to acceptance, no checkout/contact"", ""unit_price_net_eur_scenario"": 0.4, ""vat_fraction_scenario"": 0.19, ""unit_price_gross_eur_scenario"": 0.476, ""price_tax_basis"": ""Retain parent's net-price interpretation as scenario, not invoice confirmation"", ""shipping_eur_per_basket_scenario"": [25, 29.75], ""shipping_tax_basis"": ""Parent public EUR25 summary may be gross or net; neither accepted quote"", ""import_payment_fees_eur"": null, ""confirmed_delivered_eur"": null, ""substitutes_qualified"": []}"
candidate_0023,Rregtop,RC0603FR-07100KL,1,100000,ohm,0.01,Thick film,0603 / 1608,"{""power_w_at_70C"": 0.1, ""working_voltage_v"": 75, ""tcr_ppm_per_C"": 100}",../../research/procurement/architecture_parts_2026-10-09.yaml#parts/RC0603FR-07100KL,2026-10-09,https://yageogroup.com/component-documentation/download/specsheet/RC0603FR-07100KL,"{""exact_mpn"": ""RC0603FR-07100KL"", ""nominal"": 100000, ""unit"": ""ohm"", ""tolerance_fraction"": 0.01, ""technology"": ""Thick film"", ""package"": ""0603 / 1608"", ""ratings"": {""power_w_at_70C"": 0.1, ""working_voltage_v"": 75, ""tcr_ppm_per_C"": 100}, ""manufacturer_document"": ""https://yageogroup.com/component-documentation/download/specsheet/RC0603FR-07100KL"", ""manufacturer_lifecycle"": ""Documented production series; exact current notices/orderability require refresh"", ""observation_date"": ""2026-10-09"", ""evidence_kind"": ""Indexed primary seller catalogue; reported crawl age retained; not live stock or accepted quote"", ""seller"": ""DigiKey Germany"", ""url"": ""https://www.digikey.de/de/products/detail/yageo/RC0603FR-07100KL/726889"", ""reported_crawl_age"": ""3 days"", ""stock_observed"": 548272, ""live_stock"": null, ""moq_observed"": 1, ""order_multiple_observed"": 1, ""retail_pack_size_observed"": 1, ""factory_pack"": 5000, ""packaging"": ""Cut tape / bulk individual; no optional reeling"", ""manufacturer_lead_time_weeks_observed"": null, ""actual_dispatch_lead_time"": null, ""unit_price_net_eur_observed"": 0.09, ""unit_price_gross_eur_scenario"": 0.1071, ""private_germany_route"": ""See seller_contracts; subject to acceptance and current inventory; no checkout performed"", ""delivered_cost_eur"": null, ""substitutes_qualified"": [], ""qualification_gaps"": [""Loss/leakage/temperature/excess-noise or production population not fully validated""]}",
candidate_0023,Rregbottom,RC0603FR-07100KL,1,100000,ohm,0.01,Thick film,0603 / 1608,"{""power_w_at_70C"": 0.1, ""working_voltage_v"": 75, ""tcr_ppm_per_C"": 100}",../../research/procurement/architecture_parts_2026-10-09.yaml#parts/RC0603FR-07100KL,2026-10-09,https://yageogroup.com/component-documentation/download/specsheet/RC0603FR-07100KL,"{""exact_mpn"": ""RC0603FR-07100KL"", ""nominal"": 100000, ""unit"": ""ohm"", ""tolerance_fraction"": 0.01, ""technology"": ""Thick film"", ""package"": ""0603 / 1608"", ""ratings"": {""power_w_at_70C"": 0.1, ""working_voltage_v"": 75, ""tcr_ppm_per_C"": 100}, ""manufacturer_document"": ""https://yageogroup.com/component-documentation/download/specsheet/RC0603FR-07100KL"", ""manufacturer_lifecycle"": ""Documented production series; exact current notices/orderability require refresh"", ""observation_date"": ""2026-10-09"", ""evidence_kind"": ""Indexed primary seller catalogue; reported crawl age retained; not live stock or accepted quote"", ""seller"": ""DigiKey Germany"", ""url"": ""https://www.digikey.de/de/products/detail/yageo/RC0603FR-07100KL/726889"", ""reported_crawl_age"": ""3 days"", ""stock_observed"": 548272, ""live_stock"": null, ""moq_observed"": 1, ""order_multiple_observed"": 1, ""retail_pack_size_observed"": 1, ""factory_pack"": 5000, ""packaging"": ""Cut tape / bulk individual; no optional reeling"", ""manufacturer_lead_time_weeks_observed"": null, ""actual_dispatch_lead_time"": null, ""unit_price_net_eur_observed"": 0.09, ""unit_price_gross_eur_scenario"": 0.1071, ""private_germany_route"": ""See seller_contracts; subject to acceptance and current inventory; no checkout performed"", ""delivered_cost_eur"": null, ""substitutes_qualified"": [], ""qualification_gaps"": [""Loss/leakage/temperature/excess-noise or production population not fully validated""]}",
candidate_0023,Cregbase,R82EC4100DQ70J,1,1e-06,F,0.05,Metallized PET film R82,Radial 7.2 x 6 x 11.1mm; 5mm pitch,"{""voltage_dc_v"": 100, ""voltage_ac_v"": 63}",../../research/procurement/architecture_parts_2026-10-09.yaml#parts/R82EC4100DQ70J,2026-10-09,https://www.digikey.com/htmldatasheets/production/3447437/0/0/1/r82dc3680dq60j.pdf,"{""exact_mpn"": ""R82EC4100DQ70J"", ""nominal"": 1e-06, ""unit"": ""F"", ""tolerance_fraction"": 0.05, ""technology"": ""Metallized PET film R82"", ""package"": ""Radial 7.2 x 6 x 11.1mm; 5mm pitch"", ""ratings"": {""voltage_dc_v"": 100, ""voltage_ac_v"": 63}, ""manufacturer_document"": ""https://www.digikey.com/htmldatasheets/production/3447437/0/0/1/r82dc3680dq60j.pdf"", ""manufacturer_lifecycle"": ""Documented production series; exact current notices/orderability require refresh"", ""observation_date"": ""2026-10-09"", ""evidence_kind"": ""Indexed primary seller catalogue; reported crawl age retained; not live stock or accepted quote"", ""seller"": ""DigiKey Germany"", ""url"": ""https://www.digikey.de/de/products/detail/kemet/R82EC4100DQ70J/1930809"", ""reported_crawl_age"": ""3 weeks"", ""stock_observed"": 314884, ""live_stock"": null, ""moq_observed"": 1, ""order_multiple_observed"": 1, ""retail_pack_size_observed"": 1, ""factory_pack"": 1400, ""packaging"": ""Cut tape / bulk individual; no optional reeling"", ""manufacturer_lead_time_weeks_observed"": 26, ""actual_dispatch_lead_time"": null, ""unit_price_net_eur_observed"": 0.78, ""unit_price_gross_eur_scenario"": 0.9282, ""private_germany_route"": ""See seller_contracts; subject to acceptance and current inventory; no checkout performed"", ""delivered_cost_eur"": null, ""substitutes_qualified"": [], ""qualification_gaps"": [""Loss/leakage/temperature/excess-noise or production population not fully validated""]}",
candidate_0023,Qreg,"BC846B,215",1,BC846B,device,,NPN bipolar,SOT-23,"{""vceo_v"": 65, ""ic_a"": 0.1, ""note"": ""Package power/SOA and maximum temperature require mounting-specific evaluation""}","../../research/procurement/architecture_parts_2026-10-09.yaml#parts/BC846B,215",2026-10-09,https://assets.nexperia.com/documents/data-sheet/BC846_SER.pdf,"{""exact_mpn"": ""BC846B,215"", ""nominal"": ""BC846B"", ""unit"": ""device"", ""tolerance_fraction"": null, ""technology"": ""NPN bipolar"", ""package"": ""SOT-23"", ""ratings"": {""vceo_v"": 65, ""ic_a"": 0.1, ""note"": ""Package power/SOA and maximum temperature require mounting-specific evaluation""}, ""manufacturer_document"": ""https://assets.nexperia.com/documents/data-sheet/BC846_SER.pdf"", ""manufacturer_lifecycle"": ""Documented production series; exact current notices/orderability require refresh"", ""observation_date"": ""2026-10-09"", ""evidence_kind"": ""Indexed primary seller catalogue; reported crawl age retained; not live stock or accepted quote"", ""seller"": ""TME Germany"", ""url"": ""https://www.tme.eu/de/details/bc846b.215/npn-smd-transistoren/nexperia/bc846b-215/"", ""reported_crawl_age"": ""product2 months; group1 week"", ""stock_observed"": 178360, ""live_stock"": null, ""moq_observed"": 1, ""order_multiple_observed"": 1, ""retail_pack_size_observed"": 1, ""factory_pack"": 3000, ""packaging"": ""Cut tape / bulk individual; no optional reeling"", ""manufacturer_lead_time_weeks_observed"": null, ""actual_dispatch_lead_time"": null, ""unit_price_net_eur_observed"": 0.08, ""unit_price_gross_eur_scenario"": 0.0952, ""private_germany_route"": ""See seller_contracts; subject to acceptance and current inventory; no checkout performed"", ""delivered_cost_eur"": null, ""substitutes_qualified"": [], ""qualification_gaps"": [""Loss/leakage/temperature/excess-noise or production population not fully validated""], ""price_and_inventory_limit"": ""TME product/group conflict; net EUR0.08\u20130.09, gross rounded0.09\u20130.11; calculation0.08 is a labelled lower observed-price scenario, not invoice price""}",
candidate_0023,Crail,EEU-FR1J470,1,4.7e-05,F,0.2,Polar aluminium electrolytic FR-A,Radial 6.3 x 12.7mm; 2.5mm pitch,"{""voltage_v"": 63, ""temperature_C"": 105, ""life_hours_at_105C"": 5000}",../../research/procurement/robust_parts_2026-10-09.yaml#part,2026-10-09,,"{""exact_mpn"": ""EEU-FR1J470"", ""nominal"": 4.7e-05, ""unit"": ""F"", ""tolerance_fraction"": 0.2, ""technology"": ""Polar aluminium electrolytic FR-A"", ""package"": ""Radial 6.3 x 12.7mm; 2.5mm pitch"", ""ratings"": {""voltage_v"": 63, ""temperature_C"": 105, ""life_hours_at_105C"": 5000}, ""manufacturer_document"": null, ""manufacturer_lifecycle"": ""Documented production series; exact current notices/orderability require refresh"", ""observation_date"": ""2026-10-09"", ""evidence_kind"": ""Indexed primary seller catalogue; reported crawl age retained; not live stock or accepted quote"", ""seller"": ""DigiKey Germany"", ""url"": ""https://www.digikey.de/de/products/detail/panasonic-electronic-components/EEU-FR1J470/3072280"", ""reported_crawl_age"": ""4 months"", ""stock_observed"": 68724, ""live_stock"": null, ""moq_observed"": 1, ""order_multiple_observed"": 1, ""retail_pack_size_observed"": 1, ""factory_pack"": null, ""packaging"": ""Cut tape / bulk individual; no optional reeling"", ""manufacturer_lead_time_weeks_observed"": 31, ""actual_dispatch_lead_time"": null, ""unit_price_net_eur_observed"": 0.4, ""unit_price_gross_eur_scenario"": 0.476, ""private_germany_route"": ""See seller_contracts; subject to acceptance and current inventory; no checkout performed"", ""delivered_cost_eur"": null, ""substitutes_qualified"": [], ""qualification_gaps"": [""Loss/leakage/temperature/excess-noise or production population not fully validated""], ""evidence_limit"": ""Older German stock/price; frequency/temperature ESR, leakage, reversal and startup stress remain unqualified. No live stock inference.""}","{""exact_mpn"": ""EEU-FR1J470"", ""manufacturer"": ""Panasonic"", ""nominal_f"": 4.7e-05, ""tolerance_fraction"": 0.2, ""voltage_v"": 63, ""technology"": ""Polar aluminum electrolytic FR-A"", ""package"": ""Radial 6.3mm diameter, 11.2mm body, 2.5mm pitch"", ""primary_url"": ""https://industrial.panasonic.com/ww/products/pt/aluminum-cap-lead/models/EEUFR1J470"", ""manufacturer_document"": ""https://industrial.panasonic.com/cdbs/www-data/pdf/RDF0000/ABA0000C1259.pdf"", ""datasheet_version"": ""01-Sep-25"", ""temperature_c"": [-40, 105], ""tan_delta_max_at_120hz_20c"": 0.09, ""leakage_max_a_at_63v_20c_after_2min"": 2.96e-05, ""supplier_url"": ""https://www.digikey.de/en/products/detail/panasonic-industry/EEU-FR1J470/3072280"", ""supplier"": ""DigiKey Germany"", ""manufacturer_lifecycle"": ""Current primary product listing; supplier Active observation"", ""stock_observed"": 65991, ""reported_crawl_age"": ""4 months"", ""live_stock"": null, ""direct_retrieval"": ""Failed internal error; preserved observation, no accepted quote"", ""moq_observed"": 1, ""order_multiple_observed"": 1, ""retail_pack_size_observed"": 1, ""factory_pack_not_ordered"": 5000, ""actual_dispatch_lead_time"": null, ""manufacturer_lead_time"": null, ""private_germany_route"": ""Parent seller_contracts/digikey public consumer EUR terms; subject to acceptance, no checkout/contact"", ""unit_price_net_eur_scenario"": 0.4, ""vat_fraction_scenario"": 0.19, ""unit_price_gross_eur_scenario"": 0.476, ""price_tax_basis"": ""Retain parent's net-price interpretation as scenario, not invoice confirmation"", ""shipping_eur_per_basket_scenario"": [25, 29.75], ""shipping_tax_basis"": ""Parent public EUR25 summary may be gross or net; neither accepted quote"", ""import_payment_fees_eur"": null, ""confirmed_delivered_eur"": null, ""substitutes_qualified"": []}"
candidate_0023,Rmidtop,AC0603FR-0710KL,1,10000,ohm,0.01,Thick film,0603 / 1608,"{""power_w_at_70C"": 0.1, ""working_voltage_v"": 75, ""tcr_ppm_per_C"": 100}",../../research/procurement/architecture_parts_2026-10-09.yaml#parts/AC0603FR-0710KL,2026-10-09,https://yageogroup.com/component-documentation/download/specsheet/AC0603FR-0710KL,"{""exact_mpn"": ""AC0603FR-0710KL"", ""nominal"": 10000, ""unit"": ""ohm"", ""tolerance_fraction"": 0.01, ""technology"": ""Thick film"", ""package"": ""0603 / 1608"", ""ratings"": {""power_w_at_70C"": 0.1, ""working_voltage_v"": 75, ""tcr_ppm_per_C"": 100}, ""manufacturer_document"": ""https://yageogroup.com/component-documentation/download/specsheet/AC0603FR-0710KL"", ""manufacturer_lifecycle"": ""Documented production series; exact current notices/orderability require refresh"", ""observation_date"": ""2026-10-09"", ""evidence_kind"": ""Indexed primary seller catalogue; reported crawl age retained; not live stock or accepted quote"", ""seller"": ""DigiKey Germany"", ""url"": ""https://www.digikey.de/de/products/detail/yageo/AC0603FR-0710KL/2828135"", ""reported_crawl_age"": ""last week"", ""stock_observed"": 1303493, ""live_stock"": null, ""moq_observed"": 1, ""order_multiple_observed"": 1, ""retail_pack_size_observed"": 1, ""factory_pack"": 5000, ""packaging"": ""Cut tape / bulk individual; no optional reeling"", ""manufacturer_lead_time_weeks_observed"": 22, ""actual_dispatch_lead_time"": null, ""unit_price_net_eur_observed"": 0.09, ""unit_price_gross_eur_scenario"": 0.1071, ""private_germany_route"": ""See seller_contracts; subject to acceptance and current inventory; no checkout performed"", ""delivered_cost_eur"": null, ""substitutes_qualified"": [], ""qualification_gaps"": [""Loss/leakage/temperature/excess-noise or production population not fully validated""], ""conflicting_observation"": ""Other catalogue alias shows backorder; exact current shared inventory unconfirmed""}",
candidate_0023,Rmidbottom,AC0603FR-0710KL,1,10000,ohm,0.01,Thick film,0603 / 1608,"{""power_w_at_70C"": 0.1, ""working_voltage_v"": 75, ""tcr_ppm_per_C"": 100}",../../research/procurement/architecture_parts_2026-10-09.yaml#parts/AC0603FR-0710KL,2026-10-09,https://yageogroup.com/component-documentation/download/specsheet/AC0603FR-0710KL,"{""exact_mpn"": ""AC0603FR-0710KL"", ""nominal"": 10000, ""unit"": ""ohm"", ""tolerance_fraction"": 0.01, ""technology"": ""Thick film"", ""package"": ""0603 / 1608"", ""ratings"": {""power_w_at_70C"": 0.1, ""working_voltage_v"": 75, ""tcr_ppm_per_C"": 100}, ""manufacturer_document"": ""https://yageogroup.com/component-documentation/download/specsheet/AC0603FR-0710KL"", ""manufacturer_lifecycle"": ""Documented production series; exact current notices/orderability require refresh"", ""observation_date"": ""2026-10-09"", ""evidence_kind"": ""Indexed primary seller catalogue; reported crawl age retained; not live stock or accepted quote"", ""seller"": ""DigiKey Germany"", ""url"": ""https://www.digikey.de/de/products/detail/yageo/AC0603FR-0710KL/2828135"", ""reported_crawl_age"": ""last week"", ""stock_observed"": 1303493, ""live_stock"": null, ""moq_observed"": 1, ""order_multiple_observed"": 1, ""retail_pack_size_observed"": 1, ""factory_pack"": 5000, ""packaging"": ""Cut tape / bulk individual; no optional reeling"", ""manufacturer_lead_time_weeks_observed"": 22, ""actual_dispatch_lead_time"": null, ""unit_price_net_eur_observed"": 0.09, ""unit_price_gross_eur_scenario"": 0.1071, ""private_germany_route"": ""See seller_contracts; subject to acceptance and current inventory; no checkout performed"", ""delivered_cost_eur"": null, ""substitutes_qualified"": [], ""qualification_gaps"": [""Loss/leakage/temperature/excess-noise or production population not fully validated""], ""conflicting_observation"": ""Other catalogue alias shows backorder; exact current shared inventory unconfirmed""}",
candidate_0023,Cmid,EEU-FR1J470,1,4.7e-05,F,0.2,Polar aluminium electrolytic FR-A,Radial 6.3 x 12.7mm; 2.5mm pitch,"{""voltage_v"": 63, ""temperature_C"": 105, ""life_hours_at_105C"": 5000}",../../research/procurement/robust_parts_2026-10-09.yaml#part,2026-10-09,,"{""exact_mpn"": ""EEU-FR1J470"", ""nominal"": 4.7e-05, ""unit"": ""F"", ""tolerance_fraction"": 0.2, ""technology"": ""Polar aluminium electrolytic FR-A"", ""package"": ""Radial 6.3 x 12.7mm; 2.5mm pitch"", ""ratings"": {""voltage_v"": 63, ""temperature_C"": 105, ""life_hours_at_105C"": 5000}, ""manufacturer_document"": null, ""manufacturer_lifecycle"": ""Documented production series; exact current notices/orderability require refresh"", ""observation_date"": ""2026-10-09"", ""evidence_kind"": ""Indexed primary seller catalogue; reported crawl age retained; not live stock or accepted quote"", ""seller"": ""DigiKey Germany"", ""url"": ""https://www.digikey.de/de/products/detail/panasonic-electronic-components/EEU-FR1J470/3072280"", ""reported_crawl_age"": ""4 months"", ""stock_observed"": 68724, ""live_stock"": null, ""moq_observed"": 1, ""order_multiple_observed"": 1, ""retail_pack_size_observed"": 1, ""factory_pack"": null, ""packaging"": ""Cut tape / bulk individual; no optional reeling"", ""manufacturer_lead_time_weeks_observed"": 31, ""actual_dispatch_lead_time"": null, ""unit_price_net_eur_observed"": 0.4, ""unit_price_gross_eur_scenario"": 0.476, ""private_germany_route"": ""See seller_contracts; subject to acceptance and current inventory; no checkout performed"", ""delivered_cost_eur"": null, ""substitutes_qualified"": [], ""qualification_gaps"": [""Loss/leakage/temperature/excess-noise or production population not fully validated""], ""evidence_limit"": ""Older German stock/price; frequency/temperature ESR, leakage, reversal and startup stress remain unqualified. No live stock inference.""}","{""exact_mpn"": ""EEU-FR1J470"", ""manufacturer"": ""Panasonic"", ""nominal_f"": 4.7e-05, ""tolerance_fraction"": 0.2, ""voltage_v"": 63, ""technology"": ""Polar aluminum electrolytic FR-A"", ""package"": ""Radial 6.3mm diameter, 11.2mm body, 2.5mm pitch"", ""primary_url"": ""https://industrial.panasonic.com/ww/products/pt/aluminum-cap-lead/models/EEUFR1J470"", ""manufacturer_document"": ""https://industrial.panasonic.com/cdbs/www-data/pdf/RDF0000/ABA0000C1259.pdf"", ""datasheet_version"": ""01-Sep-25"", ""temperature_c"": [-40, 105], ""tan_delta_max_at_120hz_20c"": 0.09, ""leakage_max_a_at_63v_20c_after_2min"": 2.96e-05, ""supplier_url"": ""https://www.digikey.de/en/products/detail/panasonic-industry/EEU-FR1J470/3072280"", ""supplier"": ""DigiKey Germany"", ""manufacturer_lifecycle"": ""Current primary product listing; supplier Active observation"", ""stock_observed"": 65991, ""reported_crawl_age"": ""4 months"", ""live_stock"": null, ""direct_retrieval"": ""Failed internal error; preserved observation, no accepted quote"", ""moq_observed"": 1, ""order_multiple_observed"": 1, ""retail_pack_size_observed"": 1, ""factory_pack_not_ordered"": 5000, ""actual_dispatch_lead_time"": null, ""manufacturer_lead_time"": null, ""private_germany_route"": ""Parent seller_contracts/digikey public consumer EUR terms; subject to acceptance, no checkout/contact"", ""unit_price_net_eur_scenario"": 0.4, ""vat_fraction_scenario"": 0.19, ""unit_price_gross_eur_scenario"": 0.476, ""price_tax_basis"": ""Retain parent's net-price interpretation as scenario, not invoice confirmation"", ""shipping_eur_per_basket_scenario"": [25, 29.75], ""shipping_tax_basis"": ""Parent public EUR25 summary may be gross or net; neither accepted quote"", ""import_payment_fees_eur"": null, ""confirmed_delivered_eur"": null, ""substitutes_qualified"": []}"
candidate_0023,Rpolar0,RC0603FR-071ML,1,1000000,ohm,0.01,Thick film,0603 / 1608,"{""power_w_at_70C"": 0.1, ""working_voltage_v"": 75, ""tcr_ppm_per_C"": 100}",../../research/procurement/architecture_parts_2026-10-09.yaml#parts/RC0603FR-071ML,2026-10-09,https://yageogroup.com/component-documentation/download/specsheet/RC0603FR-071ML,"{""exact_mpn"": ""RC0603FR-071ML"", ""nominal"": 1000000, ""unit"": ""ohm"", ""tolerance_fraction"": 0.01, ""technology"": ""Thick film"", ""package"": ""0603 / 1608"", ""ratings"": {""power_w_at_70C"": 0.1, ""working_voltage_v"": 75, ""tcr_ppm_per_C"": 100}, ""manufacturer_document"": ""https://yageogroup.com/component-documentation/download/specsheet/RC0603FR-071ML"", ""manufacturer_lifecycle"": ""Documented production series; exact current notices/orderability require refresh"", ""observation_date"": ""2026-10-09"", ""evidence_kind"": ""Indexed primary seller catalogue; reported crawl age retained; not live stock or accepted quote"", ""seller"": ""DigiKey Germany"", ""url"": ""https://www.digikey.de/de/products/detail/yageo/RC0603FR-071ML/729791"", ""reported_crawl_age"": ""last week"", ""stock_observed"": 1566554, ""live_stock"": null, ""moq_observed"": 1, ""order_multiple_observed"": 1, ""retail_pack_size_observed"": 1, ""factory_pack"": 5000, ""packaging"": ""Cut tape / bulk individual; no optional reeling"", ""manufacturer_lead_time_weeks_observed"": 22, ""actual_dispatch_lead_time"": null, ""unit_price_net_eur_observed"": 0.09, ""unit_price_gross_eur_scenario"": 0.1071, ""private_germany_route"": ""See seller_contracts; subject to acceptance and current inventory; no checkout performed"", ""delivered_cost_eur"": null, ""substitutes_qualified"": [], ""qualification_gaps"": [""Loss/leakage/temperature/excess-noise or production population not fully validated""], ""conflicting_observation"": ""Different catalogue alias/older snapshot has different inventory; do not infer live stock""}",
candidate_0023,Rpolar1,RC0603FR-071ML,1,1000000,ohm,0.01,Thick film,0603 / 1608,"{""power_w_at_70C"": 0.1, ""working_voltage_v"": 75, ""tcr_ppm_per_C"": 100}",../../research/procurement/architecture_parts_2026-10-09.yaml#parts/RC0603FR-071ML,2026-10-09,https://yageogroup.com/component-documentation/download/specsheet/RC0603FR-071ML,"{""exact_mpn"": ""RC0603FR-071ML"", ""nominal"": 1000000, ""unit"": ""ohm"", ""tolerance_fraction"": 0.01, ""technology"": ""Thick film"", ""package"": ""0603 / 1608"", ""ratings"": {""power_w_at_70C"": 0.1, ""working_voltage_v"": 75, ""tcr_ppm_per_C"": 100}, ""manufacturer_document"": ""https://yageogroup.com/component-documentation/download/specsheet/RC0603FR-071ML"", ""manufacturer_lifecycle"": ""Documented production series; exact current notices/orderability require refresh"", ""observation_date"": ""2026-10-09"", ""evidence_kind"": ""Indexed primary seller catalogue; reported crawl age retained; not live stock or accepted quote"", ""seller"": ""DigiKey Germany"", ""url"": ""https://www.digikey.de/de/products/detail/yageo/RC0603FR-071ML/729791"", ""reported_crawl_age"": ""last week"", ""stock_observed"": 1566554, ""live_stock"": null, ""moq_observed"": 1, ""order_multiple_observed"": 1, ""retail_pack_size_observed"": 1, ""factory_pack"": 5000, ""packaging"": ""Cut tape / bulk individual; no optional reeling"", ""manufacturer_lead_time_weeks_observed"": 22, ""actual_dispatch_lead_time"": null, ""unit_price_net_eur_observed"": 0.09, ""unit_price_gross_eur_scenario"": 0.1071, ""private_germany_route"": ""See seller_contracts; subject to acceptance and current inventory; no checkout performed"", ""delivered_cost_eur"": null, ""substitutes_qualified"": [], ""qualification_gaps"": [""Loss/leakage/temperature/excess-noise or production population not fully validated""], ""conflicting_observation"": ""Different catalogue alias/older snapshot has different inventory; do not infer live stock""}",
candidate_0023,Rpolar2,RC0603FR-071ML,1,1000000,ohm,0.01,Thick film,0603 / 1608,"{""power_w_at_70C"": 0.1, ""working_voltage_v"": 75, ""tcr_ppm_per_C"": 100}",../../research/procurement/architecture_parts_2026-10-09.yaml#parts/RC0603FR-071ML,2026-10-09,https://yageogroup.com/component-documentation/download/specsheet/RC0603FR-071ML,"{""exact_mpn"": ""RC0603FR-071ML"", ""nominal"": 1000000, ""unit"": ""ohm"", ""tolerance_fraction"": 0.01, ""technology"": ""Thick film"", ""package"": ""0603 / 1608"", ""ratings"": {""power_w_at_70C"": 0.1, ""working_voltage_v"": 75, ""tcr_ppm_per_C"": 100}, ""manufacturer_document"": ""https://yageogroup.com/component-documentation/download/specsheet/RC0603FR-071ML"", ""manufacturer_lifecycle"": ""Documented production series; exact current notices/orderability require refresh"", ""observation_date"": ""2026-10-09"", ""evidence_kind"": ""Indexed primary seller catalogue; reported crawl age retained; not live stock or accepted quote"", ""seller"": ""DigiKey Germany"", ""url"": ""https://www.digikey.de/de/products/detail/yageo/RC0603FR-071ML/729791"", ""reported_crawl_age"": ""last week"", ""stock_observed"": 1566554, ""live_stock"": null, ""moq_observed"": 1, ""order_multiple_observed"": 1, ""retail_pack_size_observed"": 1, ""factory_pack"": 5000, ""packaging"": ""Cut tape / bulk individual; no optional reeling"", ""manufacturer_lead_time_weeks_observed"": 22, ""actual_dispatch_lead_time"": null, ""unit_price_net_eur_observed"": 0.09, ""unit_price_gross_eur_scenario"": 0.1071, ""private_germany_route"": ""See seller_contracts; subject to acceptance and current inventory; no checkout performed"", ""delivered_cost_eur"": null, ""substitutes_qualified"": [], ""qualification_gaps"": [""Loss/leakage/temperature/excess-noise or production population not fully validated""], ""conflicting_observation"": ""Different catalogue alias/older snapshot has different inventory; do not infer live stock""}",
candidate_0023,Rpolar3,RC0603FR-071ML,1,1000000,ohm,0.01,Thick film,0603 / 1608,"{""power_w_at_70C"": 0.1, ""working_voltage_v"": 75, ""tcr_ppm_per_C"": 100}",../../research/procurement/architecture_parts_2026-10-09.yaml#parts/RC0603FR-071ML,2026-10-09,https://yageogroup.com/component-documentation/download/specsheet/RC0603FR-071ML,"{""exact_mpn"": ""RC0603FR-071ML"", ""nominal"": 1000000, ""unit"": ""ohm"", ""tolerance_fraction"": 0.01, ""technology"": ""Thick film"", ""package"": ""0603 / 1608"", ""ratings"": {""power_w_at_70C"": 0.1, ""working_voltage_v"": 75, ""tcr_ppm_per_C"": 100}, ""manufacturer_document"": ""https://yageogroup.com/component-documentation/download/specsheet/RC0603FR-071ML"", ""manufacturer_lifecycle"": ""Documented production series; exact current notices/orderability require refresh"", ""observation_date"": ""2026-10-09"", ""evidence_kind"": ""Indexed primary seller catalogue; reported crawl age retained; not live stock or accepted quote"", ""seller"": ""DigiKey Germany"", ""url"": ""https://www.digikey.de/de/products/detail/yageo/RC0603FR-071ML/729791"", ""reported_crawl_age"": ""last week"", ""stock_observed"": 1566554, ""live_stock"": null, ""moq_observed"": 1, ""order_multiple_observed"": 1, ""retail_pack_size_observed"": 1, ""factory_pack"": 5000, ""packaging"": ""Cut tape / bulk individual; no optional reeling"", ""manufacturer_lead_time_weeks_observed"": 22, ""actual_dispatch_lead_time"": null, ""unit_price_net_eur_observed"": 0.09, ""unit_price_gross_eur_scenario"": 0.1071, ""private_germany_route"": ""See seller_contracts; subject to acceptance and current inventory; no checkout performed"", ""delivered_cost_eur"": null, ""substitutes_qualified"": [], ""qualification_gaps"": [""Loss/leakage/temperature/excess-noise or production population not fully validated""], ""conflicting_observation"": ""Different catalogue alias/older snapshot has different inventory; do not infer live stock""}",
candidate_0023,Rpolar4,RC0603FR-071ML,1,1000000,ohm,0.01,Thick film,0603 / 1608,"{""power_w_at_70C"": 0.1, ""working_voltage_v"": 75, ""tcr_ppm_per_C"": 100}",../../research/procurement/architecture_parts_2026-10-09.yaml#parts/RC0603FR-071ML,2026-10-09,https://yageogroup.com/component-documentation/download/specsheet/RC0603FR-071ML,"{""exact_mpn"": ""RC0603FR-071ML"", ""nominal"": 1000000, ""unit"": ""ohm"", ""tolerance_fraction"": 0.01, ""technology"": ""Thick film"", ""package"": ""0603 / 1608"", ""ratings"": {""power_w_at_70C"": 0.1, ""working_voltage_v"": 75, ""tcr_ppm_per_C"": 100}, ""manufacturer_document"": ""https://yageogroup.com/component-documentation/download/specsheet/RC0603FR-071ML"", ""manufacturer_lifecycle"": ""Documented production series; exact current notices/orderability require refresh"", ""observation_date"": ""2026-10-09"", ""evidence_kind"": ""Indexed primary seller catalogue; reported crawl age retained; not live stock or accepted quote"", ""seller"": ""DigiKey Germany"", ""url"": ""https://www.digikey.de/de/products/detail/yageo/RC0603FR-071ML/729791"", ""reported_crawl_age"": ""last week"", ""stock_observed"": 1566554, ""live_stock"": null, ""moq_observed"": 1, ""order_multiple_observed"": 1, ""retail_pack_size_observed"": 1, ""factory_pack"": 5000, ""packaging"": ""Cut tape / bulk individual; no optional reeling"", ""manufacturer_lead_time_weeks_observed"": 22, ""actual_dispatch_lead_time"": null, ""unit_price_net_eur_observed"": 0.09, ""unit_price_gross_eur_scenario"": 0.1071, ""private_germany_route"": ""See seller_contracts; subject to acceptance and current inventory; no checkout performed"", ""delivered_cost_eur"": null, ""substitutes_qualified"": [], ""qualification_gaps"": [""Loss/leakage/temperature/excess-noise or production population not fully validated""], ""conflicting_observation"": ""Different catalogue alias/older snapshot has different inventory; do not infer live stock""}",
candidate_0023,Rpolar5,RC0603FR-071ML,1,1000000,ohm,0.01,Thick film,0603 / 1608,"{""power_w_at_70C"": 0.1, ""working_voltage_v"": 75, ""tcr_ppm_per_C"": 100}",../../research/procurement/architecture_parts_2026-10-09.yaml#parts/RC0603FR-071ML,2026-10-09,https://yageogroup.com/component-documentation/download/specsheet/RC0603FR-071ML,"{""exact_mpn"": ""RC0603FR-071ML"", ""nominal"": 1000000, ""unit"": ""ohm"", ""tolerance_fraction"": 0.01, ""technology"": ""Thick film"", ""package"": ""0603 / 1608"", ""ratings"": {""power_w_at_70C"": 0.1, ""working_voltage_v"": 75, ""tcr_ppm_per_C"": 100}, ""manufacturer_document"": ""https://yageogroup.com/component-documentation/download/specsheet/RC0603FR-071ML"", ""manufacturer_lifecycle"": ""Documented production series; exact current notices/orderability require refresh"", ""observation_date"": ""2026-10-09"", ""evidence_kind"": ""Indexed primary seller catalogue; reported crawl age retained; not live stock or accepted quote"", ""seller"": ""DigiKey Germany"", ""url"": ""https://www.digikey.de/de/products/detail/yageo/RC0603FR-071ML/729791"", ""reported_crawl_age"": ""last week"", ""stock_observed"": 1566554, ""live_stock"": null, ""moq_observed"": 1, ""order_multiple_observed"": 1, ""retail_pack_size_observed"": 1, ""factory_pack"": 5000, ""packaging"": ""Cut tape / bulk individual; no optional reeling"", ""manufacturer_lead_time_weeks_observed"": 22, ""actual_dispatch_lead_time"": null, ""unit_price_net_eur_observed"": 0.09, ""unit_price_gross_eur_scenario"": 0.1071, ""private_germany_route"": ""See seller_contracts; subject to acceptance and current inventory; no checkout performed"", ""delivered_cost_eur"": null, ""substitutes_qualified"": [], ""qualification_gaps"": [""Loss/leakage/temperature/excess-noise or production population not fully validated""], ""conflicting_observation"": ""Different catalogue alias/older snapshot has different inventory; do not infer live stock""}",
candidate_0023,Rpolar6,RC0603FR-071ML,1,1000000,ohm,0.01,Thick film,0603 / 1608,"{""power_w_at_70C"": 0.1, ""working_voltage_v"": 75, ""tcr_ppm_per_C"": 100}",../../research/procurement/architecture_parts_2026-10-09.yaml#parts/RC0603FR-071ML,2026-10-09,https://yageogroup.com/component-documentation/download/specsheet/RC0603FR-071ML,"{""exact_mpn"": ""RC0603FR-071ML"", ""nominal"": 1000000, ""unit"": ""ohm"", ""tolerance_fraction"": 0.01, ""technology"": ""Thick film"", ""package"": ""0603 / 1608"", ""ratings"": {""power_w_at_70C"": 0.1, ""working_voltage_v"": 75, ""tcr_ppm_per_C"": 100}, ""manufacturer_document"": ""https://yageogroup.com/component-documentation/download/specsheet/RC0603FR-071ML"", ""manufacturer_lifecycle"": ""Documented production series; exact current notices/orderability require refresh"", ""observation_date"": ""2026-10-09"", ""evidence_kind"": ""Indexed primary seller catalogue; reported crawl age retained; not live stock or accepted quote"", ""seller"": ""DigiKey Germany"", ""url"": ""https://www.digikey.de/de/products/detail/yageo/RC0603FR-071ML/729791"", ""reported_crawl_age"": ""last week"", ""stock_observed"": 1566554, ""live_stock"": null, ""moq_observed"": 1, ""order_multiple_observed"": 1, ""retail_pack_size_observed"": 1, ""factory_pack"": 5000, ""packaging"": ""Cut tape / bulk individual; no optional reeling"", ""manufacturer_lead_time_weeks_observed"": 22, ""actual_dispatch_lead_time"": null, ""unit_price_net_eur_observed"": 0.09, ""unit_price_gross_eur_scenario"": 0.1071, ""private_germany_route"": ""See seller_contracts; subject to acceptance and current inventory; no checkout performed"", ""delivered_cost_eur"": null, ""substitutes_qualified"": [], ""qualification_gaps"": [""Loss/leakage/temperature/excess-noise or production population not fully validated""], ""conflicting_observation"": ""Different catalogue alias/older snapshot has different inventory; do not infer live stock""}",
candidate_0023,Rpolar7,RC0603FR-071ML,1,1000000,ohm,0.01,Thick film,0603 / 1608,"{""power_w_at_70C"": 0.1, ""working_voltage_v"": 75, ""tcr_ppm_per_C"": 100}",../../research/procurement/architecture_parts_2026-10-09.yaml#parts/RC0603FR-071ML,2026-10-09,https://yageogroup.com/component-documentation/download/specsheet/RC0603FR-071ML,"{""exact_mpn"": ""RC0603FR-071ML"", ""nominal"": 1000000, ""unit"": ""ohm"", ""tolerance_fraction"": 0.01, ""technology"": ""Thick film"", ""package"": ""0603 / 1608"", ""ratings"": {""power_w_at_70C"": 0.1, ""working_voltage_v"": 75, ""tcr_ppm_per_C"": 100}, ""manufacturer_document"": ""https://yageogroup.com/component-documentation/download/specsheet/RC0603FR-071ML"", ""manufacturer_lifecycle"": ""Documented production series; exact current notices/orderability require refresh"", ""observation_date"": ""2026-10-09"", ""evidence_kind"": ""Indexed primary seller catalogue; reported crawl age retained; not live stock or accepted quote"", ""seller"": ""DigiKey Germany"", ""url"": ""https://www.digikey.de/de/products/detail/yageo/RC0603FR-071ML/729791"", ""reported_crawl_age"": ""last week"", ""stock_observed"": 1566554, ""live_stock"": null, ""moq_observed"": 1, ""order_multiple_observed"": 1, ""retail_pack_size_observed"": 1, ""factory_pack"": 5000, ""packaging"": ""Cut tape / bulk individual; no optional reeling"", ""manufacturer_lead_time_weeks_observed"": 22, ""actual_dispatch_lead_time"": null, ""unit_price_net_eur_observed"": 0.09, ""unit_price_gross_eur_scenario"": 0.1071, ""private_germany_route"": ""See seller_contracts; subject to acceptance and current inventory; no checkout performed"", ""delivered_cost_eur"": null, ""substitutes_qualified"": [], ""qualification_gaps"": [""Loss/leakage/temperature/excess-noise or production population not fully validated""], ""conflicting_observation"": ""Different catalogue alias/older snapshot has different inventory; do not infer live stock""}",
candidate_0023,Rpolar8,RC0603FR-071ML,1,1000000,ohm,0.01,Thick film,0603 / 1608,"{""power_w_at_70C"": 0.1, ""working_voltage_v"": 75, ""tcr_ppm_per_C"": 100}",../../research/procurement/architecture_parts_2026-10-09.yaml#parts/RC0603FR-071ML,2026-10-09,https://yageogroup.com/component-documentation/download/specsheet/RC0603FR-071ML,"{""exact_mpn"": ""RC0603FR-071ML"", ""nominal"": 1000000, ""unit"": ""ohm"", ""tolerance_fraction"": 0.01, ""technology"": ""Thick film"", ""package"": ""0603 / 1608"", ""ratings"": {""power_w_at_70C"": 0.1, ""working_voltage_v"": 75, ""tcr_ppm_per_C"": 100}, ""manufacturer_document"": ""https://yageogroup.com/component-documentation/download/specsheet/RC0603FR-071ML"", ""manufacturer_lifecycle"": ""Documented production series; exact current notices/orderability require refresh"", ""observation_date"": ""2026-10-09"", ""evidence_kind"": ""Indexed primary seller catalogue; reported crawl age retained; not live stock or accepted quote"", ""seller"": ""DigiKey Germany"", ""url"": ""https://www.digikey.de/de/products/detail/yageo/RC0603FR-071ML/729791"", ""reported_crawl_age"": ""last week"", ""stock_observed"": 1566554, ""live_stock"": null, ""moq_observed"": 1, ""order_multiple_observed"": 1, ""retail_pack_size_observed"": 1, ""factory_pack"": 5000, ""packaging"": ""Cut tape / bulk individual; no optional reeling"", ""manufacturer_lead_time_weeks_observed"": 22, ""actual_dispatch_lead_time"": null, ""unit_price_net_eur_observed"": 0.09, ""unit_price_gross_eur_scenario"": 0.1071, ""private_germany_route"": ""See seller_contracts; subject to acceptance and current inventory; no checkout performed"", ""delivered_cost_eur"": null, ""substitutes_qualified"": [], ""qualification_gaps"": [""Loss/leakage/temperature/excess-noise or production population not fully validated""], ""conflicting_observation"": ""Different catalogue alias/older snapshot has different inventory; do not infer live stock""}",
candidate_0023,Rpolar9,RC0603FR-071ML,1,1000000,ohm,0.01,Thick film,0603 / 1608,"{""power_w_at_70C"": 0.1, ""working_voltage_v"": 75, ""tcr_ppm_per_C"": 100}",../../research/procurement/architecture_parts_2026-10-09.yaml#parts/RC0603FR-071ML,2026-10-09,https://yageogroup.com/component-documentation/download/specsheet/RC0603FR-071ML,"{""exact_mpn"": ""RC0603FR-071ML"", ""nominal"": 1000000, ""unit"": ""ohm"", ""tolerance_fraction"": 0.01, ""technology"": ""Thick film"", ""package"": ""0603 / 1608"", ""ratings"": {""power_w_at_70C"": 0.1, ""working_voltage_v"": 75, ""tcr_ppm_per_C"": 100}, ""manufacturer_document"": ""https://yageogroup.com/component-documentation/download/specsheet/RC0603FR-071ML"", ""manufacturer_lifecycle"": ""Documented production series; exact current notices/orderability require refresh"", ""observation_date"": ""2026-10-09"", ""evidence_kind"": ""Indexed primary seller catalogue; reported crawl age retained; not live stock or accepted quote"", ""seller"": ""DigiKey Germany"", ""url"": ""https://www.digikey.de/de/products/detail/yageo/RC0603FR-071ML/729791"", ""reported_crawl_age"": ""last week"", ""stock_observed"": 1566554, ""live_stock"": null, ""moq_observed"": 1, ""order_multiple_observed"": 1, ""retail_pack_size_observed"": 1, ""factory_pack"": 5000, ""packaging"": ""Cut tape / bulk individual; no optional reeling"", ""manufacturer_lead_time_weeks_observed"": 22, ""actual_dispatch_lead_time"": null, ""unit_price_net_eur_observed"": 0.09, ""unit_price_gross_eur_scenario"": 0.1071, ""private_germany_route"": ""See seller_contracts; subject to acceptance and current inventory; no checkout performed"", ""delivered_cost_eur"": null, ""substitutes_qualified"": [], ""qualification_gaps"": [""Loss/leakage/temperature/excess-noise or production population not fully validated""], ""conflicting_observation"": ""Different catalogue alias/older snapshot has different inventory; do not infer live stock""}",
candidate_0023,Cpol,R82EC3100DQ70J,1,1e-07,F,0.05,Metallized PET film R82,Radial 7.2 x 2.5 x 6.6mm; 5mm pitch,"{""voltage_dc_v"": 100}",../../research/procurement/architecture_parts_2026-10-09.yaml#parts/R82EC3100DQ70J,2026-10-09,https://www.digikey.com/htmldatasheets/production/3447437/0/0/1/r82dc3680dq60j.pdf,"{""exact_mpn"": ""R82EC3100DQ70J"", ""nominal"": 1e-07, ""unit"": ""F"", ""tolerance_fraction"": 0.05, ""technology"": ""Metallized PET film R82"", ""package"": ""Radial 7.2 x 2.5 x 6.6mm; 5mm pitch"", ""ratings"": {""voltage_dc_v"": 100}, ""manufacturer_document"": ""https://www.digikey.com/htmldatasheets/production/3447437/0/0/1/r82dc3680dq60j.pdf"", ""manufacturer_lifecycle"": ""Documented production series; exact current notices/orderability require refresh"", ""observation_date"": ""2026-10-09"", ""evidence_kind"": ""Indexed primary seller catalogue; reported crawl age retained; not live stock or accepted quote"", ""seller"": ""DigiKey Germany"", ""url"": ""https://www.digikey.de/en/products/detail/kemet/R82EC3100DQ70J/1930807"", ""reported_crawl_age"": ""German exact price unavailable"", ""stock_observed"": null, ""live_stock"": null, ""moq_observed"": 1, ""order_multiple_observed"": 1, ""retail_pack_size_observed"": 1, ""factory_pack"": null, ""packaging"": ""Cut tape / bulk individual; no optional reeling"", ""manufacturer_lead_time_weeks_observed"": 26, ""actual_dispatch_lead_time"": null, ""unit_price_net_eur_observed"": null, ""unit_price_gross_eur_scenario"": null, ""private_germany_route"": ""See seller_contracts; subject to acceptance and current inventory; no checkout performed"", ""delivered_cost_eur"": null, ""substitutes_qualified"": [], ""qualification_gaps"": [""Loss/leakage/temperature/excess-noise or production population not fully validated""], ""other_territory_observation"": {""seller"": ""DigiKey US"", ""stock"": 64236, ""crawl_age"": ""yesterday"", ""unit_price_usd"": 0.34, ""limitation"": ""Same exact MPN catalogue evidence only; not a German EUR quote or live Germany inventory""}}",
candidate_0023,Rback,RC0603FR-071ML,1,1000000,ohm,0.01,Thick film,0603 / 1608,"{""power_w_at_70C"": 0.1, ""working_voltage_v"": 75, ""tcr_ppm_per_C"": 100}",../../research/procurement/architecture_parts_2026-10-09.yaml#parts/RC0603FR-071ML,2026-10-09,https://yageogroup.com/component-documentation/download/specsheet/RC0603FR-071ML,"{""exact_mpn"": ""RC0603FR-071ML"", ""nominal"": 1000000, ""unit"": ""ohm"", ""tolerance_fraction"": 0.01, ""technology"": ""Thick film"", ""package"": ""0603 / 1608"", ""ratings"": {""power_w_at_70C"": 0.1, ""working_voltage_v"": 75, ""tcr_ppm_per_C"": 100}, ""manufacturer_document"": ""https://yageogroup.com/component-documentation/download/specsheet/RC0603FR-071ML"", ""manufacturer_lifecycle"": ""Documented production series; exact current notices/orderability require refresh"", ""observation_date"": ""2026-10-09"", ""evidence_kind"": ""Indexed primary seller catalogue; reported crawl age retained; not live stock or accepted quote"", ""seller"": ""DigiKey Germany"", ""url"": ""https://www.digikey.de/de/products/detail/yageo/RC0603FR-071ML/729791"", ""reported_crawl_age"": ""last week"", ""stock_observed"": 1566554, ""live_stock"": null, ""moq_observed"": 1, ""order_multiple_observed"": 1, ""retail_pack_size_observed"": 1, ""factory_pack"": 5000, ""packaging"": ""Cut tape / bulk individual; no optional reeling"", ""manufacturer_lead_time_weeks_observed"": 22, ""actual_dispatch_lead_time"": null, ""unit_price_net_eur_observed"": 0.09, ""unit_price_gross_eur_scenario"": 0.1071, ""private_germany_route"": ""See seller_contracts; subject to acceptance and current inventory; no checkout performed"", ""delivered_cost_eur"": null, ""substitutes_qualified"": [], ""qualification_gaps"": [""Loss/leakage/temperature/excess-noise or production population not fully validated""], ""conflicting_observation"": ""Different catalogue alias/older snapshot has different inventory; do not infer live stock""}",
candidate_0023,Rbias,HVA12JA1G00,1,1000000000.0,ohm,0.05,High-voltage metal film,Axial 4 x 11mm,"{""power_w"": 1.2, ""voltage_limit_v"": 8000, ""power_limited_voltage_v"": 34641, ""tcr_ppm_per_C"": 200, ""vcr_ppm_per_v_max"": 20}",../../research/procurement/architecture_parts_2026-10-09.yaml#parts/HVA12JA1G00,2026-10-09,https://www.mouser.com/datasheet/2/385/SEI_HVA-3077810.pdf,"{""exact_mpn"": ""HVA12JA1G00"", ""nominal"": 1000000000.0, ""unit"": ""ohm"", ""tolerance_fraction"": 0.05, ""technology"": ""High-voltage metal film"", ""package"": ""Axial 4 x 11mm"", ""ratings"": {""power_w"": 1.2, ""voltage_limit_v"": 8000, ""power_limited_voltage_v"": 34641, ""tcr_ppm_per_C"": 200, ""vcr_ppm_per_v_max"": 20}, ""manufacturer_document"": ""https://www.mouser.com/datasheet/2/385/SEI_HVA-3077810.pdf"", ""manufacturer_lifecycle"": ""Documented production series; exact current notices/orderability require refresh"", ""observation_date"": ""2026-10-09"", ""evidence_kind"": ""Indexed primary seller catalogue; reported crawl age retained; not live stock or accepted quote"", ""seller"": ""DigiKey Germany"", ""url"": ""https://www.digikey.de/en/products/detail/stackpole-electronics-inc/HVA12JA1G00/6195865"", ""reported_crawl_age"": ""last week filter listing"", ""stock_observed"": 1148, ""live_stock"": null, ""moq_observed"": 1, ""order_multiple_observed"": 1, ""retail_pack_size_observed"": 1, ""factory_pack"": 1000, ""packaging"": ""Cut tape / bulk individual; no optional reeling"", ""manufacturer_lead_time_weeks_observed"": null, ""actual_dispatch_lead_time"": null, ""unit_price_net_eur_observed"": 0.73, ""unit_price_gross_eur_scenario"": 0.8687, ""private_germany_route"": ""See seller_contracts; subject to acceptance and current inventory; no checkout performed"", ""delivered_cost_eur"": null, ""substitutes_qualified"": [], ""qualification_gaps"": [""Loss/leakage/temperature/excess-noise or production population not fully validated""], ""evidence_limit"": ""German distributor filter showed stock/CT price; direct exact product cache miss. CT MOQ1, factory tape-and-box1000 is not a required private pack.""}",
candidate_0023,Rrear,RC0603FR-071KL,1,1000,ohm,0.01,Thick film,0603 / 1608,"{""power_w_at_70C"": 0.1, ""working_voltage_v"": 75, ""tcr_ppm_per_C"": 100}",../../research/procurement/architecture_parts_2026-10-09.yaml#parts/RC0603FR-071KL,2026-10-09,https://yageogroup.com/component-documentation/download/specsheet/RC0603FR-071KL,"{""exact_mpn"": ""RC0603FR-071KL"", ""nominal"": 1000, ""unit"": ""ohm"", ""tolerance_fraction"": 0.01, ""technology"": ""Thick film"", ""package"": ""0603 / 1608"", ""ratings"": {""power_w_at_70C"": 0.1, ""working_voltage_v"": 75, ""tcr_ppm_per_C"": 100}, ""manufacturer_document"": ""https://yageogroup.com/component-documentation/download/specsheet/RC0603FR-071KL"", ""manufacturer_lifecycle"": ""Documented production series; exact current notices/orderability require refresh"", ""observation_date"": ""2026-10-09"", ""evidence_kind"": ""Indexed primary seller catalogue; reported crawl age retained; not live stock or accepted quote"", ""seller"": ""DigiKey Germany"", ""url"": ""https://www.digikey.de/de/products/detail/yageo/RC0603FR-071KL/726843"", ""reported_crawl_age"": ""today"", ""stock_observed"": 2937396, ""live_stock"": null, ""moq_observed"": 1, ""order_multiple_observed"": 1, ""retail_pack_size_observed"": 1, ""factory_pack"": 5000, ""packaging"": ""Cut tape / bulk individual; no optional reeling"", ""manufacturer_lead_time_weeks_observed"": null, ""actual_dispatch_lead_time"": null, ""unit_price_net_eur_observed"": 0.09, ""unit_price_gross_eur_scenario"": 0.1071, ""private_germany_route"": ""See seller_contracts; subject to acceptance and current inventory; no checkout performed"", ""delivered_cost_eur"": null, ""substitutes_qualified"": [], ""qualification_gaps"": [""Loss/leakage/temperature/excess-noise or production population not fully validated""]}",
candidate_0023,Jinput,JFE150DBVR,1,JFE150,device,,N-channel JFET with clamp diodes,DBV SOT-23-5,"{""vds_absolute_v"": [-40, 40], ""vgs_absolute_v"": [-40, 0.9], ""ids_absolute_a"": [-0.05, 0.05], ""note"": ""Absolute ratings are not SOA or operating guarantees""}",../../research/procurement/architecture_parts_2026-10-09.yaml#parts/JFE150DBVR,2026-10-09,https://www.ti.com/lit/ds/symlink/jfe150.pdf,"{""exact_mpn"": ""JFE150DBVR"", ""nominal"": ""JFE150"", ""unit"": ""device"", ""tolerance_fraction"": null, ""technology"": ""N-channel JFET with clamp diodes"", ""package"": ""DBV SOT-23-5"", ""ratings"": {""vds_absolute_v"": [-40, 40], ""vgs_absolute_v"": [-40, 0.9], ""ids_absolute_a"": [-0.05, 0.05], ""note"": ""Absolute ratings are not SOA or operating guarantees""}, ""manufacturer_document"": ""https://www.ti.com/lit/ds/symlink/jfe150.pdf"", ""manufacturer_lifecycle"": ""TI Active production, SLPS732B Apr2023 DBV addendum; exact dealer PROTOTYPE description conflict unresolved"", ""observation_date"": ""2026-10-09"", ""evidence_kind"": ""Indexed primary seller catalogue; reported crawl age retained; not live stock or accepted quote"", ""seller"": ""DigiKey Germany"", ""url"": ""https://www.digikey.de/de/products/detail/texas-instruments/JFE150DBVR/18185049"", ""reported_crawl_age"": ""2026-10-09 blocked; preserve 2026-10-05 parent"", ""stock_observed"": null, ""live_stock"": null, ""moq_observed"": null, ""order_multiple_observed"": 1, ""retail_pack_size_observed"": null, ""factory_pack"": 3000, ""packaging"": ""Cut tape / bulk individual; no optional reeling"", ""manufacturer_lead_time_weeks_observed"": null, ""actual_dispatch_lead_time"": null, ""unit_price_net_eur_observed"": null, ""unit_price_gross_eur_scenario"": null, ""private_germany_route"": ""See seller_contracts; subject to acceptance and current inventory; no checkout performed"", ""delivered_cost_eur"": null, ""substitutes_qualified"": [], ""qualification_gaps"": [""Loss/leakage/temperature/excess-noise or production population not fully validated""], ""parent_register"": ""semiconductors_2026-10-05.yaml"", ""historical_net_eur_scenario"": 1.82}",
candidate_0023,Rsource,RC0603FR-071KL,1,1000,ohm,0.01,Thick film,0603 / 1608,"{""power_w_at_70C"": 0.1, ""working_voltage_v"": 75, ""tcr_ppm_per_C"": 100}",../../research/procurement/architecture_parts_2026-10-09.yaml#parts/RC0603FR-071KL,2026-10-09,https://yageogroup.com/component-documentation/download/specsheet/RC0603FR-071KL,"{""exact_mpn"": ""RC0603FR-071KL"", ""nominal"": 1000, ""unit"": ""ohm"", ""tolerance_fraction"": 0.01, ""technology"": ""Thick film"", ""package"": ""0603 / 1608"", ""ratings"": {""power_w_at_70C"": 0.1, ""working_voltage_v"": 75, ""tcr_ppm_per_C"": 100}, ""manufacturer_document"": ""https://yageogroup.com/component-documentation/download/specsheet/RC0603FR-071KL"", ""manufacturer_lifecycle"": ""Documented production series; exact current notices/orderability require refresh"", ""observation_date"": ""2026-10-09"", ""evidence_kind"": ""Indexed primary seller catalogue; reported crawl age retained; not live stock or accepted quote"", ""seller"": ""DigiKey Germany"", ""url"": ""https://www.digikey.de/de/products/detail/yageo/RC0603FR-071KL/726843"", ""reported_crawl_age"": ""today"", ""stock_observed"": 2937396, ""live_stock"": null, ""moq_observed"": 1, ""order_multiple_observed"": 1, ""retail_pack_size_observed"": 1, ""factory_pack"": 5000, ""packaging"": ""Cut tape / bulk individual; no optional reeling"", ""manufacturer_lead_time_weeks_observed"": null, ""actual_dispatch_lead_time"": null, ""unit_price_net_eur_observed"": 0.09, ""unit_price_gross_eur_scenario"": 0.1071, ""private_germany_route"": ""See seller_contracts; subject to acceptance and current inventory; no checkout performed"", ""delivered_cost_eur"": null, ""substitutes_qualified"": [], ""qualification_gaps"": [""Loss/leakage/temperature/excess-noise or production population not fully validated""]}",
candidate_0023,Caudio,R82EC4100DQ70J,1,1e-06,F,0.05,Metallized PET film R82,Radial 7.2 x 6 x 11.1mm; 5mm pitch,"{""voltage_dc_v"": 100, ""voltage_ac_v"": 63}",../../research/procurement/architecture_parts_2026-10-09.yaml#parts/R82EC4100DQ70J,2026-10-09,https://www.digikey.com/htmldatasheets/production/3447437/0/0/1/r82dc3680dq60j.pdf,"{""exact_mpn"": ""R82EC4100DQ70J"", ""nominal"": 1e-06, ""unit"": ""F"", ""tolerance_fraction"": 0.05, ""technology"": ""Metallized PET film R82"", ""package"": ""Radial 7.2 x 6 x 11.1mm; 5mm pitch"", ""ratings"": {""voltage_dc_v"": 100, ""voltage_ac_v"": 63}, ""manufacturer_document"": ""https://www.digikey.com/htmldatasheets/production/3447437/0/0/1/r82dc3680dq60j.pdf"", ""manufacturer_lifecycle"": ""Documented production series; exact current notices/orderability require refresh"", ""observation_date"": ""2026-10-09"", ""evidence_kind"": ""Indexed primary seller catalogue; reported crawl age retained; not live stock or accepted quote"", ""seller"": ""DigiKey Germany"", ""url"": ""https://www.digikey.de/de/products/detail/kemet/R82EC4100DQ70J/1930809"", ""reported_crawl_age"": ""3 weeks"", ""stock_observed"": 314884, ""live_stock"": null, ""moq_observed"": 1, ""order_multiple_observed"": 1, ""retail_pack_size_observed"": 1, ""factory_pack"": 1400, ""packaging"": ""Cut tape / bulk individual; no optional reeling"", ""manufacturer_lead_time_weeks_observed"": 26, ""actual_dispatch_lead_time"": null, ""unit_price_net_eur_observed"": 0.78, ""unit_price_gross_eur_scenario"": 0.9282, ""private_germany_route"": ""See seller_contracts; subject to acceptance and current inventory; no checkout performed"", ""delivered_cost_eur"": null, ""substitutes_qualified"": [], ""qualification_gaps"": [""Loss/leakage/temperature/excess-noise or production population not fully validated""]}",
candidate_0023,Rsignal,RC0603FR-071ML,1,1000000,ohm,0.01,Thick film,0603 / 1608,"{""power_w_at_70C"": 0.1, ""working_voltage_v"": 75, ""tcr_ppm_per_C"": 100}",../../research/procurement/architecture_parts_2026-10-09.yaml#parts/RC0603FR-071ML,2026-10-09,https://yageogroup.com/component-documentation/download/specsheet/RC0603FR-071ML,"{""exact_mpn"": ""RC0603FR-071ML"", ""nominal"": 1000000, ""unit"": ""ohm"", ""tolerance_fraction"": 0.01, ""technology"": ""Thick film"", ""package"": ""0603 / 1608"", ""ratings"": {""power_w_at_70C"": 0.1, ""working_voltage_v"": 75, ""tcr_ppm_per_C"": 100}, ""manufacturer_document"": ""https://yageogroup.com/component-documentation/download/specsheet/RC0603FR-071ML"", ""manufacturer_lifecycle"": ""Documented production series; exact current notices/orderability require refresh"", ""observation_date"": ""2026-10-09"", ""evidence_kind"": ""Indexed primary seller catalogue; reported crawl age retained; not live stock or accepted quote"", ""seller"": ""DigiKey Germany"", ""url"": ""https://www.digikey.de/de/products/detail/yageo/RC0603FR-071ML/729791"", ""reported_crawl_age"": ""last week"", ""stock_observed"": 1566554, ""live_stock"": null, ""moq_observed"": 1, ""order_multiple_observed"": 1, ""retail_pack_size_observed"": 1, ""factory_pack"": 5000, ""packaging"": ""Cut tape / bulk individual; no optional reeling"", ""manufacturer_lead_time_weeks_observed"": 22, ""actual_dispatch_lead_time"": null, ""unit_price_net_eur_observed"": 0.09, ""unit_price_gross_eur_scenario"": 0.1071, ""private_germany_route"": ""See seller_contracts; subject to acceptance and current inventory; no checkout performed"", ""delivered_cost_eur"": null, ""substitutes_qualified"": [], ""qualification_gaps"": [""Loss/leakage/temperature/excess-noise or production population not fully validated""], ""conflicting_observation"": ""Different catalogue alias/older snapshot has different inventory; do not infer live stock""}",
candidate_0023,Routp,RC0603FR-0747RL,1,47,ohm,0.01,Thick film,0603 / 1608,"{""power_w_at_70C"": 0.1, ""working_voltage_v"": 75, ""tcr_ppm_per_C"": 100}",../../research/procurement/architecture_parts_2026-10-09.yaml#parts/RC0603FR-0747RL,2026-10-09,https://yageogroup.com/component-documentation/download/specsheet/RC0603FR-0747RL,"{""exact_mpn"": ""RC0603FR-0747RL"", ""nominal"": 47, ""unit"": ""ohm"", ""tolerance_fraction"": 0.01, ""technology"": ""Thick film"", ""package"": ""0603 / 1608"", ""ratings"": {""power_w_at_70C"": 0.1, ""working_voltage_v"": 75, ""tcr_ppm_per_C"": 100}, ""manufacturer_document"": ""https://yageogroup.com/component-documentation/download/specsheet/RC0603FR-0747RL"", ""manufacturer_lifecycle"": ""Documented production series; exact current notices/orderability require refresh"", ""observation_date"": ""2026-10-09"", ""evidence_kind"": ""Indexed primary seller catalogue; reported crawl age retained; not live stock or accepted quote"", ""seller"": ""DigiKey Germany"", ""url"": ""https://www.digikey.de/de/products/detail/yageo/RC0603FR-0747RL/727252"", ""reported_crawl_age"": ""2 weeks"", ""stock_observed"": 543536, ""live_stock"": null, ""moq_observed"": 1, ""order_multiple_observed"": 1, ""retail_pack_size_observed"": 1, ""factory_pack"": 5000, ""packaging"": ""Cut tape / bulk individual; no optional reeling"", ""manufacturer_lead_time_weeks_observed"": 17, ""actual_dispatch_lead_time"": null, ""unit_price_net_eur_observed"": 0.09, ""unit_price_gross_eur_scenario"": 0.1071, ""private_germany_route"": ""See seller_contracts; subject to acceptance and current inventory; no checkout performed"", ""delivered_cost_eur"": null, ""substitutes_qualified"": [], ""qualification_gaps"": [""Loss/leakage/temperature/excess-noise or production population not fully validated""]}",
candidate_0023,Routn,RC0603FR-0747RL,1,47,ohm,0.01,Thick film,0603 / 1608,"{""power_w_at_70C"": 0.1, ""working_voltage_v"": 75, ""tcr_ppm_per_C"": 100}",../../research/procurement/architecture_parts_2026-10-09.yaml#parts/RC0603FR-0747RL,2026-10-09,https://yageogroup.com/component-documentation/download/specsheet/RC0603FR-0747RL,"{""exact_mpn"": ""RC0603FR-0747RL"", ""nominal"": 47, ""unit"": ""ohm"", ""tolerance_fraction"": 0.01, ""technology"": ""Thick film"", ""package"": ""0603 / 1608"", ""ratings"": {""power_w_at_70C"": 0.1, ""working_voltage_v"": 75, ""tcr_ppm_per_C"": 100}, ""manufacturer_document"": ""https://yageogroup.com/component-documentation/download/specsheet/RC0603FR-0747RL"", ""manufacturer_lifecycle"": ""Documented production series; exact current notices/orderability require refresh"", ""observation_date"": ""2026-10-09"", ""evidence_kind"": ""Indexed primary seller catalogue; reported crawl age retained; not live stock or accepted quote"", ""seller"": ""DigiKey Germany"", ""url"": ""https://www.digikey.de/de/products/detail/yageo/RC0603FR-0747RL/727252"", ""reported_crawl_age"": ""2 weeks"", ""stock_observed"": 543536, ""live_stock"": null, ""moq_observed"": 1, ""order_multiple_observed"": 1, ""retail_pack_size_observed"": 1, ""factory_pack"": 5000, ""packaging"": ""Cut tape / bulk individual; no optional reeling"", ""manufacturer_lead_time_weeks_observed"": 17, ""actual_dispatch_lead_time"": null, ""unit_price_net_eur_observed"": 0.09, ""unit_price_gross_eur_scenario"": 0.1071, ""private_germany_route"": ""See seller_contracts; subject to acceptance and current inventory; no checkout performed"", ""delivered_cost_eur"": null, ""substitutes_qualified"": [], ""qualification_gaps"": [""Loss/leakage/temperature/excess-noise or production population not fully validated""]}",
candidate_0023,Rservoref0,AC0603FR-0710KL,1,10000,ohm,0.01,Thick film,0603 / 1608,"{""power_w_at_70C"": 0.1, ""working_voltage_v"": 75, ""tcr_ppm_per_C"": 100}",../../research/procurement/architecture_parts_2026-10-09.yaml#parts/AC0603FR-0710KL,2026-10-09,https://yageogroup.com/component-documentation/download/specsheet/AC0603FR-0710KL,"{""exact_mpn"": ""AC0603FR-0710KL"", ""nominal"": 10000, ""unit"": ""ohm"", ""tolerance_fraction"": 0.01, ""technology"": ""Thick film"", ""package"": ""0603 / 1608"", ""ratings"": {""power_w_at_70C"": 0.1, ""working_voltage_v"": 75, ""tcr_ppm_per_C"": 100}, ""manufacturer_document"": ""https://yageogroup.com/component-documentation/download/specsheet/AC0603FR-0710KL"", ""manufacturer_lifecycle"": ""Documented production series; exact current notices/orderability require refresh"", ""observation_date"": ""2026-10-09"", ""evidence_kind"": ""Indexed primary seller catalogue; reported crawl age retained; not live stock or accepted quote"", ""seller"": ""DigiKey Germany"", ""url"": ""https://www.digikey.de/de/products/detail/yageo/AC0603FR-0710KL/2828135"", ""reported_crawl_age"": ""last week"", ""stock_observed"": 1303493, ""live_stock"": null, ""moq_observed"": 1, ""order_multiple_observed"": 1, ""retail_pack_size_observed"": 1, ""factory_pack"": 5000, ""packaging"": ""Cut tape / bulk individual; no optional reeling"", ""manufacturer_lead_time_weeks_observed"": 22, ""actual_dispatch_lead_time"": null, ""unit_price_net_eur_observed"": 0.09, ""unit_price_gross_eur_scenario"": 0.1071, ""private_germany_route"": ""See seller_contracts; subject to acceptance and current inventory; no checkout performed"", ""delivered_cost_eur"": null, ""substitutes_qualified"": [], ""qualification_gaps"": [""Loss/leakage/temperature/excess-noise or production population not fully validated""], ""conflicting_observation"": ""Other catalogue alias shows backorder; exact current shared inventory unconfirmed""}",
candidate_0023,Rservoref1,AC0603FR-0710KL,1,10000,ohm,0.01,Thick film,0603 / 1608,"{""power_w_at_70C"": 0.1, ""working_voltage_v"": 75, ""tcr_ppm_per_C"": 100}",../../research/procurement/architecture_parts_2026-10-09.yaml#parts/AC0603FR-0710KL,2026-10-09,https://yageogroup.com/component-documentation/download/specsheet/AC0603FR-0710KL,"{""exact_mpn"": ""AC0603FR-0710KL"", ""nominal"": 10000, ""unit"": ""ohm"", ""tolerance_fraction"": 0.01, ""technology"": ""Thick film"", ""package"": ""0603 / 1608"", ""ratings"": {""power_w_at_70C"": 0.1, ""working_voltage_v"": 75, ""tcr_ppm_per_C"": 100}, ""manufacturer_document"": ""https://yageogroup.com/component-documentation/download/specsheet/AC0603FR-0710KL"", ""manufacturer_lifecycle"": ""Documented production series; exact current notices/orderability require refresh"", ""observation_date"": ""2026-10-09"", ""evidence_kind"": ""Indexed primary seller catalogue; reported crawl age retained; not live stock or accepted quote"", ""seller"": ""DigiKey Germany"", ""url"": ""https://www.digikey.de/de/products/detail/yageo/AC0603FR-0710KL/2828135"", ""reported_crawl_age"": ""last week"", ""stock_observed"": 1303493, ""live_stock"": null, ""moq_observed"": 1, ""order_multiple_observed"": 1, ""retail_pack_size_observed"": 1, ""factory_pack"": 5000, ""packaging"": ""Cut tape / bulk individual; no optional reeling"", ""manufacturer_lead_time_weeks_observed"": 22, ""actual_dispatch_lead_time"": null, ""unit_price_net_eur_observed"": 0.09, ""unit_price_gross_eur_scenario"": 0.1071, ""private_germany_route"": ""See seller_contracts; subject to acceptance and current inventory; no checkout performed"", ""delivered_cost_eur"": null, ""substitutes_qualified"": [], ""qualification_gaps"": [""Loss/leakage/temperature/excess-noise or production population not fully validated""], ""conflicting_observation"": ""Other catalogue alias shows backorder; exact current shared inventory unconfirmed""}",
candidate_0023,Rservoref2,AC0603FR-0710KL,1,10000,ohm,0.01,Thick film,0603 / 1608,"{""power_w_at_70C"": 0.1, ""working_voltage_v"": 75, ""tcr_ppm_per_C"": 100}",../../research/procurement/architecture_parts_2026-10-09.yaml#parts/AC0603FR-0710KL,2026-10-09,https://yageogroup.com/component-documentation/download/specsheet/AC0603FR-0710KL,"{""exact_mpn"": ""AC0603FR-0710KL"", ""nominal"": 10000, ""unit"": ""ohm"", ""tolerance_fraction"": 0.01, ""technology"": ""Thick film"", ""package"": ""0603 / 1608"", ""ratings"": {""power_w_at_70C"": 0.1, ""working_voltage_v"": 75, ""tcr_ppm_per_C"": 100}, ""manufacturer_document"": ""https://yageogroup.com/component-documentation/download/specsheet/AC0603FR-0710KL"", ""manufacturer_lifecycle"": ""Documented production series; exact current notices/orderability require refresh"", ""observation_date"": ""2026-10-09"", ""evidence_kind"": ""Indexed primary seller catalogue; reported crawl age retained; not live stock or accepted quote"", ""seller"": ""DigiKey Germany"", ""url"": ""https://www.digikey.de/de/products/detail/yageo/AC0603FR-0710KL/2828135"", ""reported_crawl_age"": ""last week"", ""stock_observed"": 1303493, ""live_stock"": null, ""moq_observed"": 1, ""order_multiple_observed"": 1, ""retail_pack_size_observed"": 1, ""factory_pack"": 5000, ""packaging"": ""Cut tape / bulk individual; no optional reeling"", ""manufacturer_lead_time_weeks_observed"": 22, ""actual_dispatch_lead_time"": null, ""unit_price_net_eur_observed"": 0.09, ""unit_price_gross_eur_scenario"": 0.1071, ""private_germany_route"": ""See seller_contracts; subject to acceptance and current inventory; no checkout performed"", ""delivered_cost_eur"": null, ""substitutes_qualified"": [], ""qualification_gaps"": [""Loss/leakage/temperature/excess-noise or production population not fully validated""], ""conflicting_observation"": ""Other catalogue alias shows backorder; exact current shared inventory unconfirmed""}",
candidate_0023,Rservoref3,AC0603FR-0710KL,1,10000,ohm,0.01,Thick film,0603 / 1608,"{""power_w_at_70C"": 0.1, ""working_voltage_v"": 75, ""tcr_ppm_per_C"": 100}",../../research/procurement/architecture_parts_2026-10-09.yaml#parts/AC0603FR-0710KL,2026-10-09,https://yageogroup.com/component-documentation/download/specsheet/AC0603FR-0710KL,"{""exact_mpn"": ""AC0603FR-0710KL"", ""nominal"": 10000, ""unit"": ""ohm"", ""tolerance_fraction"": 0.01, ""technology"": ""Thick film"", ""package"": ""0603 / 1608"", ""ratings"": {""power_w_at_70C"": 0.1, ""working_voltage_v"": 75, ""tcr_ppm_per_C"": 100}, ""manufacturer_document"": ""https://yageogroup.com/component-documentation/download/specsheet/AC0603FR-0710KL"", ""manufacturer_lifecycle"": ""Documented production series; exact current notices/orderability require refresh"", ""observation_date"": ""2026-10-09"", ""evidence_kind"": ""Indexed primary seller catalogue; reported crawl age retained; not live stock or accepted quote"", ""seller"": ""DigiKey Germany"", ""url"": ""https://www.digikey.de/de/products/detail/yageo/AC0603FR-0710KL/2828135"", ""reported_crawl_age"": ""last week"", ""stock_observed"": 1303493, ""live_stock"": null, ""moq_observed"": 1, ""order_multiple_observed"": 1, ""retail_pack_size_observed"": 1, ""factory_pack"": 5000, ""packaging"": ""Cut tape / bulk individual; no optional reeling"", ""manufacturer_lead_time_weeks_observed"": 22, ""actual_dispatch_lead_time"": null, ""unit_price_net_eur_observed"": 0.09, ""unit_price_gross_eur_scenario"": 0.1071, ""private_germany_route"": ""See seller_contracts; subject to acceptance and current inventory; no checkout performed"", ""delivered_cost_eur"": null, ""substitutes_qualified"": [], ""qualification_gaps"": [""Loss/leakage/temperature/excess-noise or production population not fully validated""], ""conflicting_observation"": ""Other catalogue alias shows backorder; exact current shared inventory unconfirmed""}",
candidate_0023,Rservoref4,AC0603FR-0710KL,1,10000,ohm,0.01,Thick film,0603 / 1608,"{""power_w_at_70C"": 0.1, ""working_voltage_v"": 75, ""tcr_ppm_per_C"": 100}",../../research/procurement/architecture_parts_2026-10-09.yaml#parts/AC0603FR-0710KL,2026-10-09,https://yageogroup.com/component-documentation/download/specsheet/AC0603FR-0710KL,"{""exact_mpn"": ""AC0603FR-0710KL"", ""nominal"": 10000, ""unit"": ""ohm"", ""tolerance_fraction"": 0.01, ""technology"": ""Thick film"", ""package"": ""0603 / 1608"", ""ratings"": {""power_w_at_70C"": 0.1, ""working_voltage_v"": 75, ""tcr_ppm_per_C"": 100}, ""manufacturer_document"": ""https://yageogroup.com/component-documentation/download/specsheet/AC0603FR-0710KL"", ""manufacturer_lifecycle"": ""Documented production series; exact current notices/orderability require refresh"", ""observation_date"": ""2026-10-09"", ""evidence_kind"": ""Indexed primary seller catalogue; reported crawl age retained; not live stock or accepted quote"", ""seller"": ""DigiKey Germany"", ""url"": ""https://www.digikey.de/de/products/detail/yageo/AC0603FR-0710KL/2828135"", ""reported_crawl_age"": ""last week"", ""stock_observed"": 1303493, ""live_stock"": null, ""moq_observed"": 1, ""order_multiple_observed"": 1, ""retail_pack_size_observed"": 1, ""factory_pack"": 5000, ""packaging"": ""Cut tape / bulk individual; no optional reeling"", ""manufacturer_lead_time_weeks_observed"": 22, ""actual_dispatch_lead_time"": null, ""unit_price_net_eur_observed"": 0.09, ""unit_price_gross_eur_scenario"": 0.1071, ""private_germany_route"": ""See seller_contracts; subject to acceptance and current inventory; no checkout performed"", ""delivered_cost_eur"": null, ""substitutes_qualified"": [], ""qualification_gaps"": [""Loss/leakage/temperature/excess-noise or production population not fully validated""], ""conflicting_observation"": ""Other catalogue alias shows backorder; exact current shared inventory unconfirmed""}",
candidate_0023,Rservoref5,AC0603FR-0710KL,1,10000,ohm,0.01,Thick film,0603 / 1608,"{""power_w_at_70C"": 0.1, ""working_voltage_v"": 75, ""tcr_ppm_per_C"": 100}",../../research/procurement/architecture_parts_2026-10-09.yaml#parts/AC0603FR-0710KL,2026-10-09,https://yageogroup.com/component-documentation/download/specsheet/AC0603FR-0710KL,"{""exact_mpn"": ""AC0603FR-0710KL"", ""nominal"": 10000, ""unit"": ""ohm"", ""tolerance_fraction"": 0.01, ""technology"": ""Thick film"", ""package"": ""0603 / 1608"", ""ratings"": {""power_w_at_70C"": 0.1, ""working_voltage_v"": 75, ""tcr_ppm_per_C"": 100}, ""manufacturer_document"": ""https://yageogroup.com/component-documentation/download/specsheet/AC0603FR-0710KL"", ""manufacturer_lifecycle"": ""Documented production series; exact current notices/orderability require refresh"", ""observation_date"": ""2026-10-09"", ""evidence_kind"": ""Indexed primary seller catalogue; reported crawl age retained; not live stock or accepted quote"", ""seller"": ""DigiKey Germany"", ""url"": ""https://www.digikey.de/de/products/detail/yageo/AC0603FR-0710KL/2828135"", ""reported_crawl_age"": ""last week"", ""stock_observed"": 1303493, ""live_stock"": null, ""moq_observed"": 1, ""order_multiple_observed"": 1, ""retail_pack_size_observed"": 1, ""factory_pack"": 5000, ""packaging"": ""Cut tape / bulk individual; no optional reeling"", ""manufacturer_lead_time_weeks_observed"": 22, ""actual_dispatch_lead_time"": null, ""unit_price_net_eur_observed"": 0.09, ""unit_price_gross_eur_scenario"": 0.1071, ""private_germany_route"": ""See seller_contracts; subject to acceptance and current inventory; no checkout performed"", ""delivered_cost_eur"": null, ""substitutes_qualified"": [], ""qualification_gaps"": [""Loss/leakage/temperature/excess-noise or production population not fully validated""], ""conflicting_observation"": ""Other catalogue alias shows backorder; exact current shared inventory unconfirmed""}",
candidate_0023,Rservoref6,AC0603FR-0710KL,1,10000,ohm,0.01,Thick film,0603 / 1608,"{""power_w_at_70C"": 0.1, ""working_voltage_v"": 75, ""tcr_ppm_per_C"": 100}",../../research/procurement/architecture_parts_2026-10-09.yaml#parts/AC0603FR-0710KL,2026-10-09,https://yageogroup.com/component-documentation/download/specsheet/AC0603FR-0710KL,"{""exact_mpn"": ""AC0603FR-0710KL"", ""nominal"": 10000, ""unit"": ""ohm"", ""tolerance_fraction"": 0.01, ""technology"": ""Thick film"", ""package"": ""0603 / 1608"", ""ratings"": {""power_w_at_70C"": 0.1, ""working_voltage_v"": 75, ""tcr_ppm_per_C"": 100}, ""manufacturer_document"": ""https://yageogroup.com/component-documentation/download/specsheet/AC0603FR-0710KL"", ""manufacturer_lifecycle"": ""Documented production series; exact current notices/orderability require refresh"", ""observation_date"": ""2026-10-09"", ""evidence_kind"": ""Indexed primary seller catalogue; reported crawl age retained; not live stock or accepted quote"", ""seller"": ""DigiKey Germany"", ""url"": ""https://www.digikey.de/de/products/detail/yageo/AC0603FR-0710KL/2828135"", ""reported_crawl_age"": ""last week"", ""stock_observed"": 1303493, ""live_stock"": null, ""moq_observed"": 1, ""order_multiple_observed"": 1, ""retail_pack_size_observed"": 1, ""factory_pack"": 5000, ""packaging"": ""Cut tape / bulk individual; no optional reeling"", ""manufacturer_lead_time_weeks_observed"": 22, ""actual_dispatch_lead_time"": null, ""unit_price_net_eur_observed"": 0.09, ""unit_price_gross_eur_scenario"": 0.1071, ""private_germany_route"": ""See seller_contracts; subject to acceptance and current inventory; no checkout performed"", ""delivered_cost_eur"": null, ""substitutes_qualified"": [], ""qualification_gaps"": [""Loss/leakage/temperature/excess-noise or production population not fully validated""], ""conflicting_observation"": ""Other catalogue alias shows backorder; exact current shared inventory unconfirmed""}",
candidate_0023,Rservoref7,AC0603FR-0710KL,1,10000,ohm,0.01,Thick film,0603 / 1608,"{""power_w_at_70C"": 0.1, ""working_voltage_v"": 75, ""tcr_ppm_per_C"": 100}",../../research/procurement/architecture_parts_2026-10-09.yaml#parts/AC0603FR-0710KL,2026-10-09,https://yageogroup.com/component-documentation/download/specsheet/AC0603FR-0710KL,"{""exact_mpn"": ""AC0603FR-0710KL"", ""nominal"": 10000, ""unit"": ""ohm"", ""tolerance_fraction"": 0.01, ""technology"": ""Thick film"", ""package"": ""0603 / 1608"", ""ratings"": {""power_w_at_70C"": 0.1, ""working_voltage_v"": 75, ""tcr_ppm_per_C"": 100}, ""manufacturer_document"": ""https://yageogroup.com/component-documentation/download/specsheet/AC0603FR-0710KL"", ""manufacturer_lifecycle"": ""Documented production series; exact current notices/orderability require refresh"", ""observation_date"": ""2026-10-09"", ""evidence_kind"": ""Indexed primary seller catalogue; reported crawl age retained; not live stock or accepted quote"", ""seller"": ""DigiKey Germany"", ""url"": ""https://www.digikey.de/de/products/detail/yageo/AC0603FR-0710KL/2828135"", ""reported_crawl_age"": ""last week"", ""stock_observed"": 1303493, ""live_stock"": null, ""moq_observed"": 1, ""order_multiple_observed"": 1, ""retail_pack_size_observed"": 1, ""factory_pack"": 5000, ""packaging"": ""Cut tape / bulk individual; no optional reeling"", ""manufacturer_lead_time_weeks_observed"": 22, ""actual_dispatch_lead_time"": null, ""unit_price_net_eur_observed"": 0.09, ""unit_price_gross_eur_scenario"": 0.1071, ""private_germany_route"": ""See seller_contracts; subject to acceptance and current inventory; no checkout performed"", ""delivered_cost_eur"": null, ""substitutes_qualified"": [], ""qualification_gaps"": [""Loss/leakage/temperature/excess-noise or production population not fully validated""], ""conflicting_observation"": ""Other catalogue alias shows backorder; exact current shared inventory unconfirmed""}",
candidate_0023,Rservoref8,AC0603FR-0710KL,1,10000,ohm,0.01,Thick film,0603 / 1608,"{""power_w_at_70C"": 0.1, ""working_voltage_v"": 75, ""tcr_ppm_per_C"": 100}",../../research/procurement/architecture_parts_2026-10-09.yaml#parts/AC0603FR-0710KL,2026-10-09,https://yageogroup.com/component-documentation/download/specsheet/AC0603FR-0710KL,"{""exact_mpn"": ""AC0603FR-0710KL"", ""nominal"": 10000, ""unit"": ""ohm"", ""tolerance_fraction"": 0.01, ""technology"": ""Thick film"", ""package"": ""0603 / 1608"", ""ratings"": {""power_w_at_70C"": 0.1, ""working_voltage_v"": 75, ""tcr_ppm_per_C"": 100}, ""manufacturer_document"": ""https://yageogroup.com/component-documentation/download/specsheet/AC0603FR-0710KL"", ""manufacturer_lifecycle"": ""Documented production series; exact current notices/orderability require refresh"", ""observation_date"": ""2026-10-09"", ""evidence_kind"": ""Indexed primary seller catalogue; reported crawl age retained; not live stock or accepted quote"", ""seller"": ""DigiKey Germany"", ""url"": ""https://www.digikey.de/de/products/detail/yageo/AC0603FR-0710KL/2828135"", ""reported_crawl_age"": ""last week"", ""stock_observed"": 1303493, ""live_stock"": null, ""moq_observed"": 1, ""order_multiple_observed"": 1, ""retail_pack_size_observed"": 1, ""factory_pack"": 5000, ""packaging"": ""Cut tape / bulk individual; no optional reeling"", ""manufacturer_lead_time_weeks_observed"": 22, ""actual_dispatch_lead_time"": null, ""unit_price_net_eur_observed"": 0.09, ""unit_price_gross_eur_scenario"": 0.1071, ""private_germany_route"": ""See seller_contracts; subject to acceptance and current inventory; no checkout performed"", ""delivered_cost_eur"": null, ""substitutes_qualified"": [], ""qualification_gaps"": [""Loss/leakage/temperature/excess-noise or production population not fully validated""], ""conflicting_observation"": ""Other catalogue alias shows backorder; exact current shared inventory unconfirmed""}",
candidate_0023,Rservoref9,AC0603FR-0710KL,1,10000,ohm,0.01,Thick film,0603 / 1608,"{""power_w_at_70C"": 0.1, ""working_voltage_v"": 75, ""tcr_ppm_per_C"": 100}",../../research/procurement/architecture_parts_2026-10-09.yaml#parts/AC0603FR-0710KL,2026-10-09,https://yageogroup.com/component-documentation/download/specsheet/AC0603FR-0710KL,"{""exact_mpn"": ""AC0603FR-0710KL"", ""nominal"": 10000, ""unit"": ""ohm"", ""tolerance_fraction"": 0.01, ""technology"": ""Thick film"", ""package"": ""0603 / 1608"", ""ratings"": {""power_w_at_70C"": 0.1, ""working_voltage_v"": 75, ""tcr_ppm_per_C"": 100}, ""manufacturer_document"": ""https://yageogroup.com/component-documentation/download/specsheet/AC0603FR-0710KL"", ""manufacturer_lifecycle"": ""Documented production series; exact current notices/orderability require refresh"", ""observation_date"": ""2026-10-09"", ""evidence_kind"": ""Indexed primary seller catalogue; reported crawl age retained; not live stock or accepted quote"", ""seller"": ""DigiKey Germany"", ""url"": ""https://www.digikey.de/de/products/detail/yageo/AC0603FR-0710KL/2828135"", ""reported_crawl_age"": ""last week"", ""stock_observed"": 1303493, ""live_stock"": null, ""moq_observed"": 1, ""order_multiple_observed"": 1, ""retail_pack_size_observed"": 1, ""factory_pack"": 5000, ""packaging"": ""Cut tape / bulk individual; no optional reeling"", ""manufacturer_lead_time_weeks_observed"": 22, ""actual_dispatch_lead_time"": null, ""unit_price_net_eur_observed"": 0.09, ""unit_price_gross_eur_scenario"": 0.1071, ""private_germany_route"": ""See seller_contracts; subject to acceptance and current inventory; no checkout performed"", ""delivered_cost_eur"": null, ""substitutes_qualified"": [], ""qualification_gaps"": [""Loss/leakage/temperature/excess-noise or production population not fully validated""], ""conflicting_observation"": ""Other catalogue alias shows backorder; exact current shared inventory unconfirmed""}",
candidate_0023,Rservoref10,AC0603FR-0710KL,1,10000,ohm,0.01,Thick film,0603 / 1608,"{""power_w_at_70C"": 0.1, ""working_voltage_v"": 75, ""tcr_ppm_per_C"": 100}",../../research/procurement/architecture_parts_2026-10-09.yaml#parts/AC0603FR-0710KL,2026-10-09,https://yageogroup.com/component-documentation/download/specsheet/AC0603FR-0710KL,"{""exact_mpn"": ""AC0603FR-0710KL"", ""nominal"": 10000, ""unit"": ""ohm"", ""tolerance_fraction"": 0.01, ""technology"": ""Thick film"", ""package"": ""0603 / 1608"", ""ratings"": {""power_w_at_70C"": 0.1, ""working_voltage_v"": 75, ""tcr_ppm_per_C"": 100}, ""manufacturer_document"": ""https://yageogroup.com/component-documentation/download/specsheet/AC0603FR-0710KL"", ""manufacturer_lifecycle"": ""Documented production series; exact current notices/orderability require refresh"", ""observation_date"": ""2026-10-09"", ""evidence_kind"": ""Indexed primary seller catalogue; reported crawl age retained; not live stock or accepted quote"", ""seller"": ""DigiKey Germany"", ""url"": ""https://www.digikey.de/de/products/detail/yageo/AC0603FR-0710KL/2828135"", ""reported_crawl_age"": ""last week"", ""stock_observed"": 1303493, ""live_stock"": null, ""moq_observed"": 1, ""order_multiple_observed"": 1, ""retail_pack_size_observed"": 1, ""factory_pack"": 5000, ""packaging"": ""Cut tape / bulk individual; no optional reeling"", ""manufacturer_lead_time_weeks_observed"": 22, ""actual_dispatch_lead_time"": null, ""unit_price_net_eur_observed"": 0.09, ""unit_price_gross_eur_scenario"": 0.1071, ""private_germany_route"": ""See seller_contracts; subject to acceptance and current inventory; no checkout performed"", ""delivered_cost_eur"": null, ""substitutes_qualified"": [], ""qualification_gaps"": [""Loss/leakage/temperature/excess-noise or production population not fully validated""], ""conflicting_observation"": ""Other catalogue alias shows backorder; exact current shared inventory unconfirmed""}",
candidate_0023,Rservoref11,AC0603FR-0710KL,1,10000,ohm,0.01,Thick film,0603 / 1608,"{""power_w_at_70C"": 0.1, ""working_voltage_v"": 75, ""tcr_ppm_per_C"": 100}",../../research/procurement/architecture_parts_2026-10-09.yaml#parts/AC0603FR-0710KL,2026-10-09,https://yageogroup.com/component-documentation/download/specsheet/AC0603FR-0710KL,"{""exact_mpn"": ""AC0603FR-0710KL"", ""nominal"": 10000, ""unit"": ""ohm"", ""tolerance_fraction"": 0.01, ""technology"": ""Thick film"", ""package"": ""0603 / 1608"", ""ratings"": {""power_w_at_70C"": 0.1, ""working_voltage_v"": 75, ""tcr_ppm_per_C"": 100}, ""manufacturer_document"": ""https://yageogroup.com/component-documentation/download/specsheet/AC0603FR-0710KL"", ""manufacturer_lifecycle"": ""Documented production series; exact current notices/orderability require refresh"", ""observation_date"": ""2026-10-09"", ""evidence_kind"": ""Indexed primary seller catalogue; reported crawl age retained; not live stock or accepted quote"", ""seller"": ""DigiKey Germany"", ""url"": ""https://www.digikey.de/de/products/detail/yageo/AC0603FR-0710KL/2828135"", ""reported_crawl_age"": ""last week"", ""stock_observed"": 1303493, ""live_stock"": null, ""moq_observed"": 1, ""order_multiple_observed"": 1, ""retail_pack_size_observed"": 1, ""factory_pack"": 5000, ""packaging"": ""Cut tape / bulk individual; no optional reeling"", ""manufacturer_lead_time_weeks_observed"": 22, ""actual_dispatch_lead_time"": null, ""unit_price_net_eur_observed"": 0.09, ""unit_price_gross_eur_scenario"": 0.1071, ""private_germany_route"": ""See seller_contracts; subject to acceptance and current inventory; no checkout performed"", ""delivered_cost_eur"": null, ""substitutes_qualified"": [], ""qualification_gaps"": [""Loss/leakage/temperature/excess-noise or production population not fully validated""], ""conflicting_observation"": ""Other catalogue alias shows backorder; exact current shared inventory unconfirmed""}",
candidate_0023,Rservoref12,AC0603FR-0710KL,1,10000,ohm,0.01,Thick film,0603 / 1608,"{""power_w_at_70C"": 0.1, ""working_voltage_v"": 75, ""tcr_ppm_per_C"": 100}",../../research/procurement/architecture_parts_2026-10-09.yaml#parts/AC0603FR-0710KL,2026-10-09,https://yageogroup.com/component-documentation/download/specsheet/AC0603FR-0710KL,"{""exact_mpn"": ""AC0603FR-0710KL"", ""nominal"": 10000, ""unit"": ""ohm"", ""tolerance_fraction"": 0.01, ""technology"": ""Thick film"", ""package"": ""0603 / 1608"", ""ratings"": {""power_w_at_70C"": 0.1, ""working_voltage_v"": 75, ""tcr_ppm_per_C"": 100}, ""manufacturer_document"": ""https://yageogroup.com/component-documentation/download/specsheet/AC0603FR-0710KL"", ""manufacturer_lifecycle"": ""Documented production series; exact current notices/orderability require refresh"", ""observation_date"": ""2026-10-09"", ""evidence_kind"": ""Indexed primary seller catalogue; reported crawl age retained; not live stock or accepted quote"", ""seller"": ""DigiKey Germany"", ""url"": ""https://www.digikey.de/de/products/detail/yageo/AC0603FR-0710KL/2828135"", ""reported_crawl_age"": ""last week"", ""stock_observed"": 1303493, ""live_stock"": null, ""moq_observed"": 1, ""order_multiple_observed"": 1, ""retail_pack_size_observed"": 1, ""factory_pack"": 5000, ""packaging"": ""Cut tape / bulk individual; no optional reeling"", ""manufacturer_lead_time_weeks_observed"": 22, ""actual_dispatch_lead_time"": null, ""unit_price_net_eur_observed"": 0.09, ""unit_price_gross_eur_scenario"": 0.1071, ""private_germany_route"": ""See seller_contracts; subject to acceptance and current inventory; no checkout performed"", ""delivered_cost_eur"": null, ""substitutes_qualified"": [], ""qualification_gaps"": [""Loss/leakage/temperature/excess-noise or production population not fully validated""], ""conflicting_observation"": ""Other catalogue alias shows backorder; exact current shared inventory unconfirmed""}",
candidate_0023,Rservoref13,AC0603FR-0710KL,1,10000,ohm,0.01,Thick film,0603 / 1608,"{""power_w_at_70C"": 0.1, ""working_voltage_v"": 75, ""tcr_ppm_per_C"": 100}",../../research/procurement/architecture_parts_2026-10-09.yaml#parts/AC0603FR-0710KL,2026-10-09,https://yageogroup.com/component-documentation/download/specsheet/AC0603FR-0710KL,"{""exact_mpn"": ""AC0603FR-0710KL"", ""nominal"": 10000, ""unit"": ""ohm"", ""tolerance_fraction"": 0.01, ""technology"": ""Thick film"", ""package"": ""0603 / 1608"", ""ratings"": {""power_w_at_70C"": 0.1, ""working_voltage_v"": 75, ""tcr_ppm_per_C"": 100}, ""manufacturer_document"": ""https://yageogroup.com/component-documentation/download/specsheet/AC0603FR-0710KL"", ""manufacturer_lifecycle"": ""Documented production series; exact current notices/orderability require refresh"", ""observation_date"": ""2026-10-09"", ""evidence_kind"": ""Indexed primary seller catalogue; reported crawl age retained; not live stock or accepted quote"", ""seller"": ""DigiKey Germany"", ""url"": ""https://www.digikey.de/de/products/detail/yageo/AC0603FR-0710KL/2828135"", ""reported_crawl_age"": ""last week"", ""stock_observed"": 1303493, ""live_stock"": null, ""moq_observed"": 1, ""order_multiple_observed"": 1, ""retail_pack_size_observed"": 1, ""factory_pack"": 5000, ""packaging"": ""Cut tape / bulk individual; no optional reeling"", ""manufacturer_lead_time_weeks_observed"": 22, ""actual_dispatch_lead_time"": null, ""unit_price_net_eur_observed"": 0.09, ""unit_price_gross_eur_scenario"": 0.1071, ""private_germany_route"": ""See seller_contracts; subject to acceptance and current inventory; no checkout performed"", ""delivered_cost_eur"": null, ""substitutes_qualified"": [], ""qualification_gaps"": [""Loss/leakage/temperature/excess-noise or production population not fully validated""], ""conflicting_observation"": ""Other catalogue alias shows backorder; exact current shared inventory unconfirmed""}",
candidate_0023,Rservoref14,AC0603FR-0710KL,1,10000,ohm,0.01,Thick film,0603 / 1608,"{""power_w_at_70C"": 0.1, ""working_voltage_v"": 75, ""tcr_ppm_per_C"": 100}",../../research/procurement/architecture_parts_2026-10-09.yaml#parts/AC0603FR-0710KL,2026-10-09,https://yageogroup.com/component-documentation/download/specsheet/AC0603FR-0710KL,"{""exact_mpn"": ""AC0603FR-0710KL"", ""nominal"": 10000, ""unit"": ""ohm"", ""tolerance_fraction"": 0.01, ""technology"": ""Thick film"", ""package"": ""0603 / 1608"", ""ratings"": {""power_w_at_70C"": 0.1, ""working_voltage_v"": 75, ""tcr_ppm_per_C"": 100}, ""manufacturer_document"": ""https://yageogroup.com/component-documentation/download/specsheet/AC0603FR-0710KL"", ""manufacturer_lifecycle"": ""Documented production series; exact current notices/orderability require refresh"", ""observation_date"": ""2026-10-09"", ""evidence_kind"": ""Indexed primary seller catalogue; reported crawl age retained; not live stock or accepted quote"", ""seller"": ""DigiKey Germany"", ""url"": ""https://www.digikey.de/de/products/detail/yageo/AC0603FR-0710KL/2828135"", ""reported_crawl_age"": ""last week"", ""stock_observed"": 1303493, ""live_stock"": null, ""moq_observed"": 1, ""order_multiple_observed"": 1, ""retail_pack_size_observed"": 1, ""factory_pack"": 5000, ""packaging"": ""Cut tape / bulk individual; no optional reeling"", ""manufacturer_lead_time_weeks_observed"": 22, ""actual_dispatch_lead_time"": null, ""unit_price_net_eur_observed"": 0.09, ""unit_price_gross_eur_scenario"": 0.1071, ""private_germany_route"": ""See seller_contracts; subject to acceptance and current inventory; no checkout performed"", ""delivered_cost_eur"": null, ""substitutes_qualified"": [], ""qualification_gaps"": [""Loss/leakage/temperature/excess-noise or production population not fully validated""], ""conflicting_observation"": ""Other catalogue alias shows backorder; exact current shared inventory unconfirmed""}",
candidate_0023,Rservorefground,AC0603FR-0710KL,1,10000,ohm,0.01,Thick film,0603 / 1608,"{""power_w_at_70C"": 0.1, ""working_voltage_v"": 75, ""tcr_ppm_per_C"": 100}",../../research/procurement/architecture_parts_2026-10-09.yaml#parts/AC0603FR-0710KL,2026-10-09,https://yageogroup.com/component-documentation/download/specsheet/AC0603FR-0710KL,"{""exact_mpn"": ""AC0603FR-0710KL"", ""nominal"": 10000, ""unit"": ""ohm"", ""tolerance_fraction"": 0.01, ""technology"": ""Thick film"", ""package"": ""0603 / 1608"", ""ratings"": {""power_w_at_70C"": 0.1, ""working_voltage_v"": 75, ""tcr_ppm_per_C"": 100}, ""manufacturer_document"": ""https://yageogroup.com/component-documentation/download/specsheet/AC0603FR-0710KL"", ""manufacturer_lifecycle"": ""Documented production series; exact current notices/orderability require refresh"", ""observation_date"": ""2026-10-09"", ""evidence_kind"": ""Indexed primary seller catalogue; reported crawl age retained; not live stock or accepted quote"", ""seller"": ""DigiKey Germany"", ""url"": ""https://www.digikey.de/de/products/detail/yageo/AC0603FR-0710KL/2828135"", ""reported_crawl_age"": ""last week"", ""stock_observed"": 1303493, ""live_stock"": null, ""moq_observed"": 1, ""order_multiple_observed"": 1, ""retail_pack_size_observed"": 1, ""factory_pack"": 5000, ""packaging"": ""Cut tape / bulk individual; no optional reeling"", ""manufacturer_lead_time_weeks_observed"": 22, ""actual_dispatch_lead_time"": null, ""unit_price_net_eur_observed"": 0.09, ""unit_price_gross_eur_scenario"": 0.1071, ""private_germany_route"": ""See seller_contracts; subject to acceptance and current inventory; no checkout performed"", ""delivered_cost_eur"": null, ""substitutes_qualified"": [], ""qualification_gaps"": [""Loss/leakage/temperature/excess-noise or production population not fully validated""], ""conflicting_observation"": ""Other catalogue alias shows backorder; exact current shared inventory unconfirmed""}",
candidate_0023,Cservoref,EEU-FR1J470,1,4.7e-05,F,0.2,Polar aluminium electrolytic FR-A,Radial 6.3 x 12.7mm; 2.5mm pitch,"{""voltage_v"": 63, ""temperature_C"": 105, ""life_hours_at_105C"": 5000}",../../research/procurement/robust_parts_2026-10-09.yaml#part,2026-10-09,,"{""exact_mpn"": ""EEU-FR1J470"", ""nominal"": 4.7e-05, ""unit"": ""F"", ""tolerance_fraction"": 0.2, ""technology"": ""Polar aluminium electrolytic FR-A"", ""package"": ""Radial 6.3 x 12.7mm; 2.5mm pitch"", ""ratings"": {""voltage_v"": 63, ""temperature_C"": 105, ""life_hours_at_105C"": 5000}, ""manufacturer_document"": null, ""manufacturer_lifecycle"": ""Documented production series; exact current notices/orderability require refresh"", ""observation_date"": ""2026-10-09"", ""evidence_kind"": ""Indexed primary seller catalogue; reported crawl age retained; not live stock or accepted quote"", ""seller"": ""DigiKey Germany"", ""url"": ""https://www.digikey.de/de/products/detail/panasonic-electronic-components/EEU-FR1J470/3072280"", ""reported_crawl_age"": ""4 months"", ""stock_observed"": 68724, ""live_stock"": null, ""moq_observed"": 1, ""order_multiple_observed"": 1, ""retail_pack_size_observed"": 1, ""factory_pack"": null, ""packaging"": ""Cut tape / bulk individual; no optional reeling"", ""manufacturer_lead_time_weeks_observed"": 31, ""actual_dispatch_lead_time"": null, ""unit_price_net_eur_observed"": 0.4, ""unit_price_gross_eur_scenario"": 0.476, ""private_germany_route"": ""See seller_contracts; subject to acceptance and current inventory; no checkout performed"", ""delivered_cost_eur"": null, ""substitutes_qualified"": [], ""qualification_gaps"": [""Loss/leakage/temperature/excess-noise or production population not fully validated""], ""evidence_limit"": ""Older German stock/price; frequency/temperature ESR, leakage, reversal and startup stress remain unqualified. No live stock inference.""}","{""exact_mpn"": ""EEU-FR1J470"", ""manufacturer"": ""Panasonic"", ""nominal_f"": 4.7e-05, ""tolerance_fraction"": 0.2, ""voltage_v"": 63, ""technology"": ""Polar aluminum electrolytic FR-A"", ""package"": ""Radial 6.3mm diameter, 11.2mm body, 2.5mm pitch"", ""primary_url"": ""https://industrial.panasonic.com/ww/products/pt/aluminum-cap-lead/models/EEUFR1J470"", ""manufacturer_document"": ""https://industrial.panasonic.com/cdbs/www-data/pdf/RDF0000/ABA0000C1259.pdf"", ""datasheet_version"": ""01-Sep-25"", ""temperature_c"": [-40, 105], ""tan_delta_max_at_120hz_20c"": 0.09, ""leakage_max_a_at_63v_20c_after_2min"": 2.96e-05, ""supplier_url"": ""https://www.digikey.de/en/products/detail/panasonic-industry/EEU-FR1J470/3072280"", ""supplier"": ""DigiKey Germany"", ""manufacturer_lifecycle"": ""Current primary product listing; supplier Active observation"", ""stock_observed"": 65991, ""reported_crawl_age"": ""4 months"", ""live_stock"": null, ""direct_retrieval"": ""Failed internal error; preserved observation, no accepted quote"", ""moq_observed"": 1, ""order_multiple_observed"": 1, ""retail_pack_size_observed"": 1, ""factory_pack_not_ordered"": 5000, ""actual_dispatch_lead_time"": null, ""manufacturer_lead_time"": null, ""private_germany_route"": ""Parent seller_contracts/digikey public consumer EUR terms; subject to acceptance, no checkout/contact"", ""unit_price_net_eur_scenario"": 0.4, ""vat_fraction_scenario"": 0.19, ""unit_price_gross_eur_scenario"": 0.476, ""price_tax_basis"": ""Retain parent's net-price interpretation as scenario, not invoice confirmation"", ""shipping_eur_per_basket_scenario"": [25, 29.75], ""shipping_tax_basis"": ""Parent public EUR25 summary may be gross or net; neither accepted quote"", ""import_payment_fees_eur"": null, ""confirmed_delivered_eur"": null, ""substitutes_qualified"": []}"
candidate_0023,Rservosense0,RC0603FR-07100KL,1,100000,ohm,0.01,Thick film,0603 / 1608,"{""power_w_at_70C"": 0.1, ""working_voltage_v"": 75, ""tcr_ppm_per_C"": 100}",../../research/procurement/architecture_parts_2026-10-09.yaml#parts/RC0603FR-07100KL,2026-10-09,https://yageogroup.com/component-documentation/download/specsheet/RC0603FR-07100KL,"{""exact_mpn"": ""RC0603FR-07100KL"", ""nominal"": 100000, ""unit"": ""ohm"", ""tolerance_fraction"": 0.01, ""technology"": ""Thick film"", ""package"": ""0603 / 1608"", ""ratings"": {""power_w_at_70C"": 0.1, ""working_voltage_v"": 75, ""tcr_ppm_per_C"": 100}, ""manufacturer_document"": ""https://yageogroup.com/component-documentation/download/specsheet/RC0603FR-07100KL"", ""manufacturer_lifecycle"": ""Documented production series; exact current notices/orderability require refresh"", ""observation_date"": ""2026-10-09"", ""evidence_kind"": ""Indexed primary seller catalogue; reported crawl age retained; not live stock or accepted quote"", ""seller"": ""DigiKey Germany"", ""url"": ""https://www.digikey.de/de/products/detail/yageo/RC0603FR-07100KL/726889"", ""reported_crawl_age"": ""3 days"", ""stock_observed"": 548272, ""live_stock"": null, ""moq_observed"": 1, ""order_multiple_observed"": 1, ""retail_pack_size_observed"": 1, ""factory_pack"": 5000, ""packaging"": ""Cut tape / bulk individual; no optional reeling"", ""manufacturer_lead_time_weeks_observed"": null, ""actual_dispatch_lead_time"": null, ""unit_price_net_eur_observed"": 0.09, ""unit_price_gross_eur_scenario"": 0.1071, ""private_germany_route"": ""See seller_contracts; subject to acceptance and current inventory; no checkout performed"", ""delivered_cost_eur"": null, ""substitutes_qualified"": [], ""qualification_gaps"": [""Loss/leakage/temperature/excess-noise or production population not fully validated""]}",
candidate_0023,Rservosense1,RC0603FR-07100KL,1,100000,ohm,0.01,Thick film,0603 / 1608,"{""power_w_at_70C"": 0.1, ""working_voltage_v"": 75, ""tcr_ppm_per_C"": 100}",../../research/procurement/architecture_parts_2026-10-09.yaml#parts/RC0603FR-07100KL,2026-10-09,https://yageogroup.com/component-documentation/download/specsheet/RC0603FR-07100KL,"{""exact_mpn"": ""RC0603FR-07100KL"", ""nominal"": 100000, ""unit"": ""ohm"", ""tolerance_fraction"": 0.01, ""technology"": ""Thick film"", ""package"": ""0603 / 1608"", ""ratings"": {""power_w_at_70C"": 0.1, ""working_voltage_v"": 75, ""tcr_ppm_per_C"": 100}, ""manufacturer_document"": ""https://yageogroup.com/component-documentation/download/specsheet/RC0603FR-07100KL"", ""manufacturer_lifecycle"": ""Documented production series; exact current notices/orderability require refresh"", ""observation_date"": ""2026-10-09"", ""evidence_kind"": ""Indexed primary seller catalogue; reported crawl age retained; not live stock or accepted quote"", ""seller"": ""DigiKey Germany"", ""url"": ""https://www.digikey.de/de/products/detail/yageo/RC0603FR-07100KL/726889"", ""reported_crawl_age"": ""3 days"", ""stock_observed"": 548272, ""live_stock"": null, ""moq_observed"": 1, ""order_multiple_observed"": 1, ""retail_pack_size_observed"": 1, ""factory_pack"": 5000, ""packaging"": ""Cut tape / bulk individual; no optional reeling"", ""manufacturer_lead_time_weeks_observed"": null, ""actual_dispatch_lead_time"": null, ""unit_price_net_eur_observed"": 0.09, ""unit_price_gross_eur_scenario"": 0.1071, ""private_germany_route"": ""See seller_contracts; subject to acceptance and current inventory; no checkout performed"", ""delivered_cost_eur"": null, ""substitutes_qualified"": [], ""qualification_gaps"": [""Loss/leakage/temperature/excess-noise or production population not fully validated""]}",
candidate_0023,Rservosense2,RC0603FR-07100KL,1,100000,ohm,0.01,Thick film,0603 / 1608,"{""power_w_at_70C"": 0.1, ""working_voltage_v"": 75, ""tcr_ppm_per_C"": 100}",../../research/procurement/architecture_parts_2026-10-09.yaml#parts/RC0603FR-07100KL,2026-10-09,https://yageogroup.com/component-documentation/download/specsheet/RC0603FR-07100KL,"{""exact_mpn"": ""RC0603FR-07100KL"", ""nominal"": 100000, ""unit"": ""ohm"", ""tolerance_fraction"": 0.01, ""technology"": ""Thick film"", ""package"": ""0603 / 1608"", ""ratings"": {""power_w_at_70C"": 0.1, ""working_voltage_v"": 75, ""tcr_ppm_per_C"": 100}, ""manufacturer_document"": ""https://yageogroup.com/component-documentation/download/specsheet/RC0603FR-07100KL"", ""manufacturer_lifecycle"": ""Documented production series; exact current notices/orderability require refresh"", ""observation_date"": ""2026-10-09"", ""evidence_kind"": ""Indexed primary seller catalogue; reported crawl age retained; not live stock or accepted quote"", ""seller"": ""DigiKey Germany"", ""url"": ""https://www.digikey.de/de/products/detail/yageo/RC0603FR-07100KL/726889"", ""reported_crawl_age"": ""3 days"", ""stock_observed"": 548272, ""live_stock"": null, ""moq_observed"": 1, ""order_multiple_observed"": 1, ""retail_pack_size_observed"": 1, ""factory_pack"": 5000, ""packaging"": ""Cut tape / bulk individual; no optional reeling"", ""manufacturer_lead_time_weeks_observed"": null, ""actual_dispatch_lead_time"": null, ""unit_price_net_eur_observed"": 0.09, ""unit_price_gross_eur_scenario"": 0.1071, ""private_germany_route"": ""See seller_contracts; subject to acceptance and current inventory; no checkout performed"", ""delivered_cost_eur"": null, ""substitutes_qualified"": [], ""qualification_gaps"": [""Loss/leakage/temperature/excess-noise or production population not fully validated""]}",
candidate_0023,Rservosenseground,RC0603FR-07100KL,1,100000,ohm,0.01,Thick film,0603 / 1608,"{""power_w_at_70C"": 0.1, ""working_voltage_v"": 75, ""tcr_ppm_per_C"": 100}",../../research/procurement/architecture_parts_2026-10-09.yaml#parts/RC0603FR-07100KL,2026-10-09,https://yageogroup.com/component-documentation/download/specsheet/RC0603FR-07100KL,"{""exact_mpn"": ""RC0603FR-07100KL"", ""nominal"": 100000, ""unit"": ""ohm"", ""tolerance_fraction"": 0.01, ""technology"": ""Thick film"", ""package"": ""0603 / 1608"", ""ratings"": {""power_w_at_70C"": 0.1, ""working_voltage_v"": 75, ""tcr_ppm_per_C"": 100}, ""manufacturer_document"": ""https://yageogroup.com/component-documentation/download/specsheet/RC0603FR-07100KL"", ""manufacturer_lifecycle"": ""Documented production series; exact current notices/orderability require refresh"", ""observation_date"": ""2026-10-09"", ""evidence_kind"": ""Indexed primary seller catalogue; reported crawl age retained; not live stock or accepted quote"", ""seller"": ""DigiKey Germany"", ""url"": ""https://www.digikey.de/de/products/detail/yageo/RC0603FR-07100KL/726889"", ""reported_crawl_age"": ""3 days"", ""stock_observed"": 548272, ""live_stock"": null, ""moq_observed"": 1, ""order_multiple_observed"": 1, ""retail_pack_size_observed"": 1, ""factory_pack"": 5000, ""packaging"": ""Cut tape / bulk individual; no optional reeling"", ""manufacturer_lead_time_weeks_observed"": null, ""actual_dispatch_lead_time"": null, ""unit_price_net_eur_observed"": 0.09, ""unit_price_gross_eur_scenario"": 0.1071, ""private_germany_route"": ""See seller_contracts; subject to acceptance and current inventory; no checkout performed"", ""delivered_cost_eur"": null, ""substitutes_qualified"": [], ""qualification_gaps"": [""Loss/leakage/temperature/excess-noise or production population not fully validated""]}",
candidate_0023,Cservoslow,EEU-FR1J470,1,4.7e-05,F,0.2,Polar aluminium electrolytic FR-A,Radial 6.3 x 12.7mm; 2.5mm pitch,"{""voltage_v"": 63, ""temperature_C"": 105, ""life_hours_at_105C"": 5000}",../../research/procurement/robust_parts_2026-10-09.yaml#part,2026-10-09,,"{""exact_mpn"": ""EEU-FR1J470"", ""nominal"": 4.7e-05, ""unit"": ""F"", ""tolerance_fraction"": 0.2, ""technology"": ""Polar aluminium electrolytic FR-A"", ""package"": ""Radial 6.3 x 12.7mm; 2.5mm pitch"", ""ratings"": {""voltage_v"": 63, ""temperature_C"": 105, ""life_hours_at_105C"": 5000}, ""manufacturer_document"": null, ""manufacturer_lifecycle"": ""Documented production series; exact current notices/orderability require refresh"", ""observation_date"": ""2026-10-09"", ""evidence_kind"": ""Indexed primary seller catalogue; reported crawl age retained; not live stock or accepted quote"", ""seller"": ""DigiKey Germany"", ""url"": ""https://www.digikey.de/de/products/detail/panasonic-electronic-components/EEU-FR1J470/3072280"", ""reported_crawl_age"": ""4 months"", ""stock_observed"": 68724, ""live_stock"": null, ""moq_observed"": 1, ""order_multiple_observed"": 1, ""retail_pack_size_observed"": 1, ""factory_pack"": null, ""packaging"": ""Cut tape / bulk individual; no optional reeling"", ""manufacturer_lead_time_weeks_observed"": 31, ""actual_dispatch_lead_time"": null, ""unit_price_net_eur_observed"": 0.4, ""unit_price_gross_eur_scenario"": 0.476, ""private_germany_route"": ""See seller_contracts; subject to acceptance and current inventory; no checkout performed"", ""delivered_cost_eur"": null, ""substitutes_qualified"": [], ""qualification_gaps"": [""Loss/leakage/temperature/excess-noise or production population not fully validated""], ""evidence_limit"": ""Older German stock/price; frequency/temperature ESR, leakage, reversal and startup stress remain unqualified. No live stock inference.""}","{""exact_mpn"": ""EEU-FR1J470"", ""manufacturer"": ""Panasonic"", ""nominal_f"": 4.7e-05, ""tolerance_fraction"": 0.2, ""voltage_v"": 63, ""technology"": ""Polar aluminum electrolytic FR-A"", ""package"": ""Radial 6.3mm diameter, 11.2mm body, 2.5mm pitch"", ""primary_url"": ""https://industrial.panasonic.com/ww/products/pt/aluminum-cap-lead/models/EEUFR1J470"", ""manufacturer_document"": ""https://industrial.panasonic.com/cdbs/www-data/pdf/RDF0000/ABA0000C1259.pdf"", ""datasheet_version"": ""01-Sep-25"", ""temperature_c"": [-40, 105], ""tan_delta_max_at_120hz_20c"": 0.09, ""leakage_max_a_at_63v_20c_after_2min"": 2.96e-05, ""supplier_url"": ""https://www.digikey.de/en/products/detail/panasonic-industry/EEU-FR1J470/3072280"", ""supplier"": ""DigiKey Germany"", ""manufacturer_lifecycle"": ""Current primary product listing; supplier Active observation"", ""stock_observed"": 65991, ""reported_crawl_age"": ""4 months"", ""live_stock"": null, ""direct_retrieval"": ""Failed internal error; preserved observation, no accepted quote"", ""moq_observed"": 1, ""order_multiple_observed"": 1, ""retail_pack_size_observed"": 1, ""factory_pack_not_ordered"": 5000, ""actual_dispatch_lead_time"": null, ""manufacturer_lead_time"": null, ""private_germany_route"": ""Parent seller_contracts/digikey public consumer EUR terms; subject to acceptance, no checkout/contact"", ""unit_price_net_eur_scenario"": 0.4, ""vat_fraction_scenario"": 0.19, ""unit_price_gross_eur_scenario"": 0.476, ""price_tax_basis"": ""Retain parent's net-price interpretation as scenario, not invoice confirmation"", ""shipping_eur_per_basket_scenario"": [25, 29.75], ""shipping_tax_basis"": ""Parent public EUR25 summary may be gross or net; neither accepted quote"", ""import_payment_fees_eur"": null, ""confirmed_delivered_eur"": null, ""substitutes_qualified"": []}"
candidate_0023,Qservoerror,"BC846B,215",1,BC846B,device,,NPN bipolar,SOT-23,"{""vceo_v"": 65, ""ic_a"": 0.1, ""note"": ""Package power/SOA and maximum temperature require mounting-specific evaluation""}","../../research/procurement/architecture_parts_2026-10-09.yaml#parts/BC846B,215",2026-10-09,https://assets.nexperia.com/documents/data-sheet/BC846_SER.pdf,"{""exact_mpn"": ""BC846B,215"", ""nominal"": ""BC846B"", ""unit"": ""device"", ""tolerance_fraction"": null, ""technology"": ""NPN bipolar"", ""package"": ""SOT-23"", ""ratings"": {""vceo_v"": 65, ""ic_a"": 0.1, ""note"": ""Package power/SOA and maximum temperature require mounting-specific evaluation""}, ""manufacturer_document"": ""https://assets.nexperia.com/documents/data-sheet/BC846_SER.pdf"", ""manufacturer_lifecycle"": ""Documented production series; exact current notices/orderability require refresh"", ""observation_date"": ""2026-10-09"", ""evidence_kind"": ""Indexed primary seller catalogue; reported crawl age retained; not live stock or accepted quote"", ""seller"": ""TME Germany"", ""url"": ""https://www.tme.eu/de/details/bc846b.215/npn-smd-transistoren/nexperia/bc846b-215/"", ""reported_crawl_age"": ""product2 months; group1 week"", ""stock_observed"": 178360, ""live_stock"": null, ""moq_observed"": 1, ""order_multiple_observed"": 1, ""retail_pack_size_observed"": 1, ""factory_pack"": 3000, ""packaging"": ""Cut tape / bulk individual; no optional reeling"", ""manufacturer_lead_time_weeks_observed"": null, ""actual_dispatch_lead_time"": null, ""unit_price_net_eur_observed"": 0.08, ""unit_price_gross_eur_scenario"": 0.0952, ""private_germany_route"": ""See seller_contracts; subject to acceptance and current inventory; no checkout performed"", ""delivered_cost_eur"": null, ""substitutes_qualified"": [], ""qualification_gaps"": [""Loss/leakage/temperature/excess-noise or production population not fully validated""], ""price_and_inventory_limit"": ""TME product/group conflict; net EUR0.08\u20130.09, gross rounded0.09\u20130.11; calculation0.08 is a labelled lower observed-price scenario, not invoice price""}",
candidate_0023,Qservoref,"BC846B,215",1,BC846B,device,,NPN bipolar,SOT-23,"{""vceo_v"": 65, ""ic_a"": 0.1, ""note"": ""Package power/SOA and maximum temperature require mounting-specific evaluation""}","../../research/procurement/architecture_parts_2026-10-09.yaml#parts/BC846B,215",2026-10-09,https://assets.nexperia.com/documents/data-sheet/BC846_SER.pdf,"{""exact_mpn"": ""BC846B,215"", ""nominal"": ""BC846B"", ""unit"": ""device"", ""tolerance_fraction"": null, ""technology"": ""NPN bipolar"", ""package"": ""SOT-23"", ""ratings"": {""vceo_v"": 65, ""ic_a"": 0.1, ""note"": ""Package power/SOA and maximum temperature require mounting-specific evaluation""}, ""manufacturer_document"": ""https://assets.nexperia.com/documents/data-sheet/BC846_SER.pdf"", ""manufacturer_lifecycle"": ""Documented production series; exact current notices/orderability require refresh"", ""observation_date"": ""2026-10-09"", ""evidence_kind"": ""Indexed primary seller catalogue; reported crawl age retained; not live stock or accepted quote"", ""seller"": ""TME Germany"", ""url"": ""https://www.tme.eu/de/details/bc846b.215/npn-smd-transistoren/nexperia/bc846b-215/"", ""reported_crawl_age"": ""product2 months; group1 week"", ""stock_observed"": 178360, ""live_stock"": null, ""moq_observed"": 1, ""order_multiple_observed"": 1, ""retail_pack_size_observed"": 1, ""factory_pack"": 3000, ""packaging"": ""Cut tape / bulk individual; no optional reeling"", ""manufacturer_lead_time_weeks_observed"": null, ""actual_dispatch_lead_time"": null, ""unit_price_net_eur_observed"": 0.08, ""unit_price_gross_eur_scenario"": 0.0952, ""private_germany_route"": ""See seller_contracts; subject to acceptance and current inventory; no checkout performed"", ""delivered_cost_eur"": null, ""substitutes_qualified"": [], ""qualification_gaps"": [""Loss/leakage/temperature/excess-noise or production population not fully validated""], ""price_and_inventory_limit"": ""TME product/group conflict; net EUR0.08\u20130.09, gross rounded0.09\u20130.11; calculation0.08 is a labelled lower observed-price scenario, not invoice price""}",
candidate_0023,Rservotail,RC0603FR-071KL,1,1000,ohm,0.01,Thick film,0603 / 1608,"{""power_w_at_70C"": 0.1, ""working_voltage_v"": 75, ""tcr_ppm_per_C"": 100}",../../research/procurement/architecture_parts_2026-10-09.yaml#parts/RC0603FR-071KL,2026-10-09,https://yageogroup.com/component-documentation/download/specsheet/RC0603FR-071KL,"{""exact_mpn"": ""RC0603FR-071KL"", ""nominal"": 1000, ""unit"": ""ohm"", ""tolerance_fraction"": 0.01, ""technology"": ""Thick film"", ""package"": ""0603 / 1608"", ""ratings"": {""power_w_at_70C"": 0.1, ""working_voltage_v"": 75, ""tcr_ppm_per_C"": 100}, ""manufacturer_document"": ""https://yageogroup.com/component-documentation/download/specsheet/RC0603FR-071KL"", ""manufacturer_lifecycle"": ""Documented production series; exact current notices/orderability require refresh"", ""observation_date"": ""2026-10-09"", ""evidence_kind"": ""Indexed primary seller catalogue; reported crawl age retained; not live stock or accepted quote"", ""seller"": ""DigiKey Germany"", ""url"": ""https://www.digikey.de/de/products/detail/yageo/RC0603FR-071KL/726843"", ""reported_crawl_age"": ""today"", ""stock_observed"": 2937396, ""live_stock"": null, ""moq_observed"": 1, ""order_multiple_observed"": 1, ""retail_pack_size_observed"": 1, ""factory_pack"": 5000, ""packaging"": ""Cut tape / bulk individual; no optional reeling"", ""manufacturer_lead_time_weeks_observed"": null, ""actual_dispatch_lead_time"": null, ""unit_price_net_eur_observed"": 0.09, ""unit_price_gross_eur_scenario"": 0.1071, ""private_germany_route"": ""See seller_contracts; subject to acceptance and current inventory; no checkout performed"", ""delivered_cost_eur"": null, ""substitutes_qualified"": [], ""qualification_gaps"": [""Loss/leakage/temperature/excess-noise or production population not fully validated""]}",
candidate_0023,Rservoout,RC0603FR-07100KL,1,100000,ohm,0.01,Thick film,0603 / 1608,"{""power_w_at_70C"": 0.1, ""working_voltage_v"": 75, ""tcr_ppm_per_C"": 100}",../../research/procurement/architecture_parts_2026-10-09.yaml#parts/RC0603FR-07100KL,2026-10-09,https://yageogroup.com/component-documentation/download/specsheet/RC0603FR-07100KL,"{""exact_mpn"": ""RC0603FR-07100KL"", ""nominal"": 100000, ""unit"": ""ohm"", ""tolerance_fraction"": 0.01, ""technology"": ""Thick film"", ""package"": ""0603 / 1608"", ""ratings"": {""power_w_at_70C"": 0.1, ""working_voltage_v"": 75, ""tcr_ppm_per_C"": 100}, ""manufacturer_document"": ""https://yageogroup.com/component-documentation/download/specsheet/RC0603FR-07100KL"", ""manufacturer_lifecycle"": ""Documented production series; exact current notices/orderability require refresh"", ""observation_date"": ""2026-10-09"", ""evidence_kind"": ""Indexed primary seller catalogue; reported crawl age retained; not live stock or accepted quote"", ""seller"": ""DigiKey Germany"", ""url"": ""https://www.digikey.de/de/products/detail/yageo/RC0603FR-07100KL/726889"", ""reported_crawl_age"": ""3 days"", ""stock_observed"": 548272, ""live_stock"": null, ""moq_observed"": 1, ""order_multiple_observed"": 1, ""retail_pack_size_observed"": 1, ""factory_pack"": 5000, ""packaging"": ""Cut tape / bulk individual; no optional reeling"", ""manufacturer_lead_time_weeks_observed"": null, ""actual_dispatch_lead_time"": null, ""unit_price_net_eur_observed"": 0.09, ""unit_price_gross_eur_scenario"": 0.1071, ""private_germany_route"": ""See seller_contracts; subject to acceptance and current inventory; no checkout performed"", ""delivered_cost_eur"": null, ""substitutes_qualified"": [], ""qualification_gaps"": [""Loss/leakage/temperature/excess-noise or production population not fully validated""]}",
candidate_0023,Qoutp,"BC846B,215",1,BC846B,device,,NPN bipolar,SOT-23,"{""vceo_v"": 65, ""ic_a"": 0.1, ""note"": ""Package power/SOA and maximum temperature require mounting-specific evaluation""}","../../research/procurement/architecture_parts_2026-10-09.yaml#parts/BC846B,215",2026-10-09,https://assets.nexperia.com/documents/data-sheet/BC846_SER.pdf,"{""exact_mpn"": ""BC846B,215"", ""nominal"": ""BC846B"", ""unit"": ""device"", ""tolerance_fraction"": null, ""technology"": ""NPN bipolar"", ""package"": ""SOT-23"", ""ratings"": {""vceo_v"": 65, ""ic_a"": 0.1, ""note"": ""Package power/SOA and maximum temperature require mounting-specific evaluation""}, ""manufacturer_document"": ""https://assets.nexperia.com/documents/data-sheet/BC846_SER.pdf"", ""manufacturer_lifecycle"": ""Documented production series; exact current notices/orderability require refresh"", ""observation_date"": ""2026-10-09"", ""evidence_kind"": ""Indexed primary seller catalogue; reported crawl age retained; not live stock or accepted quote"", ""seller"": ""TME Germany"", ""url"": ""https://www.tme.eu/de/details/bc846b.215/npn-smd-transistoren/nexperia/bc846b-215/"", ""reported_crawl_age"": ""product2 months; group1 week"", ""stock_observed"": 178360, ""live_stock"": null, ""moq_observed"": 1, ""order_multiple_observed"": 1, ""retail_pack_size_observed"": 1, ""factory_pack"": 3000, ""packaging"": ""Cut tape / bulk individual; no optional reeling"", ""manufacturer_lead_time_weeks_observed"": null, ""actual_dispatch_lead_time"": null, ""unit_price_net_eur_observed"": 0.08, ""unit_price_gross_eur_scenario"": 0.0952, ""private_germany_route"": ""See seller_contracts; subject to acceptance and current inventory; no checkout performed"", ""delivered_cost_eur"": null, ""substitutes_qualified"": [], ""qualification_gaps"": [""Loss/leakage/temperature/excess-noise or production population not fully validated""], ""price_and_inventory_limit"": ""TME product/group conflict; net EUR0.08\u20130.09, gross rounded0.09\u20130.11; calculation0.08 is a labelled lower observed-price scenario, not invoice price""}",
candidate_0023,Qinvert,"BC846B,215",1,BC846B,device,,NPN bipolar,SOT-23,"{""vceo_v"": 65, ""ic_a"": 0.1, ""note"": ""Package power/SOA and maximum temperature require mounting-specific evaluation""}","../../research/procurement/architecture_parts_2026-10-09.yaml#parts/BC846B,215",2026-10-09,https://assets.nexperia.com/documents/data-sheet/BC846_SER.pdf,"{""exact_mpn"": ""BC846B,215"", ""nominal"": ""BC846B"", ""unit"": ""device"", ""tolerance_fraction"": null, ""technology"": ""NPN bipolar"", ""package"": ""SOT-23"", ""ratings"": {""vceo_v"": 65, ""ic_a"": 0.1, ""note"": ""Package power/SOA and maximum temperature require mounting-specific evaluation""}, ""manufacturer_document"": ""https://assets.nexperia.com/documents/data-sheet/BC846_SER.pdf"", ""manufacturer_lifecycle"": ""Documented production series; exact current notices/orderability require refresh"", ""observation_date"": ""2026-10-09"", ""evidence_kind"": ""Indexed primary seller catalogue; reported crawl age retained; not live stock or accepted quote"", ""seller"": ""TME Germany"", ""url"": ""https://www.tme.eu/de/details/bc846b.215/npn-smd-transistoren/nexperia/bc846b-215/"", ""reported_crawl_age"": ""product2 months; group1 week"", ""stock_observed"": 178360, ""live_stock"": null, ""moq_observed"": 1, ""order_multiple_observed"": 1, ""retail_pack_size_observed"": 1, ""factory_pack"": 3000, ""packaging"": ""Cut tape / bulk individual; no optional reeling"", ""manufacturer_lead_time_weeks_observed"": null, ""actual_dispatch_lead_time"": null, ""unit_price_net_eur_observed"": 0.08, ""unit_price_gross_eur_scenario"": 0.0952, ""private_germany_route"": ""See seller_contracts; subject to acceptance and current inventory; no checkout performed"", ""delivered_cost_eur"": null, ""substitutes_qualified"": [], ""qualification_gaps"": [""Loss/leakage/temperature/excess-noise or production population not fully validated""], ""price_and_inventory_limit"": ""TME product/group conflict; net EUR0.08\u20130.09, gross rounded0.09\u20130.11; calculation0.08 is a labelled lower observed-price scenario, not invoice price""}",
candidate_0023,Rinvemitter,AC0603FR-0710KL,1,10000,ohm,0.01,Thick film,0603 / 1608,"{""power_w_at_70C"": 0.1, ""working_voltage_v"": 75, ""tcr_ppm_per_C"": 100}",../../research/procurement/architecture_parts_2026-10-09.yaml#parts/AC0603FR-0710KL,2026-10-09,https://yageogroup.com/component-documentation/download/specsheet/AC0603FR-0710KL,"{""exact_mpn"": ""AC0603FR-0710KL"", ""nominal"": 10000, ""unit"": ""ohm"", ""tolerance_fraction"": 0.01, ""technology"": ""Thick film"", ""package"": ""0603 / 1608"", ""ratings"": {""power_w_at_70C"": 0.1, ""working_voltage_v"": 75, ""tcr_ppm_per_C"": 100}, ""manufacturer_document"": ""https://yageogroup.com/component-documentation/download/specsheet/AC0603FR-0710KL"", ""manufacturer_lifecycle"": ""Documented production series; exact current notices/orderability require refresh"", ""observation_date"": ""2026-10-09"", ""evidence_kind"": ""Indexed primary seller catalogue; reported crawl age retained; not live stock or accepted quote"", ""seller"": ""DigiKey Germany"", ""url"": ""https://www.digikey.de/de/products/detail/yageo/AC0603FR-0710KL/2828135"", ""reported_crawl_age"": ""last week"", ""stock_observed"": 1303493, ""live_stock"": null, ""moq_observed"": 1, ""order_multiple_observed"": 1, ""retail_pack_size_observed"": 1, ""factory_pack"": 5000, ""packaging"": ""Cut tape / bulk individual; no optional reeling"", ""manufacturer_lead_time_weeks_observed"": 22, ""actual_dispatch_lead_time"": null, ""unit_price_net_eur_observed"": 0.09, ""unit_price_gross_eur_scenario"": 0.1071, ""private_germany_route"": ""See seller_contracts; subject to acceptance and current inventory; no checkout performed"", ""delivered_cost_eur"": null, ""substitutes_qualified"": [], ""qualification_gaps"": [""Loss/leakage/temperature/excess-noise or production population not fully validated""], ""conflicting_observation"": ""Other catalogue alias shows backorder; exact current shared inventory unconfirmed""}",
candidate_0023,Rinvcollector,AC0603FR-0710KL,1,10000,ohm,0.01,Thick film,0603 / 1608,"{""power_w_at_70C"": 0.1, ""working_voltage_v"": 75, ""tcr_ppm_per_C"": 100}",../../research/procurement/architecture_parts_2026-10-09.yaml#parts/AC0603FR-0710KL,2026-10-09,https://yageogroup.com/component-documentation/download/specsheet/AC0603FR-0710KL,"{""exact_mpn"": ""AC0603FR-0710KL"", ""nominal"": 10000, ""unit"": ""ohm"", ""tolerance_fraction"": 0.01, ""technology"": ""Thick film"", ""package"": ""0603 / 1608"", ""ratings"": {""power_w_at_70C"": 0.1, ""working_voltage_v"": 75, ""tcr_ppm_per_C"": 100}, ""manufacturer_document"": ""https://yageogroup.com/component-documentation/download/specsheet/AC0603FR-0710KL"", ""manufacturer_lifecycle"": ""Documented production series; exact current notices/orderability require refresh"", ""observation_date"": ""2026-10-09"", ""evidence_kind"": ""Indexed primary seller catalogue; reported crawl age retained; not live stock or accepted quote"", ""seller"": ""DigiKey Germany"", ""url"": ""https://www.digikey.de/de/products/detail/yageo/AC0603FR-0710KL/2828135"", ""reported_crawl_age"": ""last week"", ""stock_observed"": 1303493, ""live_stock"": null, ""moq_observed"": 1, ""order_multiple_observed"": 1, ""retail_pack_size_observed"": 1, ""factory_pack"": 5000, ""packaging"": ""Cut tape / bulk individual; no optional reeling"", ""manufacturer_lead_time_weeks_observed"": 22, ""actual_dispatch_lead_time"": null, ""unit_price_net_eur_observed"": 0.09, ""unit_price_gross_eur_scenario"": 0.1071, ""private_germany_route"": ""See seller_contracts; subject to acceptance and current inventory; no checkout performed"", ""delivered_cost_eur"": null, ""substitutes_qualified"": [], ""qualification_gaps"": [""Loss/leakage/temperature/excess-noise or production population not fully validated""], ""conflicting_observation"": ""Other catalogue alias shows backorder; exact current shared inventory unconfirmed""}",
candidate_0023,Qoutn,"BC846B,215",1,BC846B,device,,NPN bipolar,SOT-23,"{""vceo_v"": 65, ""ic_a"": 0.1, ""note"": ""Package power/SOA and maximum temperature require mounting-specific evaluation""}","../../research/procurement/architecture_parts_2026-10-09.yaml#parts/BC846B,215",2026-10-09,https://assets.nexperia.com/documents/data-sheet/BC846_SER.pdf,"{""exact_mpn"": ""BC846B,215"", ""nominal"": ""BC846B"", ""unit"": ""device"", ""tolerance_fraction"": null, ""technology"": ""NPN bipolar"", ""package"": ""SOT-23"", ""ratings"": {""vceo_v"": 65, ""ic_a"": 0.1, ""note"": ""Package power/SOA and maximum temperature require mounting-specific evaluation""}, ""manufacturer_document"": ""https://assets.nexperia.com/documents/data-sheet/BC846_SER.pdf"", ""manufacturer_lifecycle"": ""Documented production series; exact current notices/orderability require refresh"", ""observation_date"": ""2026-10-09"", ""evidence_kind"": ""Indexed primary seller catalogue; reported crawl age retained; not live stock or accepted quote"", ""seller"": ""TME Germany"", ""url"": ""https://www.tme.eu/de/details/bc846b.215/npn-smd-transistoren/nexperia/bc846b-215/"", ""reported_crawl_age"": ""product2 months; group1 week"", ""stock_observed"": 178360, ""live_stock"": null, ""moq_observed"": 1, ""order_multiple_observed"": 1, ""retail_pack_size_observed"": 1, ""factory_pack"": 3000, ""packaging"": ""Cut tape / bulk individual; no optional reeling"", ""manufacturer_lead_time_weeks_observed"": null, ""actual_dispatch_lead_time"": null, ""unit_price_net_eur_observed"": 0.08, ""unit_price_gross_eur_scenario"": 0.0952, ""private_germany_route"": ""See seller_contracts; subject to acceptance and current inventory; no checkout performed"", ""delivered_cost_eur"": null, ""substitutes_qualified"": [], ""qualification_gaps"": [""Loss/leakage/temperature/excess-noise or production population not fully validated""], ""price_and_inventory_limit"": ""TME product/group conflict; net EUR0.08\u20130.09, gross rounded0.09\u20130.11; calculation0.08 is a labelled lower observed-price scenario, not invoice price""}",
candidate_0023,Routloadp,AC0603FR-0710KL,1,10000,ohm,0.01,Thick film,0603 / 1608,"{""power_w_at_70C"": 0.1, ""working_voltage_v"": 75, ""tcr_ppm_per_C"": 100}",../../research/procurement/architecture_parts_2026-10-09.yaml#parts/AC0603FR-0710KL,2026-10-09,https://yageogroup.com/component-documentation/download/specsheet/AC0603FR-0710KL,"{""exact_mpn"": ""AC0603FR-0710KL"", ""nominal"": 10000, ""unit"": ""ohm"", ""tolerance_fraction"": 0.01, ""technology"": ""Thick film"", ""package"": ""0603 / 1608"", ""ratings"": {""power_w_at_70C"": 0.1, ""working_voltage_v"": 75, ""tcr_ppm_per_C"": 100}, ""manufacturer_document"": ""https://yageogroup.com/component-documentation/download/specsheet/AC0603FR-0710KL"", ""manufacturer_lifecycle"": ""Documented production series; exact current notices/orderability require refresh"", ""observation_date"": ""2026-10-09"", ""evidence_kind"": ""Indexed primary seller catalogue; reported crawl age retained; not live stock or accepted quote"", ""seller"": ""DigiKey Germany"", ""url"": ""https://www.digikey.de/de/products/detail/yageo/AC0603FR-0710KL/2828135"", ""reported_crawl_age"": ""last week"", ""stock_observed"": 1303493, ""live_stock"": null, ""moq_observed"": 1, ""order_multiple_observed"": 1, ""retail_pack_size_observed"": 1, ""factory_pack"": 5000, ""packaging"": ""Cut tape / bulk individual; no optional reeling"", ""manufacturer_lead_time_weeks_observed"": 22, ""actual_dispatch_lead_time"": null, ""unit_price_net_eur_observed"": 0.09, ""unit_price_gross_eur_scenario"": 0.1071, ""private_germany_route"": ""See seller_contracts; subject to acceptance and current inventory; no checkout performed"", ""delivered_cost_eur"": null, ""substitutes_qualified"": [], ""qualification_gaps"": [""Loss/leakage/temperature/excess-noise or production population not fully validated""], ""conflicting_observation"": ""Other catalogue alias shows backorder; exact current shared inventory unconfirmed""}",
candidate_0023,Routloadn,AC0603FR-0710KL,1,10000,ohm,0.01,Thick film,0603 / 1608,"{""power_w_at_70C"": 0.1, ""working_voltage_v"": 75, ""tcr_ppm_per_C"": 100}",../../research/procurement/architecture_parts_2026-10-09.yaml#parts/AC0603FR-0710KL,2026-10-09,https://yageogroup.com/component-documentation/download/specsheet/AC0603FR-0710KL,"{""exact_mpn"": ""AC0603FR-0710KL"", ""nominal"": 10000, ""unit"": ""ohm"", ""tolerance_fraction"": 0.01, ""technology"": ""Thick film"", ""package"": ""0603 / 1608"", ""ratings"": {""power_w_at_70C"": 0.1, ""working_voltage_v"": 75, ""tcr_ppm_per_C"": 100}, ""manufacturer_document"": ""https://yageogroup.com/component-documentation/download/specsheet/AC0603FR-0710KL"", ""manufacturer_lifecycle"": ""Documented production series; exact current notices/orderability require refresh"", ""observation_date"": ""2026-10-09"", ""evidence_kind"": ""Indexed primary seller catalogue; reported crawl age retained; not live stock or accepted quote"", ""seller"": ""DigiKey Germany"", ""url"": ""https://www.digikey.de/de/products/detail/yageo/AC0603FR-0710KL/2828135"", ""reported_crawl_age"": ""last week"", ""stock_observed"": 1303493, ""live_stock"": null, ""moq_observed"": 1, ""order_multiple_observed"": 1, ""retail_pack_size_observed"": 1, ""factory_pack"": 5000, ""packaging"": ""Cut tape / bulk individual; no optional reeling"", ""manufacturer_lead_time_weeks_observed"": 22, ""actual_dispatch_lead_time"": null, ""unit_price_net_eur_observed"": 0.09, ""unit_price_gross_eur_scenario"": 0.1071, ""private_germany_route"": ""See seller_contracts; subject to acceptance and current inventory; no checkout performed"", ""delivered_cost_eur"": null, ""substitutes_qualified"": [], ""qualification_gaps"": [""Loss/leakage/temperature/excess-noise or production population not fully validated""], ""conflicting_observation"": ""Other catalogue alias shows backorder; exact current shared inventory unconfirmed""}",
candidate_0023,Coutp0,EEU-FR1J470,1,4.7e-05,F,0.2,Polar aluminium electrolytic FR-A,Radial 6.3 x 12.7mm; 2.5mm pitch,"{""voltage_v"": 63, ""temperature_C"": 105, ""life_hours_at_105C"": 5000}",../../research/procurement/robust_parts_2026-10-09.yaml#part,2026-10-09,,"{""exact_mpn"": ""EEU-FR1J470"", ""nominal"": 4.7e-05, ""unit"": ""F"", ""tolerance_fraction"": 0.2, ""technology"": ""Polar aluminium electrolytic FR-A"", ""package"": ""Radial 6.3 x 12.7mm; 2.5mm pitch"", ""ratings"": {""voltage_v"": 63, ""temperature_C"": 105, ""life_hours_at_105C"": 5000}, ""manufacturer_document"": null, ""manufacturer_lifecycle"": ""Documented production series; exact current notices/orderability require refresh"", ""observation_date"": ""2026-10-09"", ""evidence_kind"": ""Indexed primary seller catalogue; reported crawl age retained; not live stock or accepted quote"", ""seller"": ""DigiKey Germany"", ""url"": ""https://www.digikey.de/de/products/detail/panasonic-electronic-components/EEU-FR1J470/3072280"", ""reported_crawl_age"": ""4 months"", ""stock_observed"": 68724, ""live_stock"": null, ""moq_observed"": 1, ""order_multiple_observed"": 1, ""retail_pack_size_observed"": 1, ""factory_pack"": null, ""packaging"": ""Cut tape / bulk individual; no optional reeling"", ""manufacturer_lead_time_weeks_observed"": 31, ""actual_dispatch_lead_time"": null, ""unit_price_net_eur_observed"": 0.4, ""unit_price_gross_eur_scenario"": 0.476, ""private_germany_route"": ""See seller_contracts; subject to acceptance and current inventory; no checkout performed"", ""delivered_cost_eur"": null, ""substitutes_qualified"": [], ""qualification_gaps"": [""Loss/leakage/temperature/excess-noise or production population not fully validated""], ""evidence_limit"": ""Older German stock/price; frequency/temperature ESR, leakage, reversal and startup stress remain unqualified. No live stock inference.""}","{""exact_mpn"": ""EEU-FR1J470"", ""manufacturer"": ""Panasonic"", ""nominal_f"": 4.7e-05, ""tolerance_fraction"": 0.2, ""voltage_v"": 63, ""technology"": ""Polar aluminum electrolytic FR-A"", ""package"": ""Radial 6.3mm diameter, 11.2mm body, 2.5mm pitch"", ""primary_url"": ""https://industrial.panasonic.com/ww/products/pt/aluminum-cap-lead/models/EEUFR1J470"", ""manufacturer_document"": ""https://industrial.panasonic.com/cdbs/www-data/pdf/RDF0000/ABA0000C1259.pdf"", ""datasheet_version"": ""01-Sep-25"", ""temperature_c"": [-40, 105], ""tan_delta_max_at_120hz_20c"": 0.09, ""leakage_max_a_at_63v_20c_after_2min"": 2.96e-05, ""supplier_url"": ""https://www.digikey.de/en/products/detail/panasonic-industry/EEU-FR1J470/3072280"", ""supplier"": ""DigiKey Germany"", ""manufacturer_lifecycle"": ""Current primary product listing; supplier Active observation"", ""stock_observed"": 65991, ""reported_crawl_age"": ""4 months"", ""live_stock"": null, ""direct_retrieval"": ""Failed internal error; preserved observation, no accepted quote"", ""moq_observed"": 1, ""order_multiple_observed"": 1, ""retail_pack_size_observed"": 1, ""factory_pack_not_ordered"": 5000, ""actual_dispatch_lead_time"": null, ""manufacturer_lead_time"": null, ""private_germany_route"": ""Parent seller_contracts/digikey public consumer EUR terms; subject to acceptance, no checkout/contact"", ""unit_price_net_eur_scenario"": 0.4, ""vat_fraction_scenario"": 0.19, ""unit_price_gross_eur_scenario"": 0.476, ""price_tax_basis"": ""Retain parent's net-price interpretation as scenario, not invoice confirmation"", ""shipping_eur_per_basket_scenario"": [25, 29.75], ""shipping_tax_basis"": ""Parent public EUR25 summary may be gross or net; neither accepted quote"", ""import_payment_fees_eur"": null, ""confirmed_delivered_eur"": null, ""substitutes_qualified"": []}"
candidate_0023,Coutp1,EEU-FR1J470,1,4.7e-05,F,0.2,Polar aluminium electrolytic FR-A,Radial 6.3 x 12.7mm; 2.5mm pitch,"{""voltage_v"": 63, ""temperature_C"": 105, ""life_hours_at_105C"": 5000}",../../research/procurement/robust_parts_2026-10-09.yaml#part,2026-10-09,,"{""exact_mpn"": ""EEU-FR1J470"", ""nominal"": 4.7e-05, ""unit"": ""F"", ""tolerance_fraction"": 0.2, ""technology"": ""Polar aluminium electrolytic FR-A"", ""package"": ""Radial 6.3 x 12.7mm; 2.5mm pitch"", ""ratings"": {""voltage_v"": 63, ""temperature_C"": 105, ""life_hours_at_105C"": 5000}, ""manufacturer_document"": null, ""manufacturer_lifecycle"": ""Documented production series; exact current notices/orderability require refresh"", ""observation_date"": ""2026-10-09"", ""evidence_kind"": ""Indexed primary seller catalogue; reported crawl age retained; not live stock or accepted quote"", ""seller"": ""DigiKey Germany"", ""url"": ""https://www.digikey.de/de/products/detail/panasonic-electronic-components/EEU-FR1J470/3072280"", ""reported_crawl_age"": ""4 months"", ""stock_observed"": 68724, ""live_stock"": null, ""moq_observed"": 1, ""order_multiple_observed"": 1, ""retail_pack_size_observed"": 1, ""factory_pack"": null, ""packaging"": ""Cut tape / bulk individual; no optional reeling"", ""manufacturer_lead_time_weeks_observed"": 31, ""actual_dispatch_lead_time"": null, ""unit_price_net_eur_observed"": 0.4, ""unit_price_gross_eur_scenario"": 0.476, ""private_germany_route"": ""See seller_contracts; subject to acceptance and current inventory; no checkout performed"", ""delivered_cost_eur"": null, ""substitutes_qualified"": [], ""qualification_gaps"": [""Loss/leakage/temperature/excess-noise or production population not fully validated""], ""evidence_limit"": ""Older German stock/price; frequency/temperature ESR, leakage, reversal and startup stress remain unqualified. No live stock inference.""}","{""exact_mpn"": ""EEU-FR1J470"", ""manufacturer"": ""Panasonic"", ""nominal_f"": 4.7e-05, ""tolerance_fraction"": 0.2, ""voltage_v"": 63, ""technology"": ""Polar aluminum electrolytic FR-A"", ""package"": ""Radial 6.3mm diameter, 11.2mm body, 2.5mm pitch"", ""primary_url"": ""https://industrial.panasonic.com/ww/products/pt/aluminum-cap-lead/models/EEUFR1J470"", ""manufacturer_document"": ""https://industrial.panasonic.com/cdbs/www-data/pdf/RDF0000/ABA0000C1259.pdf"", ""datasheet_version"": ""01-Sep-25"", ""temperature_c"": [-40, 105], ""tan_delta_max_at_120hz_20c"": 0.09, ""leakage_max_a_at_63v_20c_after_2min"": 2.96e-05, ""supplier_url"": ""https://www.digikey.de/en/products/detail/panasonic-industry/EEU-FR1J470/3072280"", ""supplier"": ""DigiKey Germany"", ""manufacturer_lifecycle"": ""Current primary product listing; supplier Active observation"", ""stock_observed"": 65991, ""reported_crawl_age"": ""4 months"", ""live_stock"": null, ""direct_retrieval"": ""Failed internal error; preserved observation, no accepted quote"", ""moq_observed"": 1, ""order_multiple_observed"": 1, ""retail_pack_size_observed"": 1, ""factory_pack_not_ordered"": 5000, ""actual_dispatch_lead_time"": null, ""manufacturer_lead_time"": null, ""private_germany_route"": ""Parent seller_contracts/digikey public consumer EUR terms; subject to acceptance, no checkout/contact"", ""unit_price_net_eur_scenario"": 0.4, ""vat_fraction_scenario"": 0.19, ""unit_price_gross_eur_scenario"": 0.476, ""price_tax_basis"": ""Retain parent's net-price interpretation as scenario, not invoice confirmation"", ""shipping_eur_per_basket_scenario"": [25, 29.75], ""shipping_tax_basis"": ""Parent public EUR25 summary may be gross or net; neither accepted quote"", ""import_payment_fees_eur"": null, ""confirmed_delivered_eur"": null, ""substitutes_qualified"": []}"
candidate_0023,Coutp2,EEU-FR1J470,1,4.7e-05,F,0.2,Polar aluminium electrolytic FR-A,Radial 6.3 x 12.7mm; 2.5mm pitch,"{""voltage_v"": 63, ""temperature_C"": 105, ""life_hours_at_105C"": 5000}",../../research/procurement/robust_parts_2026-10-09.yaml#part,2026-10-09,,"{""exact_mpn"": ""EEU-FR1J470"", ""nominal"": 4.7e-05, ""unit"": ""F"", ""tolerance_fraction"": 0.2, ""technology"": ""Polar aluminium electrolytic FR-A"", ""package"": ""Radial 6.3 x 12.7mm; 2.5mm pitch"", ""ratings"": {""voltage_v"": 63, ""temperature_C"": 105, ""life_hours_at_105C"": 5000}, ""manufacturer_document"": null, ""manufacturer_lifecycle"": ""Documented production series; exact current notices/orderability require refresh"", ""observation_date"": ""2026-10-09"", ""evidence_kind"": ""Indexed primary seller catalogue; reported crawl age retained; not live stock or accepted quote"", ""seller"": ""DigiKey Germany"", ""url"": ""https://www.digikey.de/de/products/detail/panasonic-electronic-components/EEU-FR1J470/3072280"", ""reported_crawl_age"": ""4 months"", ""stock_observed"": 68724, ""live_stock"": null, ""moq_observed"": 1, ""order_multiple_observed"": 1, ""retail_pack_size_observed"": 1, ""factory_pack"": null, ""packaging"": ""Cut tape / bulk individual; no optional reeling"", ""manufacturer_lead_time_weeks_observed"": 31, ""actual_dispatch_lead_time"": null, ""unit_price_net_eur_observed"": 0.4, ""unit_price_gross_eur_scenario"": 0.476, ""private_germany_route"": ""See seller_contracts; subject to acceptance and current inventory; no checkout performed"", ""delivered_cost_eur"": null, ""substitutes_qualified"": [], ""qualification_gaps"": [""Loss/leakage/temperature/excess-noise or production population not fully validated""], ""evidence_limit"": ""Older German stock/price; frequency/temperature ESR, leakage, reversal and startup stress remain unqualified. No live stock inference.""}","{""exact_mpn"": ""EEU-FR1J470"", ""manufacturer"": ""Panasonic"", ""nominal_f"": 4.7e-05, ""tolerance_fraction"": 0.2, ""voltage_v"": 63, ""technology"": ""Polar aluminum electrolytic FR-A"", ""package"": ""Radial 6.3mm diameter, 11.2mm body, 2.5mm pitch"", ""primary_url"": ""https://industrial.panasonic.com/ww/products/pt/aluminum-cap-lead/models/EEUFR1J470"", ""manufacturer_document"": ""https://industrial.panasonic.com/cdbs/www-data/pdf/RDF0000/ABA0000C1259.pdf"", ""datasheet_version"": ""01-Sep-25"", ""temperature_c"": [-40, 105], ""tan_delta_max_at_120hz_20c"": 0.09, ""leakage_max_a_at_63v_20c_after_2min"": 2.96e-05, ""supplier_url"": ""https://www.digikey.de/en/products/detail/panasonic-industry/EEU-FR1J470/3072280"", ""supplier"": ""DigiKey Germany"", ""manufacturer_lifecycle"": ""Current primary product listing; supplier Active observation"", ""stock_observed"": 65991, ""reported_crawl_age"": ""4 months"", ""live_stock"": null, ""direct_retrieval"": ""Failed internal error; preserved observation, no accepted quote"", ""moq_observed"": 1, ""order_multiple_observed"": 1, ""retail_pack_size_observed"": 1, ""factory_pack_not_ordered"": 5000, ""actual_dispatch_lead_time"": null, ""manufacturer_lead_time"": null, ""private_germany_route"": ""Parent seller_contracts/digikey public consumer EUR terms; subject to acceptance, no checkout/contact"", ""unit_price_net_eur_scenario"": 0.4, ""vat_fraction_scenario"": 0.19, ""unit_price_gross_eur_scenario"": 0.476, ""price_tax_basis"": ""Retain parent's net-price interpretation as scenario, not invoice confirmation"", ""shipping_eur_per_basket_scenario"": [25, 29.75], ""shipping_tax_basis"": ""Parent public EUR25 summary may be gross or net; neither accepted quote"", ""import_payment_fees_eur"": null, ""confirmed_delivered_eur"": null, ""substitutes_qualified"": []}"
candidate_0023,Coutp3,EEU-FR1J470,1,4.7e-05,F,0.2,Polar aluminium electrolytic FR-A,Radial 6.3 x 12.7mm; 2.5mm pitch,"{""voltage_v"": 63, ""temperature_C"": 105, ""life_hours_at_105C"": 5000}",../../research/procurement/robust_parts_2026-10-09.yaml#part,2026-10-09,,"{""exact_mpn"": ""EEU-FR1J470"", ""nominal"": 4.7e-05, ""unit"": ""F"", ""tolerance_fraction"": 0.2, ""technology"": ""Polar aluminium electrolytic FR-A"", ""package"": ""Radial 6.3 x 12.7mm; 2.5mm pitch"", ""ratings"": {""voltage_v"": 63, ""temperature_C"": 105, ""life_hours_at_105C"": 5000}, ""manufacturer_document"": null, ""manufacturer_lifecycle"": ""Documented production series; exact current notices/orderability require refresh"", ""observation_date"": ""2026-10-09"", ""evidence_kind"": ""Indexed primary seller catalogue; reported crawl age retained; not live stock or accepted quote"", ""seller"": ""DigiKey Germany"", ""url"": ""https://www.digikey.de/de/products/detail/panasonic-electronic-components/EEU-FR1J470/3072280"", ""reported_crawl_age"": ""4 months"", ""stock_observed"": 68724, ""live_stock"": null, ""moq_observed"": 1, ""order_multiple_observed"": 1, ""retail_pack_size_observed"": 1, ""factory_pack"": null, ""packaging"": ""Cut tape / bulk individual; no optional reeling"", ""manufacturer_lead_time_weeks_observed"": 31, ""actual_dispatch_lead_time"": null, ""unit_price_net_eur_observed"": 0.4, ""unit_price_gross_eur_scenario"": 0.476, ""private_germany_route"": ""See seller_contracts; subject to acceptance and current inventory; no checkout performed"", ""delivered_cost_eur"": null, ""substitutes_qualified"": [], ""qualification_gaps"": [""Loss/leakage/temperature/excess-noise or production population not fully validated""], ""evidence_limit"": ""Older German stock/price; frequency/temperature ESR, leakage, reversal and startup stress remain unqualified. No live stock inference.""}","{""exact_mpn"": ""EEU-FR1J470"", ""manufacturer"": ""Panasonic"", ""nominal_f"": 4.7e-05, ""tolerance_fraction"": 0.2, ""voltage_v"": 63, ""technology"": ""Polar aluminum electrolytic FR-A"", ""package"": ""Radial 6.3mm diameter, 11.2mm body, 2.5mm pitch"", ""primary_url"": ""https://industrial.panasonic.com/ww/products/pt/aluminum-cap-lead/models/EEUFR1J470"", ""manufacturer_document"": ""https://industrial.panasonic.com/cdbs/www-data/pdf/RDF0000/ABA0000C1259.pdf"", ""datasheet_version"": ""01-Sep-25"", ""temperature_c"": [-40, 105], ""tan_delta_max_at_120hz_20c"": 0.09, ""leakage_max_a_at_63v_20c_after_2min"": 2.96e-05, ""supplier_url"": ""https://www.digikey.de/en/products/detail/panasonic-industry/EEU-FR1J470/3072280"", ""supplier"": ""DigiKey Germany"", ""manufacturer_lifecycle"": ""Current primary product listing; supplier Active observation"", ""stock_observed"": 65991, ""reported_crawl_age"": ""4 months"", ""live_stock"": null, ""direct_retrieval"": ""Failed internal error; preserved observation, no accepted quote"", ""moq_observed"": 1, ""order_multiple_observed"": 1, ""retail_pack_size_observed"": 1, ""factory_pack_not_ordered"": 5000, ""actual_dispatch_lead_time"": null, ""manufacturer_lead_time"": null, ""private_germany_route"": ""Parent seller_contracts/digikey public consumer EUR terms; subject to acceptance, no checkout/contact"", ""unit_price_net_eur_scenario"": 0.4, ""vat_fraction_scenario"": 0.19, ""unit_price_gross_eur_scenario"": 0.476, ""price_tax_basis"": ""Retain parent's net-price interpretation as scenario, not invoice confirmation"", ""shipping_eur_per_basket_scenario"": [25, 29.75], ""shipping_tax_basis"": ""Parent public EUR25 summary may be gross or net; neither accepted quote"", ""import_payment_fees_eur"": null, ""confirmed_delivered_eur"": null, ""substitutes_qualified"": []}"
candidate_0023,Coutn0,EEU-FR1J470,1,4.7e-05,F,0.2,Polar aluminium electrolytic FR-A,Radial 6.3 x 12.7mm; 2.5mm pitch,"{""voltage_v"": 63, ""temperature_C"": 105, ""life_hours_at_105C"": 5000}",../../research/procurement/robust_parts_2026-10-09.yaml#part,2026-10-09,,"{""exact_mpn"": ""EEU-FR1J470"", ""nominal"": 4.7e-05, ""unit"": ""F"", ""tolerance_fraction"": 0.2, ""technology"": ""Polar aluminium electrolytic FR-A"", ""package"": ""Radial 6.3 x 12.7mm; 2.5mm pitch"", ""ratings"": {""voltage_v"": 63, ""temperature_C"": 105, ""life_hours_at_105C"": 5000}, ""manufacturer_document"": null, ""manufacturer_lifecycle"": ""Documented production series; exact current notices/orderability require refresh"", ""observation_date"": ""2026-10-09"", ""evidence_kind"": ""Indexed primary seller catalogue; reported crawl age retained; not live stock or accepted quote"", ""seller"": ""DigiKey Germany"", ""url"": ""https://www.digikey.de/de/products/detail/panasonic-electronic-components/EEU-FR1J470/3072280"", ""reported_crawl_age"": ""4 months"", ""stock_observed"": 68724, ""live_stock"": null, ""moq_observed"": 1, ""order_multiple_observed"": 1, ""retail_pack_size_observed"": 1, ""factory_pack"": null, ""packaging"": ""Cut tape / bulk individual; no optional reeling"", ""manufacturer_lead_time_weeks_observed"": 31, ""actual_dispatch_lead_time"": null, ""unit_price_net_eur_observed"": 0.4, ""unit_price_gross_eur_scenario"": 0.476, ""private_germany_route"": ""See seller_contracts; subject to acceptance and current inventory; no checkout performed"", ""delivered_cost_eur"": null, ""substitutes_qualified"": [], ""qualification_gaps"": [""Loss/leakage/temperature/excess-noise or production population not fully validated""], ""evidence_limit"": ""Older German stock/price; frequency/temperature ESR, leakage, reversal and startup stress remain unqualified. No live stock inference.""}","{""exact_mpn"": ""EEU-FR1J470"", ""manufacturer"": ""Panasonic"", ""nominal_f"": 4.7e-05, ""tolerance_fraction"": 0.2, ""voltage_v"": 63, ""technology"": ""Polar aluminum electrolytic FR-A"", ""package"": ""Radial 6.3mm diameter, 11.2mm body, 2.5mm pitch"", ""primary_url"": ""https://industrial.panasonic.com/ww/products/pt/aluminum-cap-lead/models/EEUFR1J470"", ""manufacturer_document"": ""https://industrial.panasonic.com/cdbs/www-data/pdf/RDF0000/ABA0000C1259.pdf"", ""datasheet_version"": ""01-Sep-25"", ""temperature_c"": [-40, 105], ""tan_delta_max_at_120hz_20c"": 0.09, ""leakage_max_a_at_63v_20c_after_2min"": 2.96e-05, ""supplier_url"": ""https://www.digikey.de/en/products/detail/panasonic-industry/EEU-FR1J470/3072280"", ""supplier"": ""DigiKey Germany"", ""manufacturer_lifecycle"": ""Current primary product listing; supplier Active observation"", ""stock_observed"": 65991, ""reported_crawl_age"": ""4 months"", ""live_stock"": null, ""direct_retrieval"": ""Failed internal error; preserved observation, no accepted quote"", ""moq_observed"": 1, ""order_multiple_observed"": 1, ""retail_pack_size_observed"": 1, ""factory_pack_not_ordered"": 5000, ""actual_dispatch_lead_time"": null, ""manufacturer_lead_time"": null, ""private_germany_route"": ""Parent seller_contracts/digikey public consumer EUR terms; subject to acceptance, no checkout/contact"", ""unit_price_net_eur_scenario"": 0.4, ""vat_fraction_scenario"": 0.19, ""unit_price_gross_eur_scenario"": 0.476, ""price_tax_basis"": ""Retain parent's net-price interpretation as scenario, not invoice confirmation"", ""shipping_eur_per_basket_scenario"": [25, 29.75], ""shipping_tax_basis"": ""Parent public EUR25 summary may be gross or net; neither accepted quote"", ""import_payment_fees_eur"": null, ""confirmed_delivered_eur"": null, ""substitutes_qualified"": []}"
candidate_0023,Coutn1,EEU-FR1J470,1,4.7e-05,F,0.2,Polar aluminium electrolytic FR-A,Radial 6.3 x 12.7mm; 2.5mm pitch,"{""voltage_v"": 63, ""temperature_C"": 105, ""life_hours_at_105C"": 5000}",../../research/procurement/robust_parts_2026-10-09.yaml#part,2026-10-09,,"{""exact_mpn"": ""EEU-FR1J470"", ""nominal"": 4.7e-05, ""unit"": ""F"", ""tolerance_fraction"": 0.2, ""technology"": ""Polar aluminium electrolytic FR-A"", ""package"": ""Radial 6.3 x 12.7mm; 2.5mm pitch"", ""ratings"": {""voltage_v"": 63, ""temperature_C"": 105, ""life_hours_at_105C"": 5000}, ""manufacturer_document"": null, ""manufacturer_lifecycle"": ""Documented production series; exact current notices/orderability require refresh"", ""observation_date"": ""2026-10-09"", ""evidence_kind"": ""Indexed primary seller catalogue; reported crawl age retained; not live stock or accepted quote"", ""seller"": ""DigiKey Germany"", ""url"": ""https://www.digikey.de/de/products/detail/panasonic-electronic-components/EEU-FR1J470/3072280"", ""reported_crawl_age"": ""4 months"", ""stock_observed"": 68724, ""live_stock"": null, ""moq_observed"": 1, ""order_multiple_observed"": 1, ""retail_pack_size_observed"": 1, ""factory_pack"": null, ""packaging"": ""Cut tape / bulk individual; no optional reeling"", ""manufacturer_lead_time_weeks_observed"": 31, ""actual_dispatch_lead_time"": null, ""unit_price_net_eur_observed"": 0.4, ""unit_price_gross_eur_scenario"": 0.476, ""private_germany_route"": ""See seller_contracts; subject to acceptance and current inventory; no checkout performed"", ""delivered_cost_eur"": null, ""substitutes_qualified"": [], ""qualification_gaps"": [""Loss/leakage/temperature/excess-noise or production population not fully validated""], ""evidence_limit"": ""Older German stock/price; frequency/temperature ESR, leakage, reversal and startup stress remain unqualified. No live stock inference.""}","{""exact_mpn"": ""EEU-FR1J470"", ""manufacturer"": ""Panasonic"", ""nominal_f"": 4.7e-05, ""tolerance_fraction"": 0.2, ""voltage_v"": 63, ""technology"": ""Polar aluminum electrolytic FR-A"", ""package"": ""Radial 6.3mm diameter, 11.2mm body, 2.5mm pitch"", ""primary_url"": ""https://industrial.panasonic.com/ww/products/pt/aluminum-cap-lead/models/EEUFR1J470"", ""manufacturer_document"": ""https://industrial.panasonic.com/cdbs/www-data/pdf/RDF0000/ABA0000C1259.pdf"", ""datasheet_version"": ""01-Sep-25"", ""temperature_c"": [-40, 105], ""tan_delta_max_at_120hz_20c"": 0.09, ""leakage_max_a_at_63v_20c_after_2min"": 2.96e-05, ""supplier_url"": ""https://www.digikey.de/en/products/detail/panasonic-industry/EEU-FR1J470/3072280"", ""supplier"": ""DigiKey Germany"", ""manufacturer_lifecycle"": ""Current primary product listing; supplier Active observation"", ""stock_observed"": 65991, ""reported_crawl_age"": ""4 months"", ""live_stock"": null, ""direct_retrieval"": ""Failed internal error; preserved observation, no accepted quote"", ""moq_observed"": 1, ""order_multiple_observed"": 1, ""retail_pack_size_observed"": 1, ""factory_pack_not_ordered"": 5000, ""actual_dispatch_lead_time"": null, ""manufacturer_lead_time"": null, ""private_germany_route"": ""Parent seller_contracts/digikey public consumer EUR terms; subject to acceptance, no checkout/contact"", ""unit_price_net_eur_scenario"": 0.4, ""vat_fraction_scenario"": 0.19, ""unit_price_gross_eur_scenario"": 0.476, ""price_tax_basis"": ""Retain parent's net-price interpretation as scenario, not invoice confirmation"", ""shipping_eur_per_basket_scenario"": [25, 29.75], ""shipping_tax_basis"": ""Parent public EUR25 summary may be gross or net; neither accepted quote"", ""import_payment_fees_eur"": null, ""confirmed_delivered_eur"": null, ""substitutes_qualified"": []}"
candidate_0023,Coutn2,EEU-FR1J470,1,4.7e-05,F,0.2,Polar aluminium electrolytic FR-A,Radial 6.3 x 12.7mm; 2.5mm pitch,"{""voltage_v"": 63, ""temperature_C"": 105, ""life_hours_at_105C"": 5000}",../../research/procurement/robust_parts_2026-10-09.yaml#part,2026-10-09,,"{""exact_mpn"": ""EEU-FR1J470"", ""nominal"": 4.7e-05, ""unit"": ""F"", ""tolerance_fraction"": 0.2, ""technology"": ""Polar aluminium electrolytic FR-A"", ""package"": ""Radial 6.3 x 12.7mm; 2.5mm pitch"", ""ratings"": {""voltage_v"": 63, ""temperature_C"": 105, ""life_hours_at_105C"": 5000}, ""manufacturer_document"": null, ""manufacturer_lifecycle"": ""Documented production series; exact current notices/orderability require refresh"", ""observation_date"": ""2026-10-09"", ""evidence_kind"": ""Indexed primary seller catalogue; reported crawl age retained; not live stock or accepted quote"", ""seller"": ""DigiKey Germany"", ""url"": ""https://www.digikey.de/de/products/detail/panasonic-electronic-components/EEU-FR1J470/3072280"", ""reported_crawl_age"": ""4 months"", ""stock_observed"": 68724, ""live_stock"": null, ""moq_observed"": 1, ""order_multiple_observed"": 1, ""retail_pack_size_observed"": 1, ""factory_pack"": null, ""packaging"": ""Cut tape / bulk individual; no optional reeling"", ""manufacturer_lead_time_weeks_observed"": 31, ""actual_dispatch_lead_time"": null, ""unit_price_net_eur_observed"": 0.4, ""unit_price_gross_eur_scenario"": 0.476, ""private_germany_route"": ""See seller_contracts; subject to acceptance and current inventory; no checkout performed"", ""delivered_cost_eur"": null, ""substitutes_qualified"": [], ""qualification_gaps"": [""Loss/leakage/temperature/excess-noise or production population not fully validated""], ""evidence_limit"": ""Older German stock/price; frequency/temperature ESR, leakage, reversal and startup stress remain unqualified. No live stock inference.""}","{""exact_mpn"": ""EEU-FR1J470"", ""manufacturer"": ""Panasonic"", ""nominal_f"": 4.7e-05, ""tolerance_fraction"": 0.2, ""voltage_v"": 63, ""technology"": ""Polar aluminum electrolytic FR-A"", ""package"": ""Radial 6.3mm diameter, 11.2mm body, 2.5mm pitch"", ""primary_url"": ""https://industrial.panasonic.com/ww/products/pt/aluminum-cap-lead/models/EEUFR1J470"", ""manufacturer_document"": ""https://industrial.panasonic.com/cdbs/www-data/pdf/RDF0000/ABA0000C1259.pdf"", ""datasheet_version"": ""01-Sep-25"", ""temperature_c"": [-40, 105], ""tan_delta_max_at_120hz_20c"": 0.09, ""leakage_max_a_at_63v_20c_after_2min"": 2.96e-05, ""supplier_url"": ""https://www.digikey.de/en/products/detail/panasonic-industry/EEU-FR1J470/3072280"", ""supplier"": ""DigiKey Germany"", ""manufacturer_lifecycle"": ""Current primary product listing; supplier Active observation"", ""stock_observed"": 65991, ""reported_crawl_age"": ""4 months"", ""live_stock"": null, ""direct_retrieval"": ""Failed internal error; preserved observation, no accepted quote"", ""moq_observed"": 1, ""order_multiple_observed"": 1, ""retail_pack_size_observed"": 1, ""factory_pack_not_ordered"": 5000, ""actual_dispatch_lead_time"": null, ""manufacturer_lead_time"": null, ""private_germany_route"": ""Parent seller_contracts/digikey public consumer EUR terms; subject to acceptance, no checkout/contact"", ""unit_price_net_eur_scenario"": 0.4, ""vat_fraction_scenario"": 0.19, ""unit_price_gross_eur_scenario"": 0.476, ""price_tax_basis"": ""Retain parent's net-price interpretation as scenario, not invoice confirmation"", ""shipping_eur_per_basket_scenario"": [25, 29.75], ""shipping_tax_basis"": ""Parent public EUR25 summary may be gross or net; neither accepted quote"", ""import_payment_fees_eur"": null, ""confirmed_delivered_eur"": null, ""substitutes_qualified"": []}"
candidate_0023,Coutn3,EEU-FR1J470,1,4.7e-05,F,0.2,Polar aluminium electrolytic FR-A,Radial 6.3 x 12.7mm; 2.5mm pitch,"{""voltage_v"": 63, ""temperature_C"": 105, ""life_hours_at_105C"": 5000}",../../research/procurement/robust_parts_2026-10-09.yaml#part,2026-10-09,,"{""exact_mpn"": ""EEU-FR1J470"", ""nominal"": 4.7e-05, ""unit"": ""F"", ""tolerance_fraction"": 0.2, ""technology"": ""Polar aluminium electrolytic FR-A"", ""package"": ""Radial 6.3 x 12.7mm; 2.5mm pitch"", ""ratings"": {""voltage_v"": 63, ""temperature_C"": 105, ""life_hours_at_105C"": 5000}, ""manufacturer_document"": null, ""manufacturer_lifecycle"": ""Documented production series; exact current notices/orderability require refresh"", ""observation_date"": ""2026-10-09"", ""evidence_kind"": ""Indexed primary seller catalogue; reported crawl age retained; not live stock or accepted quote"", ""seller"": ""DigiKey Germany"", ""url"": ""https://www.digikey.de/de/products/detail/panasonic-electronic-components/EEU-FR1J470/3072280"", ""reported_crawl_age"": ""4 months"", ""stock_observed"": 68724, ""live_stock"": null, ""moq_observed"": 1, ""order_multiple_observed"": 1, ""retail_pack_size_observed"": 1, ""factory_pack"": null, ""packaging"": ""Cut tape / bulk individual; no optional reeling"", ""manufacturer_lead_time_weeks_observed"": 31, ""actual_dispatch_lead_time"": null, ""unit_price_net_eur_observed"": 0.4, ""unit_price_gross_eur_scenario"": 0.476, ""private_germany_route"": ""See seller_contracts; subject to acceptance and current inventory; no checkout performed"", ""delivered_cost_eur"": null, ""substitutes_qualified"": [], ""qualification_gaps"": [""Loss/leakage/temperature/excess-noise or production population not fully validated""], ""evidence_limit"": ""Older German stock/price; frequency/temperature ESR, leakage, reversal and startup stress remain unqualified. No live stock inference.""}","{""exact_mpn"": ""EEU-FR1J470"", ""manufacturer"": ""Panasonic"", ""nominal_f"": 4.7e-05, ""tolerance_fraction"": 0.2, ""voltage_v"": 63, ""technology"": ""Polar aluminum electrolytic FR-A"", ""package"": ""Radial 6.3mm diameter, 11.2mm body, 2.5mm pitch"", ""primary_url"": ""https://industrial.panasonic.com/ww/products/pt/aluminum-cap-lead/models/EEUFR1J470"", ""manufacturer_document"": ""https://industrial.panasonic.com/cdbs/www-data/pdf/RDF0000/ABA0000C1259.pdf"", ""datasheet_version"": ""01-Sep-25"", ""temperature_c"": [-40, 105], ""tan_delta_max_at_120hz_20c"": 0.09, ""leakage_max_a_at_63v_20c_after_2min"": 2.96e-05, ""supplier_url"": ""https://www.digikey.de/en/products/detail/panasonic-industry/EEU-FR1J470/3072280"", ""supplier"": ""DigiKey Germany"", ""manufacturer_lifecycle"": ""Current primary product listing; supplier Active observation"", ""stock_observed"": 65991, ""reported_crawl_age"": ""4 months"", ""live_stock"": null, ""direct_retrieval"": ""Failed internal error; preserved observation, no accepted quote"", ""moq_observed"": 1, ""order_multiple_observed"": 1, ""retail_pack_size_observed"": 1, ""factory_pack_not_ordered"": 5000, ""actual_dispatch_lead_time"": null, ""manufacturer_lead_time"": null, ""private_germany_route"": ""Parent seller_contracts/digikey public consumer EUR terms; subject to acceptance, no checkout/contact"", ""unit_price_net_eur_scenario"": 0.4, ""vat_fraction_scenario"": 0.19, ""unit_price_gross_eur_scenario"": 0.476, ""price_tax_basis"": ""Retain parent's net-price interpretation as scenario, not invoice confirmation"", ""shipping_eur_per_basket_scenario"": [25, 29.75], ""shipping_tax_basis"": ""Parent public EUR25 summary may be gross or net; neither accepted quote"", ""import_payment_fees_eur"": null, ""confirmed_delivered_eur"": null, ""substitutes_qualified"": []}"
candidate_0012,Rharvestp,RC0603FR-072K2L,1,2200,ohm,0.01,Thick film,0603 / 1608,"{""power_w_at_70C"": 0.1, ""working_voltage_v"": 75, ""tcr_ppm_per_C"": 100}",../../research/procurement/architecture_parts_2026-10-09.yaml#parts/RC0603FR-072K2L,2026-10-09,https://yageogroup.com/component-documentation/download/specsheet/RC0603FR-072K2L,"{""exact_mpn"": ""RC0603FR-072K2L"", ""nominal"": 2200, ""unit"": ""ohm"", ""tolerance_fraction"": 0.01, ""technology"": ""Thick film"", ""package"": ""0603 / 1608"", ""ratings"": {""power_w_at_70C"": 0.1, ""working_voltage_v"": 75, ""tcr_ppm_per_C"": 100}, ""manufacturer_document"": ""https://yageogroup.com/component-documentation/download/specsheet/RC0603FR-072K2L"", ""manufacturer_lifecycle"": ""Documented production series; exact current notices/orderability require refresh"", ""observation_date"": ""2026-10-09"", ""evidence_kind"": ""Indexed primary seller catalogue; reported crawl age retained; not live stock or accepted quote"", ""seller"": ""DigiKey Germany"", ""url"": ""https://www.digikey.de/de/products/detail/yageo/RC0603FR-072K2L/727016"", ""reported_crawl_age"": ""last week"", ""stock_observed"": 159712, ""live_stock"": null, ""moq_observed"": 1, ""order_multiple_observed"": 1, ""retail_pack_size_observed"": 1, ""factory_pack"": 5000, ""packaging"": ""Cut tape / bulk individual; no optional reeling"", ""manufacturer_lead_time_weeks_observed"": 22, ""actual_dispatch_lead_time"": null, ""unit_price_net_eur_observed"": 0.09, ""unit_price_gross_eur_scenario"": 0.1071, ""private_germany_route"": ""See seller_contracts; subject to acceptance and current inventory; no checkout performed"", ""delivered_cost_eur"": null, ""substitutes_qualified"": [], ""qualification_gaps"": [""Loss/leakage/temperature/excess-noise or production population not fully validated""]}",
candidate_0012,Rharvestn,RC0603FR-072K2L,1,2200,ohm,0.01,Thick film,0603 / 1608,"{""power_w_at_70C"": 0.1, ""working_voltage_v"": 75, ""tcr_ppm_per_C"": 100}",../../research/procurement/architecture_parts_2026-10-09.yaml#parts/RC0603FR-072K2L,2026-10-09,https://yageogroup.com/component-documentation/download/specsheet/RC0603FR-072K2L,"{""exact_mpn"": ""RC0603FR-072K2L"", ""nominal"": 2200, ""unit"": ""ohm"", ""tolerance_fraction"": 0.01, ""technology"": ""Thick film"", ""package"": ""0603 / 1608"", ""ratings"": {""power_w_at_70C"": 0.1, ""working_voltage_v"": 75, ""tcr_ppm_per_C"": 100}, ""manufacturer_document"": ""https://yageogroup.com/component-documentation/download/specsheet/RC0603FR-072K2L"", ""manufacturer_lifecycle"": ""Documented production series; exact current notices/orderability require refresh"", ""observation_date"": ""2026-10-09"", ""evidence_kind"": ""Indexed primary seller catalogue; reported crawl age retained; not live stock or accepted quote"", ""seller"": ""DigiKey Germany"", ""url"": ""https://www.digikey.de/de/products/detail/yageo/RC0603FR-072K2L/727016"", ""reported_crawl_age"": ""last week"", ""stock_observed"": 159712, ""live_stock"": null, ""moq_observed"": 1, ""order_multiple_observed"": 1, ""retail_pack_size_observed"": 1, ""factory_pack"": 5000, ""packaging"": ""Cut tape / bulk individual; no optional reeling"", ""manufacturer_lead_time_weeks_observed"": 22, ""actual_dispatch_lead_time"": null, ""unit_price_net_eur_observed"": 0.09, ""unit_price_gross_eur_scenario"": 0.1071, ""private_germany_route"": ""See seller_contracts; subject to acceptance and current inventory; no checkout performed"", ""delivered_cost_eur"": null, ""substitutes_qualified"": [], ""qualification_gaps"": [""Loss/leakage/temperature/excess-noise or production population not fully validated""]}",
candidate_0012,Craw,EEU-FR1J470,1,4.7e-05,F,0.2,Polar aluminium electrolytic FR-A,Radial 6.3 x 12.7mm; 2.5mm pitch,"{""voltage_v"": 63, ""temperature_C"": 105, ""life_hours_at_105C"": 5000}",../../research/procurement/architecture_parts_2026-10-09.yaml#parts/EEU-FR1J470,2026-10-09,,"{""exact_mpn"": ""EEU-FR1J470"", ""nominal"": 4.7e-05, ""unit"": ""F"", ""tolerance_fraction"": 0.2, ""technology"": ""Polar aluminium electrolytic FR-A"", ""package"": ""Radial 6.3 x 12.7mm; 2.5mm pitch"", ""ratings"": {""voltage_v"": 63, ""temperature_C"": 105, ""life_hours_at_105C"": 5000}, ""manufacturer_document"": null, ""manufacturer_lifecycle"": ""Documented production series; exact current notices/orderability require refresh"", ""observation_date"": ""2026-10-09"", ""evidence_kind"": ""Indexed primary seller catalogue; reported crawl age retained; not live stock or accepted quote"", ""seller"": ""DigiKey Germany"", ""url"": ""https://www.digikey.de/de/products/detail/panasonic-electronic-components/EEU-FR1J470/3072280"", ""reported_crawl_age"": ""4 months"", ""stock_observed"": 68724, ""live_stock"": null, ""moq_observed"": 1, ""order_multiple_observed"": 1, ""retail_pack_size_observed"": 1, ""factory_pack"": null, ""packaging"": ""Cut tape / bulk individual; no optional reeling"", ""manufacturer_lead_time_weeks_observed"": 31, ""actual_dispatch_lead_time"": null, ""unit_price_net_eur_observed"": 0.4, ""unit_price_gross_eur_scenario"": 0.476, ""private_germany_route"": ""See seller_contracts; subject to acceptance and current inventory; no checkout performed"", ""delivered_cost_eur"": null, ""substitutes_qualified"": [], ""qualification_gaps"": [""Loss/leakage/temperature/excess-noise or production population not fully validated""], ""evidence_limit"": ""Older German stock/price; frequency/temperature ESR, leakage, reversal and startup stress remain unqualified. No live stock inference.""}","{""exact_mpn"": ""EEU-FR1J470"", ""manufacturer"": ""Panasonic"", ""nominal_f"": 4.7e-05, ""tolerance_fraction"": 0.2, ""voltage_v"": 63, ""technology"": ""Polar aluminum electrolytic FR-A"", ""package"": ""Radial 6.3mm diameter, 11.2mm body, 2.5mm pitch"", ""primary_url"": ""https://industrial.panasonic.com/ww/products/pt/aluminum-cap-lead/models/EEUFR1J470"", ""manufacturer_document"": ""https://industrial.panasonic.com/cdbs/www-data/pdf/RDF0000/ABA0000C1259.pdf"", ""datasheet_version"": ""01-Sep-25"", ""temperature_c"": [-40, 105], ""tan_delta_max_at_120hz_20c"": 0.09, ""leakage_max_a_at_63v_20c_after_2min"": 2.96e-05, ""supplier_url"": ""https://www.digikey.de/en/products/detail/panasonic-industry/EEU-FR1J470/3072280"", ""supplier"": ""DigiKey Germany"", ""manufacturer_lifecycle"": ""Current primary product listing; supplier Active observation"", ""stock_observed"": 65991, ""reported_crawl_age"": ""4 months"", ""live_stock"": null, ""direct_retrieval"": ""Failed internal error; preserved observation, no accepted quote"", ""moq_observed"": 1, ""order_multiple_observed"": 1, ""retail_pack_size_observed"": 1, ""factory_pack_not_ordered"": 5000, ""actual_dispatch_lead_time"": null, ""manufacturer_lead_time"": null, ""private_germany_route"": ""Parent seller_contracts/digikey public consumer EUR terms; subject to acceptance, no checkout/contact"", ""unit_price_net_eur_scenario"": 0.4, ""vat_fraction_scenario"": 0.19, ""unit_price_gross_eur_scenario"": 0.476, ""price_tax_basis"": ""Retain parent's net-price interpretation as scenario, not invoice confirmation"", ""shipping_eur_per_basket_scenario"": [25, 29.75], ""shipping_tax_basis"": ""Parent public EUR25 summary may be gross or net; neither accepted quote"", ""import_payment_fees_eur"": null, ""confirmed_delivered_eur"": null, ""substitutes_qualified"": []}"
candidate_0012,Rregtop,RC0603FR-07100KL,1,100000,ohm,0.01,Thick film,0603 / 1608,"{""power_w_at_70C"": 0.1, ""working_voltage_v"": 75, ""tcr_ppm_per_C"": 100}",../../research/procurement/architecture_parts_2026-10-09.yaml#parts/RC0603FR-07100KL,2026-10-09,https://yageogroup.com/component-documentation/download/specsheet/RC0603FR-07100KL,"{""exact_mpn"": ""RC0603FR-07100KL"", ""nominal"": 100000, ""unit"": ""ohm"", ""tolerance_fraction"": 0.01, ""technology"": ""Thick film"", ""package"": ""0603 / 1608"", ""ratings"": {""power_w_at_70C"": 0.1, ""working_voltage_v"": 75, ""tcr_ppm_per_C"": 100}, ""manufacturer_document"": ""https://yageogroup.com/component-documentation/download/specsheet/RC0603FR-07100KL"", ""manufacturer_lifecycle"": ""Documented production series; exact current notices/orderability require refresh"", ""observation_date"": ""2026-10-09"", ""evidence_kind"": ""Indexed primary seller catalogue; reported crawl age retained; not live stock or accepted quote"", ""seller"": ""DigiKey Germany"", ""url"": ""https://www.digikey.de/de/products/detail/yageo/RC0603FR-07100KL/726889"", ""reported_crawl_age"": ""3 days"", ""stock_observed"": 548272, ""live_stock"": null, ""moq_observed"": 1, ""order_multiple_observed"": 1, ""retail_pack_size_observed"": 1, ""factory_pack"": 5000, ""packaging"": ""Cut tape / bulk individual; no optional reeling"", ""manufacturer_lead_time_weeks_observed"": null, ""actual_dispatch_lead_time"": null, ""unit_price_net_eur_observed"": 0.09, ""unit_price_gross_eur_scenario"": 0.1071, ""private_germany_route"": ""See seller_contracts; subject to acceptance and current inventory; no checkout performed"", ""delivered_cost_eur"": null, ""substitutes_qualified"": [], ""qualification_gaps"": [""Loss/leakage/temperature/excess-noise or production population not fully validated""]}",
candidate_0012,Rregbottom,RC0603FR-07100KL,1,100000,ohm,0.01,Thick film,0603 / 1608,"{""power_w_at_70C"": 0.1, ""working_voltage_v"": 75, ""tcr_ppm_per_C"": 100}",../../research/procurement/architecture_parts_2026-10-09.yaml#parts/RC0603FR-07100KL,2026-10-09,https://yageogroup.com/component-documentation/download/specsheet/RC0603FR-07100KL,"{""exact_mpn"": ""RC0603FR-07100KL"", ""nominal"": 100000, ""unit"": ""ohm"", ""tolerance_fraction"": 0.01, ""technology"": ""Thick film"", ""package"": ""0603 / 1608"", ""ratings"": {""power_w_at_70C"": 0.1, ""working_voltage_v"": 75, ""tcr_ppm_per_C"": 100}, ""manufacturer_document"": ""https://yageogroup.com/component-documentation/download/specsheet/RC0603FR-07100KL"", ""manufacturer_lifecycle"": ""Documented production series; exact current notices/orderability require refresh"", ""observation_date"": ""2026-10-09"", ""evidence_kind"": ""Indexed primary seller catalogue; reported crawl age retained; not live stock or accepted quote"", ""seller"": ""DigiKey Germany"", ""url"": ""https://www.digikey.de/de/products/detail/yageo/RC0603FR-07100KL/726889"", ""reported_crawl_age"": ""3 days"", ""stock_observed"": 548272, ""live_stock"": null, ""moq_observed"": 1, ""order_multiple_observed"": 1, ""retail_pack_size_observed"": 1, ""factory_pack"": 5000, ""packaging"": ""Cut tape / bulk individual; no optional reeling"", ""manufacturer_lead_time_weeks_observed"": null, ""actual_dispatch_lead_time"": null, ""unit_price_net_eur_observed"": 0.09, ""unit_price_gross_eur_scenario"": 0.1071, ""private_germany_route"": ""See seller_contracts; subject to acceptance and current inventory; no checkout performed"", ""delivered_cost_eur"": null, ""substitutes_qualified"": [], ""qualification_gaps"": [""Loss/leakage/temperature/excess-noise or production population not fully validated""]}",
candidate_0012,Cregbase,R82EC4100DQ70J,1,1e-06,F,0.05,Metallized PET film R82,Radial 7.2 x 6 x 11.1mm; 5mm pitch,"{""voltage_dc_v"": 100, ""voltage_ac_v"": 63}",../../research/procurement/architecture_parts_2026-10-09.yaml#parts/R82EC4100DQ70J,2026-10-09,https://www.digikey.com/htmldatasheets/production/3447437/0/0/1/r82dc3680dq60j.pdf,"{""exact_mpn"": ""R82EC4100DQ70J"", ""nominal"": 1e-06, ""unit"": ""F"", ""tolerance_fraction"": 0.05, ""technology"": ""Metallized PET film R82"", ""package"": ""Radial 7.2 x 6 x 11.1mm; 5mm pitch"", ""ratings"": {""voltage_dc_v"": 100, ""voltage_ac_v"": 63}, ""manufacturer_document"": ""https://www.digikey.com/htmldatasheets/production/3447437/0/0/1/r82dc3680dq60j.pdf"", ""manufacturer_lifecycle"": ""Documented production series; exact current notices/orderability require refresh"", ""observation_date"": ""2026-10-09"", ""evidence_kind"": ""Indexed primary seller catalogue; reported crawl age retained; not live stock or accepted quote"", ""seller"": ""DigiKey Germany"", ""url"": ""https://www.digikey.de/de/products/detail/kemet/R82EC4100DQ70J/1930809"", ""reported_crawl_age"": ""3 weeks"", ""stock_observed"": 314884, ""live_stock"": null, ""moq_observed"": 1, ""order_multiple_observed"": 1, ""retail_pack_size_observed"": 1, ""factory_pack"": 1400, ""packaging"": ""Cut tape / bulk individual; no optional reeling"", ""manufacturer_lead_time_weeks_observed"": 26, ""actual_dispatch_lead_time"": null, ""unit_price_net_eur_observed"": 0.78, ""unit_price_gross_eur_scenario"": 0.9282, ""private_germany_route"": ""See seller_contracts; subject to acceptance and current inventory; no checkout performed"", ""delivered_cost_eur"": null, ""substitutes_qualified"": [], ""qualification_gaps"": [""Loss/leakage/temperature/excess-noise or production population not fully validated""]}",
candidate_0012,Qreg,"BC846B,215",1,BC846B,device,,NPN bipolar,SOT-23,"{""vceo_v"": 65, ""ic_a"": 0.1, ""note"": ""Package power/SOA and maximum temperature require mounting-specific evaluation""}","../../research/procurement/architecture_parts_2026-10-09.yaml#parts/BC846B,215",2026-10-09,https://assets.nexperia.com/documents/data-sheet/BC846_SER.pdf,"{""exact_mpn"": ""BC846B,215"", ""nominal"": ""BC846B"", ""unit"": ""device"", ""tolerance_fraction"": null, ""technology"": ""NPN bipolar"", ""package"": ""SOT-23"", ""ratings"": {""vceo_v"": 65, ""ic_a"": 0.1, ""note"": ""Package power/SOA and maximum temperature require mounting-specific evaluation""}, ""manufacturer_document"": ""https://assets.nexperia.com/documents/data-sheet/BC846_SER.pdf"", ""manufacturer_lifecycle"": ""Documented production series; exact current notices/orderability require refresh"", ""observation_date"": ""2026-10-09"", ""evidence_kind"": ""Indexed primary seller catalogue; reported crawl age retained; not live stock or accepted quote"", ""seller"": ""TME Germany"", ""url"": ""https://www.tme.eu/de/details/bc846b.215/npn-smd-transistoren/nexperia/bc846b-215/"", ""reported_crawl_age"": ""product2 months; group1 week"", ""stock_observed"": 178360, ""live_stock"": null, ""moq_observed"": 1, ""order_multiple_observed"": 1, ""retail_pack_size_observed"": 1, ""factory_pack"": 3000, ""packaging"": ""Cut tape / bulk individual; no optional reeling"", ""manufacturer_lead_time_weeks_observed"": null, ""actual_dispatch_lead_time"": null, ""unit_price_net_eur_observed"": 0.08, ""unit_price_gross_eur_scenario"": 0.0952, ""private_germany_route"": ""See seller_contracts; subject to acceptance and current inventory; no checkout performed"", ""delivered_cost_eur"": null, ""substitutes_qualified"": [], ""qualification_gaps"": [""Loss/leakage/temperature/excess-noise or production population not fully validated""], ""price_and_inventory_limit"": ""TME product/group conflict; net EUR0.08\u20130.09, gross rounded0.09\u20130.11; calculation0.08 is a labelled lower observed-price scenario, not invoice price""}",
candidate_0012,Crail,EEU-FR1J470,1,4.7e-05,F,0.2,Polar aluminium electrolytic FR-A,Radial 6.3 x 12.7mm; 2.5mm pitch,"{""voltage_v"": 63, ""temperature_C"": 105, ""life_hours_at_105C"": 5000}",../../research/procurement/architecture_parts_2026-10-09.yaml#parts/EEU-FR1J470,2026-10-09,,"{""exact_mpn"": ""EEU-FR1J470"", ""nominal"": 4.7e-05, ""unit"": ""F"", ""tolerance_fraction"": 0.2, ""technology"": ""Polar aluminium electrolytic FR-A"", ""package"": ""Radial 6.3 x 12.7mm; 2.5mm pitch"", ""ratings"": {""voltage_v"": 63, ""temperature_C"": 105, ""life_hours_at_105C"": 5000}, ""manufacturer_document"": null, ""manufacturer_lifecycle"": ""Documented production series; exact current notices/orderability require refresh"", ""observation_date"": ""2026-10-09"", ""evidence_kind"": ""Indexed primary seller catalogue; reported crawl age retained; not live stock or accepted quote"", ""seller"": ""DigiKey Germany"", ""url"": ""https://www.digikey.de/de/products/detail/panasonic-electronic-components/EEU-FR1J470/3072280"", ""reported_crawl_age"": ""4 months"", ""stock_observed"": 68724, ""live_stock"": null, ""moq_observed"": 1, ""order_multiple_observed"": 1, ""retail_pack_size_observed"": 1, ""factory_pack"": null, ""packaging"": ""Cut tape / bulk individual; no optional reeling"", ""manufacturer_lead_time_weeks_observed"": 31, ""actual_dispatch_lead_time"": null, ""unit_price_net_eur_observed"": 0.4, ""unit_price_gross_eur_scenario"": 0.476, ""private_germany_route"": ""See seller_contracts; subject to acceptance and current inventory; no checkout performed"", ""delivered_cost_eur"": null, ""substitutes_qualified"": [], ""qualification_gaps"": [""Loss/leakage/temperature/excess-noise or production population not fully validated""], ""evidence_limit"": ""Older German stock/price; frequency/temperature ESR, leakage, reversal and startup stress remain unqualified. No live stock inference.""}","{""exact_mpn"": ""EEU-FR1J470"", ""manufacturer"": ""Panasonic"", ""nominal_f"": 4.7e-05, ""tolerance_fraction"": 0.2, ""voltage_v"": 63, ""technology"": ""Polar aluminum electrolytic FR-A"", ""package"": ""Radial 6.3mm diameter, 11.2mm body, 2.5mm pitch"", ""primary_url"": ""https://industrial.panasonic.com/ww/products/pt/aluminum-cap-lead/models/EEUFR1J470"", ""manufacturer_document"": ""https://industrial.panasonic.com/cdbs/www-data/pdf/RDF0000/ABA0000C1259.pdf"", ""datasheet_version"": ""01-Sep-25"", ""temperature_c"": [-40, 105], ""tan_delta_max_at_120hz_20c"": 0.09, ""leakage_max_a_at_63v_20c_after_2min"": 2.96e-05, ""supplier_url"": ""https://www.digikey.de/en/products/detail/panasonic-industry/EEU-FR1J470/3072280"", ""supplier"": ""DigiKey Germany"", ""manufacturer_lifecycle"": ""Current primary product listing; supplier Active observation"", ""stock_observed"": 65991, ""reported_crawl_age"": ""4 months"", ""live_stock"": null, ""direct_retrieval"": ""Failed internal error; preserved observation, no accepted quote"", ""moq_observed"": 1, ""order_multiple_observed"": 1, ""retail_pack_size_observed"": 1, ""factory_pack_not_ordered"": 5000, ""actual_dispatch_lead_time"": null, ""manufacturer_lead_time"": null, ""private_germany_route"": ""Parent seller_contracts/digikey public consumer EUR terms; subject to acceptance, no checkout/contact"", ""unit_price_net_eur_scenario"": 0.4, ""vat_fraction_scenario"": 0.19, ""unit_price_gross_eur_scenario"": 0.476, ""price_tax_basis"": ""Retain parent's net-price interpretation as scenario, not invoice confirmation"", ""shipping_eur_per_basket_scenario"": [25, 29.75], ""shipping_tax_basis"": ""Parent public EUR25 summary may be gross or net; neither accepted quote"", ""import_payment_fees_eur"": null, ""confirmed_delivered_eur"": null, ""substitutes_qualified"": []}"
candidate_0012,Rmidtop,AC0603FR-0710KL,1,10000,ohm,0.01,Thick film,0603 / 1608,"{""power_w_at_70C"": 0.1, ""working_voltage_v"": 75, ""tcr_ppm_per_C"": 100}",../../research/procurement/architecture_parts_2026-10-09.yaml#parts/AC0603FR-0710KL,2026-10-09,https://yageogroup.com/component-documentation/download/specsheet/AC0603FR-0710KL,"{""exact_mpn"": ""AC0603FR-0710KL"", ""nominal"": 10000, ""unit"": ""ohm"", ""tolerance_fraction"": 0.01, ""technology"": ""Thick film"", ""package"": ""0603 / 1608"", ""ratings"": {""power_w_at_70C"": 0.1, ""working_voltage_v"": 75, ""tcr_ppm_per_C"": 100}, ""manufacturer_document"": ""https://yageogroup.com/component-documentation/download/specsheet/AC0603FR-0710KL"", ""manufacturer_lifecycle"": ""Documented production series; exact current notices/orderability require refresh"", ""observation_date"": ""2026-10-09"", ""evidence_kind"": ""Indexed primary seller catalogue; reported crawl age retained; not live stock or accepted quote"", ""seller"": ""DigiKey Germany"", ""url"": ""https://www.digikey.de/de/products/detail/yageo/AC0603FR-0710KL/2828135"", ""reported_crawl_age"": ""last week"", ""stock_observed"": 1303493, ""live_stock"": null, ""moq_observed"": 1, ""order_multiple_observed"": 1, ""retail_pack_size_observed"": 1, ""factory_pack"": 5000, ""packaging"": ""Cut tape / bulk individual; no optional reeling"", ""manufacturer_lead_time_weeks_observed"": 22, ""actual_dispatch_lead_time"": null, ""unit_price_net_eur_observed"": 0.09, ""unit_price_gross_eur_scenario"": 0.1071, ""private_germany_route"": ""See seller_contracts; subject to acceptance and current inventory; no checkout performed"", ""delivered_cost_eur"": null, ""substitutes_qualified"": [], ""qualification_gaps"": [""Loss/leakage/temperature/excess-noise or production population not fully validated""], ""conflicting_observation"": ""Other catalogue alias shows backorder; exact current shared inventory unconfirmed""}",
candidate_0012,Rmidbottom,AC0603FR-0710KL,1,10000,ohm,0.01,Thick film,0603 / 1608,"{""power_w_at_70C"": 0.1, ""working_voltage_v"": 75, ""tcr_ppm_per_C"": 100}",../../research/procurement/architecture_parts_2026-10-09.yaml#parts/AC0603FR-0710KL,2026-10-09,https://yageogroup.com/component-documentation/download/specsheet/AC0603FR-0710KL,"{""exact_mpn"": ""AC0603FR-0710KL"", ""nominal"": 10000, ""unit"": ""ohm"", ""tolerance_fraction"": 0.01, ""technology"": ""Thick film"", ""package"": ""0603 / 1608"", ""ratings"": {""power_w_at_70C"": 0.1, ""working_voltage_v"": 75, ""tcr_ppm_per_C"": 100}, ""manufacturer_document"": ""https://yageogroup.com/component-documentation/download/specsheet/AC0603FR-0710KL"", ""manufacturer_lifecycle"": ""Documented production series; exact current notices/orderability require refresh"", ""observation_date"": ""2026-10-09"", ""evidence_kind"": ""Indexed primary seller catalogue; reported crawl age retained; not live stock or accepted quote"", ""seller"": ""DigiKey Germany"", ""url"": ""https://www.digikey.de/de/products/detail/yageo/AC0603FR-0710KL/2828135"", ""reported_crawl_age"": ""last week"", ""stock_observed"": 1303493, ""live_stock"": null, ""moq_observed"": 1, ""order_multiple_observed"": 1, ""retail_pack_size_observed"": 1, ""factory_pack"": 5000, ""packaging"": ""Cut tape / bulk individual; no optional reeling"", ""manufacturer_lead_time_weeks_observed"": 22, ""actual_dispatch_lead_time"": null, ""unit_price_net_eur_observed"": 0.09, ""unit_price_gross_eur_scenario"": 0.1071, ""private_germany_route"": ""See seller_contracts; subject to acceptance and current inventory; no checkout performed"", ""delivered_cost_eur"": null, ""substitutes_qualified"": [], ""qualification_gaps"": [""Loss/leakage/temperature/excess-noise or production population not fully validated""], ""conflicting_observation"": ""Other catalogue alias shows backorder; exact current shared inventory unconfirmed""}",
candidate_0012,Cmid,EEU-FR1J470,1,4.7e-05,F,0.2,Polar aluminium electrolytic FR-A,Radial 6.3 x 12.7mm; 2.5mm pitch,"{""voltage_v"": 63, ""temperature_C"": 105, ""life_hours_at_105C"": 5000}",../../research/procurement/architecture_parts_2026-10-09.yaml#parts/EEU-FR1J470,2026-10-09,,"{""exact_mpn"": ""EEU-FR1J470"", ""nominal"": 4.7e-05, ""unit"": ""F"", ""tolerance_fraction"": 0.2, ""technology"": ""Polar aluminium electrolytic FR-A"", ""package"": ""Radial 6.3 x 12.7mm; 2.5mm pitch"", ""ratings"": {""voltage_v"": 63, ""temperature_C"": 105, ""life_hours_at_105C"": 5000}, ""manufacturer_document"": null, ""manufacturer_lifecycle"": ""Documented production series; exact current notices/orderability require refresh"", ""observation_date"": ""2026-10-09"", ""evidence_kind"": ""Indexed primary seller catalogue; reported crawl age retained; not live stock or accepted quote"", ""seller"": ""DigiKey Germany"", ""url"": ""https://www.digikey.de/de/products/detail/panasonic-electronic-components/EEU-FR1J470/3072280"", ""reported_crawl_age"": ""4 months"", ""stock_observed"": 68724, ""live_stock"": null, ""moq_observed"": 1, ""order_multiple_observed"": 1, ""retail_pack_size_observed"": 1, ""factory_pack"": null, ""packaging"": ""Cut tape / bulk individual; no optional reeling"", ""manufacturer_lead_time_weeks_observed"": 31, ""actual_dispatch_lead_time"": null, ""unit_price_net_eur_observed"": 0.4, ""unit_price_gross_eur_scenario"": 0.476, ""private_germany_route"": ""See seller_contracts; subject to acceptance and current inventory; no checkout performed"", ""delivered_cost_eur"": null, ""substitutes_qualified"": [], ""qualification_gaps"": [""Loss/leakage/temperature/excess-noise or production population not fully validated""], ""evidence_limit"": ""Older German stock/price; frequency/temperature ESR, leakage, reversal and startup stress remain unqualified. No live stock inference.""}","{""exact_mpn"": ""EEU-FR1J470"", ""manufacturer"": ""Panasonic"", ""nominal_f"": 4.7e-05, ""tolerance_fraction"": 0.2, ""voltage_v"": 63, ""technology"": ""Polar aluminum electrolytic FR-A"", ""package"": ""Radial 6.3mm diameter, 11.2mm body, 2.5mm pitch"", ""primary_url"": ""https://industrial.panasonic.com/ww/products/pt/aluminum-cap-lead/models/EEUFR1J470"", ""manufacturer_document"": ""https://industrial.panasonic.com/cdbs/www-data/pdf/RDF0000/ABA0000C1259.pdf"", ""datasheet_version"": ""01-Sep-25"", ""temperature_c"": [-40, 105], ""tan_delta_max_at_120hz_20c"": 0.09, ""leakage_max_a_at_63v_20c_after_2min"": 2.96e-05, ""supplier_url"": ""https://www.digikey.de/en/products/detail/panasonic-industry/EEU-FR1J470/3072280"", ""supplier"": ""DigiKey Germany"", ""manufacturer_lifecycle"": ""Current primary product listing; supplier Active observation"", ""stock_observed"": 65991, ""reported_crawl_age"": ""4 months"", ""live_stock"": null, ""direct_retrieval"": ""Failed internal error; preserved observation, no accepted quote"", ""moq_observed"": 1, ""order_multiple_observed"": 1, ""retail_pack_size_observed"": 1, ""factory_pack_not_ordered"": 5000, ""actual_dispatch_lead_time"": null, ""manufacturer_lead_time"": null, ""private_germany_route"": ""Parent seller_contracts/digikey public consumer EUR terms; subject to acceptance, no checkout/contact"", ""unit_price_net_eur_scenario"": 0.4, ""vat_fraction_scenario"": 0.19, ""unit_price_gross_eur_scenario"": 0.476, ""price_tax_basis"": ""Retain parent's net-price interpretation as scenario, not invoice confirmation"", ""shipping_eur_per_basket_scenario"": [25, 29.75], ""shipping_tax_basis"": ""Parent public EUR25 summary may be gross or net; neither accepted quote"", ""import_payment_fees_eur"": null, ""confirmed_delivered_eur"": null, ""substitutes_qualified"": []}"
candidate_0012,Rpolar0,RC0603FR-071ML,1,1000000,ohm,0.01,Thick film,0603 / 1608,"{""power_w_at_70C"": 0.1, ""working_voltage_v"": 75, ""tcr_ppm_per_C"": 100}",../../research/procurement/architecture_parts_2026-10-09.yaml#parts/RC0603FR-071ML,2026-10-09,https://yageogroup.com/component-documentation/download/specsheet/RC0603FR-071ML,"{""exact_mpn"": ""RC0603FR-071ML"", ""nominal"": 1000000, ""unit"": ""ohm"", ""tolerance_fraction"": 0.01, ""technology"": ""Thick film"", ""package"": ""0603 / 1608"", ""ratings"": {""power_w_at_70C"": 0.1, ""working_voltage_v"": 75, ""tcr_ppm_per_C"": 100}, ""manufacturer_document"": ""https://yageogroup.com/component-documentation/download/specsheet/RC0603FR-071ML"", ""manufacturer_lifecycle"": ""Documented production series; exact current notices/orderability require refresh"", ""observation_date"": ""2026-10-09"", ""evidence_kind"": ""Indexed primary seller catalogue; reported crawl age retained; not live stock or accepted quote"", ""seller"": ""DigiKey Germany"", ""url"": ""https://www.digikey.de/de/products/detail/yageo/RC0603FR-071ML/729791"", ""reported_crawl_age"": ""last week"", ""stock_observed"": 1566554, ""live_stock"": null, ""moq_observed"": 1, ""order_multiple_observed"": 1, ""retail_pack_size_observed"": 1, ""factory_pack"": 5000, ""packaging"": ""Cut tape / bulk individual; no optional reeling"", ""manufacturer_lead_time_weeks_observed"": 22, ""actual_dispatch_lead_time"": null, ""unit_price_net_eur_observed"": 0.09, ""unit_price_gross_eur_scenario"": 0.1071, ""private_germany_route"": ""See seller_contracts; subject to acceptance and current inventory; no checkout performed"", ""delivered_cost_eur"": null, ""substitutes_qualified"": [], ""qualification_gaps"": [""Loss/leakage/temperature/excess-noise or production population not fully validated""], ""conflicting_observation"": ""Different catalogue alias/older snapshot has different inventory; do not infer live stock""}",
candidate_0012,Rpolar1,RC0603FR-071ML,1,1000000,ohm,0.01,Thick film,0603 / 1608,"{""power_w_at_70C"": 0.1, ""working_voltage_v"": 75, ""tcr_ppm_per_C"": 100}",../../research/procurement/architecture_parts_2026-10-09.yaml#parts/RC0603FR-071ML,2026-10-09,https://yageogroup.com/component-documentation/download/specsheet/RC0603FR-071ML,"{""exact_mpn"": ""RC0603FR-071ML"", ""nominal"": 1000000, ""unit"": ""ohm"", ""tolerance_fraction"": 0.01, ""technology"": ""Thick film"", ""package"": ""0603 / 1608"", ""ratings"": {""power_w_at_70C"": 0.1, ""working_voltage_v"": 75, ""tcr_ppm_per_C"": 100}, ""manufacturer_document"": ""https://yageogroup.com/component-documentation/download/specsheet/RC0603FR-071ML"", ""manufacturer_lifecycle"": ""Documented production series; exact current notices/orderability require refresh"", ""observation_date"": ""2026-10-09"", ""evidence_kind"": ""Indexed primary seller catalogue; reported crawl age retained; not live stock or accepted quote"", ""seller"": ""DigiKey Germany"", ""url"": ""https://www.digikey.de/de/products/detail/yageo/RC0603FR-071ML/729791"", ""reported_crawl_age"": ""last week"", ""stock_observed"": 1566554, ""live_stock"": null, ""moq_observed"": 1, ""order_multiple_observed"": 1, ""retail_pack_size_observed"": 1, ""factory_pack"": 5000, ""packaging"": ""Cut tape / bulk individual; no optional reeling"", ""manufacturer_lead_time_weeks_observed"": 22, ""actual_dispatch_lead_time"": null, ""unit_price_net_eur_observed"": 0.09, ""unit_price_gross_eur_scenario"": 0.1071, ""private_germany_route"": ""See seller_contracts; subject to acceptance and current inventory; no checkout performed"", ""delivered_cost_eur"": null, ""substitutes_qualified"": [], ""qualification_gaps"": [""Loss/leakage/temperature/excess-noise or production population not fully validated""], ""conflicting_observation"": ""Different catalogue alias/older snapshot has different inventory; do not infer live stock""}",
candidate_0012,Rpolar2,RC0603FR-071ML,1,1000000,ohm,0.01,Thick film,0603 / 1608,"{""power_w_at_70C"": 0.1, ""working_voltage_v"": 75, ""tcr_ppm_per_C"": 100}",../../research/procurement/architecture_parts_2026-10-09.yaml#parts/RC0603FR-071ML,2026-10-09,https://yageogroup.com/component-documentation/download/specsheet/RC0603FR-071ML,"{""exact_mpn"": ""RC0603FR-071ML"", ""nominal"": 1000000, ""unit"": ""ohm"", ""tolerance_fraction"": 0.01, ""technology"": ""Thick film"", ""package"": ""0603 / 1608"", ""ratings"": {""power_w_at_70C"": 0.1, ""working_voltage_v"": 75, ""tcr_ppm_per_C"": 100}, ""manufacturer_document"": ""https://yageogroup.com/component-documentation/download/specsheet/RC0603FR-071ML"", ""manufacturer_lifecycle"": ""Documented production series; exact current notices/orderability require refresh"", ""observation_date"": ""2026-10-09"", ""evidence_kind"": ""Indexed primary seller catalogue; reported crawl age retained; not live stock or accepted quote"", ""seller"": ""DigiKey Germany"", ""url"": ""https://www.digikey.de/de/products/detail/yageo/RC0603FR-071ML/729791"", ""reported_crawl_age"": ""last week"", ""stock_observed"": 1566554, ""live_stock"": null, ""moq_observed"": 1, ""order_multiple_observed"": 1, ""retail_pack_size_observed"": 1, ""factory_pack"": 5000, ""packaging"": ""Cut tape / bulk individual; no optional reeling"", ""manufacturer_lead_time_weeks_observed"": 22, ""actual_dispatch_lead_time"": null, ""unit_price_net_eur_observed"": 0.09, ""unit_price_gross_eur_scenario"": 0.1071, ""private_germany_route"": ""See seller_contracts; subject to acceptance and current inventory; no checkout performed"", ""delivered_cost_eur"": null, ""substitutes_qualified"": [], ""qualification_gaps"": [""Loss/leakage/temperature/excess-noise or production population not fully validated""], ""conflicting_observation"": ""Different catalogue alias/older snapshot has different inventory; do not infer live stock""}",
candidate_0012,Rpolar3,RC0603FR-071ML,1,1000000,ohm,0.01,Thick film,0603 / 1608,"{""power_w_at_70C"": 0.1, ""working_voltage_v"": 75, ""tcr_ppm_per_C"": 100}",../../research/procurement/architecture_parts_2026-10-09.yaml#parts/RC0603FR-071ML,2026-10-09,https://yageogroup.com/component-documentation/download/specsheet/RC0603FR-071ML,"{""exact_mpn"": ""RC0603FR-071ML"", ""nominal"": 1000000, ""unit"": ""ohm"", ""tolerance_fraction"": 0.01, ""technology"": ""Thick film"", ""package"": ""0603 / 1608"", ""ratings"": {""power_w_at_70C"": 0.1, ""working_voltage_v"": 75, ""tcr_ppm_per_C"": 100}, ""manufacturer_document"": ""https://yageogroup.com/component-documentation/download/specsheet/RC0603FR-071ML"", ""manufacturer_lifecycle"": ""Documented production series; exact current notices/orderability require refresh"", ""observation_date"": ""2026-10-09"", ""evidence_kind"": ""Indexed primary seller catalogue; reported crawl age retained; not live stock or accepted quote"", ""seller"": ""DigiKey Germany"", ""url"": ""https://www.digikey.de/de/products/detail/yageo/RC0603FR-071ML/729791"", ""reported_crawl_age"": ""last week"", ""stock_observed"": 1566554, ""live_stock"": null, ""moq_observed"": 1, ""order_multiple_observed"": 1, ""retail_pack_size_observed"": 1, ""factory_pack"": 5000, ""packaging"": ""Cut tape / bulk individual; no optional reeling"", ""manufacturer_lead_time_weeks_observed"": 22, ""actual_dispatch_lead_time"": null, ""unit_price_net_eur_observed"": 0.09, ""unit_price_gross_eur_scenario"": 0.1071, ""private_germany_route"": ""See seller_contracts; subject to acceptance and current inventory; no checkout performed"", ""delivered_cost_eur"": null, ""substitutes_qualified"": [], ""qualification_gaps"": [""Loss/leakage/temperature/excess-noise or production population not fully validated""], ""conflicting_observation"": ""Different catalogue alias/older snapshot has different inventory; do not infer live stock""}",
candidate_0012,Rpolar4,RC0603FR-071ML,1,1000000,ohm,0.01,Thick film,0603 / 1608,"{""power_w_at_70C"": 0.1, ""working_voltage_v"": 75, ""tcr_ppm_per_C"": 100}",../../research/procurement/architecture_parts_2026-10-09.yaml#parts/RC0603FR-071ML,2026-10-09,https://yageogroup.com/component-documentation/download/specsheet/RC0603FR-071ML,"{""exact_mpn"": ""RC0603FR-071ML"", ""nominal"": 1000000, ""unit"": ""ohm"", ""tolerance_fraction"": 0.01, ""technology"": ""Thick film"", ""package"": ""0603 / 1608"", ""ratings"": {""power_w_at_70C"": 0.1, ""working_voltage_v"": 75, ""tcr_ppm_per_C"": 100}, ""manufacturer_document"": ""https://yageogroup.com/component-documentation/download/specsheet/RC0603FR-071ML"", ""manufacturer_lifecycle"": ""Documented production series; exact current notices/orderability require refresh"", ""observation_date"": ""2026-10-09"", ""evidence_kind"": ""Indexed primary seller catalogue; reported crawl age retained; not live stock or accepted quote"", ""seller"": ""DigiKey Germany"", ""url"": ""https://www.digikey.de/de/products/detail/yageo/RC0603FR-071ML/729791"", ""reported_crawl_age"": ""last week"", ""stock_observed"": 1566554, ""live_stock"": null, ""moq_observed"": 1, ""order_multiple_observed"": 1, ""retail_pack_size_observed"": 1, ""factory_pack"": 5000, ""packaging"": ""Cut tape / bulk individual; no optional reeling"", ""manufacturer_lead_time_weeks_observed"": 22, ""actual_dispatch_lead_time"": null, ""unit_price_net_eur_observed"": 0.09, ""unit_price_gross_eur_scenario"": 0.1071, ""private_germany_route"": ""See seller_contracts; subject to acceptance and current inventory; no checkout performed"", ""delivered_cost_eur"": null, ""substitutes_qualified"": [], ""qualification_gaps"": [""Loss/leakage/temperature/excess-noise or production population not fully validated""], ""conflicting_observation"": ""Different catalogue alias/older snapshot has different inventory; do not infer live stock""}",
candidate_0012,Rpolar5,RC0603FR-071ML,1,1000000,ohm,0.01,Thick film,0603 / 1608,"{""power_w_at_70C"": 0.1, ""working_voltage_v"": 75, ""tcr_ppm_per_C"": 100}",../../research/procurement/architecture_parts_2026-10-09.yaml#parts/RC0603FR-071ML,2026-10-09,https://yageogroup.com/component-documentation/download/specsheet/RC0603FR-071ML,"{""exact_mpn"": ""RC0603FR-071ML"", ""nominal"": 1000000, ""unit"": ""ohm"", ""tolerance_fraction"": 0.01, ""technology"": ""Thick film"", ""package"": ""0603 / 1608"", ""ratings"": {""power_w_at_70C"": 0.1, ""working_voltage_v"": 75, ""tcr_ppm_per_C"": 100}, ""manufacturer_document"": ""https://yageogroup.com/component-documentation/download/specsheet/RC0603FR-071ML"", ""manufacturer_lifecycle"": ""Documented production series; exact current notices/orderability require refresh"", ""observation_date"": ""2026-10-09"", ""evidence_kind"": ""Indexed primary seller catalogue; reported crawl age retained; not live stock or accepted quote"", ""seller"": ""DigiKey Germany"", ""url"": ""https://www.digikey.de/de/products/detail/yageo/RC0603FR-071ML/729791"", ""reported_crawl_age"": ""last week"", ""stock_observed"": 1566554, ""live_stock"": null, ""moq_observed"": 1, ""order_multiple_observed"": 1, ""retail_pack_size_observed"": 1, ""factory_pack"": 5000, ""packaging"": ""Cut tape / bulk individual; no optional reeling"", ""manufacturer_lead_time_weeks_observed"": 22, ""actual_dispatch_lead_time"": null, ""unit_price_net_eur_observed"": 0.09, ""unit_price_gross_eur_scenario"": 0.1071, ""private_germany_route"": ""See seller_contracts; subject to acceptance and current inventory; no checkout performed"", ""delivered_cost_eur"": null, ""substitutes_qualified"": [], ""qualification_gaps"": [""Loss/leakage/temperature/excess-noise or production population not fully validated""], ""conflicting_observation"": ""Different catalogue alias/older snapshot has different inventory; do not infer live stock""}",
candidate_0012,Rpolar6,RC0603FR-071ML,1,1000000,ohm,0.01,Thick film,0603 / 1608,"{""power_w_at_70C"": 0.1, ""working_voltage_v"": 75, ""tcr_ppm_per_C"": 100}",../../research/procurement/architecture_parts_2026-10-09.yaml#parts/RC0603FR-071ML,2026-10-09,https://yageogroup.com/component-documentation/download/specsheet/RC0603FR-071ML,"{""exact_mpn"": ""RC0603FR-071ML"", ""nominal"": 1000000, ""unit"": ""ohm"", ""tolerance_fraction"": 0.01, ""technology"": ""Thick film"", ""package"": ""0603 / 1608"", ""ratings"": {""power_w_at_70C"": 0.1, ""working_voltage_v"": 75, ""tcr_ppm_per_C"": 100}, ""manufacturer_document"": ""https://yageogroup.com/component-documentation/download/specsheet/RC0603FR-071ML"", ""manufacturer_lifecycle"": ""Documented production series; exact current notices/orderability require refresh"", ""observation_date"": ""2026-10-09"", ""evidence_kind"": ""Indexed primary seller catalogue; reported crawl age retained; not live stock or accepted quote"", ""seller"": ""DigiKey Germany"", ""url"": ""https://www.digikey.de/de/products/detail/yageo/RC0603FR-071ML/729791"", ""reported_crawl_age"": ""last week"", ""stock_observed"": 1566554, ""live_stock"": null, ""moq_observed"": 1, ""order_multiple_observed"": 1, ""retail_pack_size_observed"": 1, ""factory_pack"": 5000, ""packaging"": ""Cut tape / bulk individual; no optional reeling"", ""manufacturer_lead_time_weeks_observed"": 22, ""actual_dispatch_lead_time"": null, ""unit_price_net_eur_observed"": 0.09, ""unit_price_gross_eur_scenario"": 0.1071, ""private_germany_route"": ""See seller_contracts; subject to acceptance and current inventory; no checkout performed"", ""delivered_cost_eur"": null, ""substitutes_qualified"": [], ""qualification_gaps"": [""Loss/leakage/temperature/excess-noise or production population not fully validated""], ""conflicting_observation"": ""Different catalogue alias/older snapshot has different inventory; do not infer live stock""}",
candidate_0012,Rpolar7,RC0603FR-071ML,1,1000000,ohm,0.01,Thick film,0603 / 1608,"{""power_w_at_70C"": 0.1, ""working_voltage_v"": 75, ""tcr_ppm_per_C"": 100}",../../research/procurement/architecture_parts_2026-10-09.yaml#parts/RC0603FR-071ML,2026-10-09,https://yageogroup.com/component-documentation/download/specsheet/RC0603FR-071ML,"{""exact_mpn"": ""RC0603FR-071ML"", ""nominal"": 1000000, ""unit"": ""ohm"", ""tolerance_fraction"": 0.01, ""technology"": ""Thick film"", ""package"": ""0603 / 1608"", ""ratings"": {""power_w_at_70C"": 0.1, ""working_voltage_v"": 75, ""tcr_ppm_per_C"": 100}, ""manufacturer_document"": ""https://yageogroup.com/component-documentation/download/specsheet/RC0603FR-071ML"", ""manufacturer_lifecycle"": ""Documented production series; exact current notices/orderability require refresh"", ""observation_date"": ""2026-10-09"", ""evidence_kind"": ""Indexed primary seller catalogue; reported crawl age retained; not live stock or accepted quote"", ""seller"": ""DigiKey Germany"", ""url"": ""https://www.digikey.de/de/products/detail/yageo/RC0603FR-071ML/729791"", ""reported_crawl_age"": ""last week"", ""stock_observed"": 1566554, ""live_stock"": null, ""moq_observed"": 1, ""order_multiple_observed"": 1, ""retail_pack_size_observed"": 1, ""factory_pack"": 5000, ""packaging"": ""Cut tape / bulk individual; no optional reeling"", ""manufacturer_lead_time_weeks_observed"": 22, ""actual_dispatch_lead_time"": null, ""unit_price_net_eur_observed"": 0.09, ""unit_price_gross_eur_scenario"": 0.1071, ""private_germany_route"": ""See seller_contracts; subject to acceptance and current inventory; no checkout performed"", ""delivered_cost_eur"": null, ""substitutes_qualified"": [], ""qualification_gaps"": [""Loss/leakage/temperature/excess-noise or production population not fully validated""], ""conflicting_observation"": ""Different catalogue alias/older snapshot has different inventory; do not infer live stock""}",
candidate_0012,Rpolar8,RC0603FR-071ML,1,1000000,ohm,0.01,Thick film,0603 / 1608,"{""power_w_at_70C"": 0.1, ""working_voltage_v"": 75, ""tcr_ppm_per_C"": 100}",../../research/procurement/architecture_parts_2026-10-09.yaml#parts/RC0603FR-071ML,2026-10-09,https://yageogroup.com/component-documentation/download/specsheet/RC0603FR-071ML,"{""exact_mpn"": ""RC0603FR-071ML"", ""nominal"": 1000000, ""unit"": ""ohm"", ""tolerance_fraction"": 0.01, ""technology"": ""Thick film"", ""package"": ""0603 / 1608"", ""ratings"": {""power_w_at_70C"": 0.1, ""working_voltage_v"": 75, ""tcr_ppm_per_C"": 100}, ""manufacturer_document"": ""https://yageogroup.com/component-documentation/download/specsheet/RC0603FR-071ML"", ""manufacturer_lifecycle"": ""Documented production series; exact current notices/orderability require refresh"", ""observation_date"": ""2026-10-09"", ""evidence_kind"": ""Indexed primary seller catalogue; reported crawl age retained; not live stock or accepted quote"", ""seller"": ""DigiKey Germany"", ""url"": ""https://www.digikey.de/de/products/detail/yageo/RC0603FR-071ML/729791"", ""reported_crawl_age"": ""last week"", ""stock_observed"": 1566554, ""live_stock"": null, ""moq_observed"": 1, ""order_multiple_observed"": 1, ""retail_pack_size_observed"": 1, ""factory_pack"": 5000, ""packaging"": ""Cut tape / bulk individual; no optional reeling"", ""manufacturer_lead_time_weeks_observed"": 22, ""actual_dispatch_lead_time"": null, ""unit_price_net_eur_observed"": 0.09, ""unit_price_gross_eur_scenario"": 0.1071, ""private_germany_route"": ""See seller_contracts; subject to acceptance and current inventory; no checkout performed"", ""delivered_cost_eur"": null, ""substitutes_qualified"": [], ""qualification_gaps"": [""Loss/leakage/temperature/excess-noise or production population not fully validated""], ""conflicting_observation"": ""Different catalogue alias/older snapshot has different inventory; do not infer live stock""}",
candidate_0012,Rpolar9,RC0603FR-071ML,1,1000000,ohm,0.01,Thick film,0603 / 1608,"{""power_w_at_70C"": 0.1, ""working_voltage_v"": 75, ""tcr_ppm_per_C"": 100}",../../research/procurement/architecture_parts_2026-10-09.yaml#parts/RC0603FR-071ML,2026-10-09,https://yageogroup.com/component-documentation/download/specsheet/RC0603FR-071ML,"{""exact_mpn"": ""RC0603FR-071ML"", ""nominal"": 1000000, ""unit"": ""ohm"", ""tolerance_fraction"": 0.01, ""technology"": ""Thick film"", ""package"": ""0603 / 1608"", ""ratings"": {""power_w_at_70C"": 0.1, ""working_voltage_v"": 75, ""tcr_ppm_per_C"": 100}, ""manufacturer_document"": ""https://yageogroup.com/component-documentation/download/specsheet/RC0603FR-071ML"", ""manufacturer_lifecycle"": ""Documented production series; exact current notices/orderability require refresh"", ""observation_date"": ""2026-10-09"", ""evidence_kind"": ""Indexed primary seller catalogue; reported crawl age retained; not live stock or accepted quote"", ""seller"": ""DigiKey Germany"", ""url"": ""https://www.digikey.de/de/products/detail/yageo/RC0603FR-071ML/729791"", ""reported_crawl_age"": ""last week"", ""stock_observed"": 1566554, ""live_stock"": null, ""moq_observed"": 1, ""order_multiple_observed"": 1, ""retail_pack_size_observed"": 1, ""factory_pack"": 5000, ""packaging"": ""Cut tape / bulk individual; no optional reeling"", ""manufacturer_lead_time_weeks_observed"": 22, ""actual_dispatch_lead_time"": null, ""unit_price_net_eur_observed"": 0.09, ""unit_price_gross_eur_scenario"": 0.1071, ""private_germany_route"": ""See seller_contracts; subject to acceptance and current inventory; no checkout performed"", ""delivered_cost_eur"": null, ""substitutes_qualified"": [], ""qualification_gaps"": [""Loss/leakage/temperature/excess-noise or production population not fully validated""], ""conflicting_observation"": ""Different catalogue alias/older snapshot has different inventory; do not infer live stock""}",
candidate_0012,Cpol,R82EC3100DQ70J,1,1e-07,F,0.05,Metallized PET film R82,Radial 7.2 x 2.5 x 6.6mm; 5mm pitch,"{""voltage_dc_v"": 100}",../../research/procurement/architecture_parts_2026-10-09.yaml#parts/R82EC3100DQ70J,2026-10-09,https://www.digikey.com/htmldatasheets/production/3447437/0/0/1/r82dc3680dq60j.pdf,"{""exact_mpn"": ""R82EC3100DQ70J"", ""nominal"": 1e-07, ""unit"": ""F"", ""tolerance_fraction"": 0.05, ""technology"": ""Metallized PET film R82"", ""package"": ""Radial 7.2 x 2.5 x 6.6mm; 5mm pitch"", ""ratings"": {""voltage_dc_v"": 100}, ""manufacturer_document"": ""https://www.digikey.com/htmldatasheets/production/3447437/0/0/1/r82dc3680dq60j.pdf"", ""manufacturer_lifecycle"": ""Documented production series; exact current notices/orderability require refresh"", ""observation_date"": ""2026-10-09"", ""evidence_kind"": ""Indexed primary seller catalogue; reported crawl age retained; not live stock or accepted quote"", ""seller"": ""DigiKey Germany"", ""url"": ""https://www.digikey.de/en/products/detail/kemet/R82EC3100DQ70J/1930807"", ""reported_crawl_age"": ""German exact price unavailable"", ""stock_observed"": null, ""live_stock"": null, ""moq_observed"": 1, ""order_multiple_observed"": 1, ""retail_pack_size_observed"": 1, ""factory_pack"": null, ""packaging"": ""Cut tape / bulk individual; no optional reeling"", ""manufacturer_lead_time_weeks_observed"": 26, ""actual_dispatch_lead_time"": null, ""unit_price_net_eur_observed"": null, ""unit_price_gross_eur_scenario"": null, ""private_germany_route"": ""See seller_contracts; subject to acceptance and current inventory; no checkout performed"", ""delivered_cost_eur"": null, ""substitutes_qualified"": [], ""qualification_gaps"": [""Loss/leakage/temperature/excess-noise or production population not fully validated""], ""other_territory_observation"": {""seller"": ""DigiKey US"", ""stock"": 64236, ""crawl_age"": ""yesterday"", ""unit_price_usd"": 0.34, ""limitation"": ""Same exact MPN catalogue evidence only; not a German EUR quote or live Germany inventory""}}",
candidate_0012,Rback,RC0603FR-071ML,1,1000000,ohm,0.01,Thick film,0603 / 1608,"{""power_w_at_70C"": 0.1, ""working_voltage_v"": 75, ""tcr_ppm_per_C"": 100}",../../research/procurement/architecture_parts_2026-10-09.yaml#parts/RC0603FR-071ML,2026-10-09,https://yageogroup.com/component-documentation/download/specsheet/RC0603FR-071ML,"{""exact_mpn"": ""RC0603FR-071ML"", ""nominal"": 1000000, ""unit"": ""ohm"", ""tolerance_fraction"": 0.01, ""technology"": ""Thick film"", ""package"": ""0603 / 1608"", ""ratings"": {""power_w_at_70C"": 0.1, ""working_voltage_v"": 75, ""tcr_ppm_per_C"": 100}, ""manufacturer_document"": ""https://yageogroup.com/component-documentation/download/specsheet/RC0603FR-071ML"", ""manufacturer_lifecycle"": ""Documented production series; exact current notices/orderability require refresh"", ""observation_date"": ""2026-10-09"", ""evidence_kind"": ""Indexed primary seller catalogue; reported crawl age retained; not live stock or accepted quote"", ""seller"": ""DigiKey Germany"", ""url"": ""https://www.digikey.de/de/products/detail/yageo/RC0603FR-071ML/729791"", ""reported_crawl_age"": ""last week"", ""stock_observed"": 1566554, ""live_stock"": null, ""moq_observed"": 1, ""order_multiple_observed"": 1, ""retail_pack_size_observed"": 1, ""factory_pack"": 5000, ""packaging"": ""Cut tape / bulk individual; no optional reeling"", ""manufacturer_lead_time_weeks_observed"": 22, ""actual_dispatch_lead_time"": null, ""unit_price_net_eur_observed"": 0.09, ""unit_price_gross_eur_scenario"": 0.1071, ""private_germany_route"": ""See seller_contracts; subject to acceptance and current inventory; no checkout performed"", ""delivered_cost_eur"": null, ""substitutes_qualified"": [], ""qualification_gaps"": [""Loss/leakage/temperature/excess-noise or production population not fully validated""], ""conflicting_observation"": ""Different catalogue alias/older snapshot has different inventory; do not infer live stock""}",
candidate_0012,Rreftop,AC0603FR-0710KL,1,10000,ohm,0.01,Thick film,0603 / 1608,"{""power_w_at_70C"": 0.1, ""working_voltage_v"": 75, ""tcr_ppm_per_C"": 100}",../../research/procurement/architecture_parts_2026-10-09.yaml#parts/AC0603FR-0710KL,2026-10-09,https://yageogroup.com/component-documentation/download/specsheet/AC0603FR-0710KL,"{""exact_mpn"": ""AC0603FR-0710KL"", ""nominal"": 10000, ""unit"": ""ohm"", ""tolerance_fraction"": 0.01, ""technology"": ""Thick film"", ""package"": ""0603 / 1608"", ""ratings"": {""power_w_at_70C"": 0.1, ""working_voltage_v"": 75, ""tcr_ppm_per_C"": 100}, ""manufacturer_document"": ""https://yageogroup.com/component-documentation/download/specsheet/AC0603FR-0710KL"", ""manufacturer_lifecycle"": ""Documented production series; exact current notices/orderability require refresh"", ""observation_date"": ""2026-10-09"", ""evidence_kind"": ""Indexed primary seller catalogue; reported crawl age retained; not live stock or accepted quote"", ""seller"": ""DigiKey Germany"", ""url"": ""https://www.digikey.de/de/products/detail/yageo/AC0603FR-0710KL/2828135"", ""reported_crawl_age"": ""last week"", ""stock_observed"": 1303493, ""live_stock"": null, ""moq_observed"": 1, ""order_multiple_observed"": 1, ""retail_pack_size_observed"": 1, ""factory_pack"": 5000, ""packaging"": ""Cut tape / bulk individual; no optional reeling"", ""manufacturer_lead_time_weeks_observed"": 22, ""actual_dispatch_lead_time"": null, ""unit_price_net_eur_observed"": 0.09, ""unit_price_gross_eur_scenario"": 0.1071, ""private_germany_route"": ""See seller_contracts; subject to acceptance and current inventory; no checkout performed"", ""delivered_cost_eur"": null, ""substitutes_qualified"": [], ""qualification_gaps"": [""Loss/leakage/temperature/excess-noise or production population not fully validated""], ""conflicting_observation"": ""Other catalogue alias shows backorder; exact current shared inventory unconfirmed""}",
candidate_0012,Rrefbottom,AC0603FR-0710KL,1,10000,ohm,0.01,Thick film,0603 / 1608,"{""power_w_at_70C"": 0.1, ""working_voltage_v"": 75, ""tcr_ppm_per_C"": 100}",../../research/procurement/architecture_parts_2026-10-09.yaml#parts/AC0603FR-0710KL,2026-10-09,https://yageogroup.com/component-documentation/download/specsheet/AC0603FR-0710KL,"{""exact_mpn"": ""AC0603FR-0710KL"", ""nominal"": 10000, ""unit"": ""ohm"", ""tolerance_fraction"": 0.01, ""technology"": ""Thick film"", ""package"": ""0603 / 1608"", ""ratings"": {""power_w_at_70C"": 0.1, ""working_voltage_v"": 75, ""tcr_ppm_per_C"": 100}, ""manufacturer_document"": ""https://yageogroup.com/component-documentation/download/specsheet/AC0603FR-0710KL"", ""manufacturer_lifecycle"": ""Documented production series; exact current notices/orderability require refresh"", ""observation_date"": ""2026-10-09"", ""evidence_kind"": ""Indexed primary seller catalogue; reported crawl age retained; not live stock or accepted quote"", ""seller"": ""DigiKey Germany"", ""url"": ""https://www.digikey.de/de/products/detail/yageo/AC0603FR-0710KL/2828135"", ""reported_crawl_age"": ""last week"", ""stock_observed"": 1303493, ""live_stock"": null, ""moq_observed"": 1, ""order_multiple_observed"": 1, ""retail_pack_size_observed"": 1, ""factory_pack"": 5000, ""packaging"": ""Cut tape / bulk individual; no optional reeling"", ""manufacturer_lead_time_weeks_observed"": 22, ""actual_dispatch_lead_time"": null, ""unit_price_net_eur_observed"": 0.09, ""unit_price_gross_eur_scenario"": 0.1071, ""private_germany_route"": ""See seller_contracts; subject to acceptance and current inventory; no checkout performed"", ""delivered_cost_eur"": null, ""substitutes_qualified"": [], ""qualification_gaps"": [""Loss/leakage/temperature/excess-noise or production population not fully validated""], ""conflicting_observation"": ""Other catalogue alias shows backorder; exact current shared inventory unconfirmed""}",
candidate_0012,Cref,EEU-FR1J470,1,4.7e-05,F,0.2,Polar aluminium electrolytic FR-A,Radial 6.3 x 12.7mm; 2.5mm pitch,"{""voltage_v"": 63, ""temperature_C"": 105, ""life_hours_at_105C"": 5000}",../../research/procurement/architecture_parts_2026-10-09.yaml#parts/EEU-FR1J470,2026-10-09,,"{""exact_mpn"": ""EEU-FR1J470"", ""nominal"": 4.7e-05, ""unit"": ""F"", ""tolerance_fraction"": 0.2, ""technology"": ""Polar aluminium electrolytic FR-A"", ""package"": ""Radial 6.3 x 12.7mm; 2.5mm pitch"", ""ratings"": {""voltage_v"": 63, ""temperature_C"": 105, ""life_hours_at_105C"": 5000}, ""manufacturer_document"": null, ""manufacturer_lifecycle"": ""Documented production series; exact current notices/orderability require refresh"", ""observation_date"": ""2026-10-09"", ""evidence_kind"": ""Indexed primary seller catalogue; reported crawl age retained; not live stock or accepted quote"", ""seller"": ""DigiKey Germany"", ""url"": ""https://www.digikey.de/de/products/detail/panasonic-electronic-components/EEU-FR1J470/3072280"", ""reported_crawl_age"": ""4 months"", ""stock_observed"": 68724, ""live_stock"": null, ""moq_observed"": 1, ""order_multiple_observed"": 1, ""retail_pack_size_observed"": 1, ""factory_pack"": null, ""packaging"": ""Cut tape / bulk individual; no optional reeling"", ""manufacturer_lead_time_weeks_observed"": 31, ""actual_dispatch_lead_time"": null, ""unit_price_net_eur_observed"": 0.4, ""unit_price_gross_eur_scenario"": 0.476, ""private_germany_route"": ""See seller_contracts; subject to acceptance and current inventory; no checkout performed"", ""delivered_cost_eur"": null, ""substitutes_qualified"": [], ""qualification_gaps"": [""Loss/leakage/temperature/excess-noise or production population not fully validated""], ""evidence_limit"": ""Older German stock/price; frequency/temperature ESR, leakage, reversal and startup stress remain unqualified. No live stock inference.""}","{""exact_mpn"": ""EEU-FR1J470"", ""manufacturer"": ""Panasonic"", ""nominal_f"": 4.7e-05, ""tolerance_fraction"": 0.2, ""voltage_v"": 63, ""technology"": ""Polar aluminum electrolytic FR-A"", ""package"": ""Radial 6.3mm diameter, 11.2mm body, 2.5mm pitch"", ""primary_url"": ""https://industrial.panasonic.com/ww/products/pt/aluminum-cap-lead/models/EEUFR1J470"", ""manufacturer_document"": ""https://industrial.panasonic.com/cdbs/www-data/pdf/RDF0000/ABA0000C1259.pdf"", ""datasheet_version"": ""01-Sep-25"", ""temperature_c"": [-40, 105], ""tan_delta_max_at_120hz_20c"": 0.09, ""leakage_max_a_at_63v_20c_after_2min"": 2.96e-05, ""supplier_url"": ""https://www.digikey.de/en/products/detail/panasonic-industry/EEU-FR1J470/3072280"", ""supplier"": ""DigiKey Germany"", ""manufacturer_lifecycle"": ""Current primary product listing; supplier Active observation"", ""stock_observed"": 65991, ""reported_crawl_age"": ""4 months"", ""live_stock"": null, ""direct_retrieval"": ""Failed internal error; preserved observation, no accepted quote"", ""moq_observed"": 1, ""order_multiple_observed"": 1, ""retail_pack_size_observed"": 1, ""factory_pack_not_ordered"": 5000, ""actual_dispatch_lead_time"": null, ""manufacturer_lead_time"": null, ""private_germany_route"": ""Parent seller_contracts/digikey public consumer EUR terms; subject to acceptance, no checkout/contact"", ""unit_price_net_eur_scenario"": 0.4, ""vat_fraction_scenario"": 0.19, ""unit_price_gross_eur_scenario"": 0.476, ""price_tax_basis"": ""Retain parent's net-price interpretation as scenario, not invoice confirmation"", ""shipping_eur_per_basket_scenario"": [25, 29.75], ""shipping_tax_basis"": ""Parent public EUR25 summary may be gross or net; neither accepted quote"", ""import_payment_fees_eur"": null, ""confirmed_delivered_eur"": null, ""substitutes_qualified"": []}"
candidate_0012,Qinput,"BC846B,215",1,BC846B,device,,NPN bipolar,SOT-23,"{""vceo_v"": 65, ""ic_a"": 0.1, ""note"": ""Package power/SOA and maximum temperature require mounting-specific evaluation""}","../../research/procurement/architecture_parts_2026-10-09.yaml#parts/BC846B,215",2026-10-09,https://assets.nexperia.com/documents/data-sheet/BC846_SER.pdf,"{""exact_mpn"": ""BC846B,215"", ""nominal"": ""BC846B"", ""unit"": ""device"", ""tolerance_fraction"": null, ""technology"": ""NPN bipolar"", ""package"": ""SOT-23"", ""ratings"": {""vceo_v"": 65, ""ic_a"": 0.1, ""note"": ""Package power/SOA and maximum temperature require mounting-specific evaluation""}, ""manufacturer_document"": ""https://assets.nexperia.com/documents/data-sheet/BC846_SER.pdf"", ""manufacturer_lifecycle"": ""Documented production series; exact current notices/orderability require refresh"", ""observation_date"": ""2026-10-09"", ""evidence_kind"": ""Indexed primary seller catalogue; reported crawl age retained; not live stock or accepted quote"", ""seller"": ""TME Germany"", ""url"": ""https://www.tme.eu/de/details/bc846b.215/npn-smd-transistoren/nexperia/bc846b-215/"", ""reported_crawl_age"": ""product2 months; group1 week"", ""stock_observed"": 178360, ""live_stock"": null, ""moq_observed"": 1, ""order_multiple_observed"": 1, ""retail_pack_size_observed"": 1, ""factory_pack"": 3000, ""packaging"": ""Cut tape / bulk individual; no optional reeling"", ""manufacturer_lead_time_weeks_observed"": null, ""actual_dispatch_lead_time"": null, ""unit_price_net_eur_observed"": 0.08, ""unit_price_gross_eur_scenario"": 0.0952, ""private_germany_route"": ""See seller_contracts; subject to acceptance and current inventory; no checkout performed"", ""delivered_cost_eur"": null, ""substitutes_qualified"": [], ""qualification_gaps"": [""Loss/leakage/temperature/excess-noise or production population not fully validated""], ""price_and_inventory_limit"": ""TME product/group conflict; net EUR0.08\u20130.09, gross rounded0.09\u20130.11; calculation0.08 is a labelled lower observed-price scenario, not invoice price""}",
candidate_0012,Qreference,"BC846B,215",1,BC846B,device,,NPN bipolar,SOT-23,"{""vceo_v"": 65, ""ic_a"": 0.1, ""note"": ""Package power/SOA and maximum temperature require mounting-specific evaluation""}","../../research/procurement/architecture_parts_2026-10-09.yaml#parts/BC846B,215",2026-10-09,https://assets.nexperia.com/documents/data-sheet/BC846_SER.pdf,"{""exact_mpn"": ""BC846B,215"", ""nominal"": ""BC846B"", ""unit"": ""device"", ""tolerance_fraction"": null, ""technology"": ""NPN bipolar"", ""package"": ""SOT-23"", ""ratings"": {""vceo_v"": 65, ""ic_a"": 0.1, ""note"": ""Package power/SOA and maximum temperature require mounting-specific evaluation""}, ""manufacturer_document"": ""https://assets.nexperia.com/documents/data-sheet/BC846_SER.pdf"", ""manufacturer_lifecycle"": ""Documented production series; exact current notices/orderability require refresh"", ""observation_date"": ""2026-10-09"", ""evidence_kind"": ""Indexed primary seller catalogue; reported crawl age retained; not live stock or accepted quote"", ""seller"": ""TME Germany"", ""url"": ""https://www.tme.eu/de/details/bc846b.215/npn-smd-transistoren/nexperia/bc846b-215/"", ""reported_crawl_age"": ""product2 months; group1 week"", ""stock_observed"": 178360, ""live_stock"": null, ""moq_observed"": 1, ""order_multiple_observed"": 1, ""retail_pack_size_observed"": 1, ""factory_pack"": 3000, ""packaging"": ""Cut tape / bulk individual; no optional reeling"", ""manufacturer_lead_time_weeks_observed"": null, ""actual_dispatch_lead_time"": null, ""unit_price_net_eur_observed"": 0.08, ""unit_price_gross_eur_scenario"": 0.0952, ""private_germany_route"": ""See seller_contracts; subject to acceptance and current inventory; no checkout performed"", ""delivered_cost_eur"": null, ""substitutes_qualified"": [], ""qualification_gaps"": [""Loss/leakage/temperature/excess-noise or production population not fully validated""], ""price_and_inventory_limit"": ""TME product/group conflict; net EUR0.08\u20130.09, gross rounded0.09\u20130.11; calculation0.08 is a labelled lower observed-price scenario, not invoice price""}",
candidate_0012,Remitter1,RC0603FR-071KL,1,1000,ohm,0.01,Thick film,0603 / 1608,"{""power_w_at_70C"": 0.1, ""working_voltage_v"": 75, ""tcr_ppm_per_C"": 100}",../../research/procurement/architecture_parts_2026-10-09.yaml#parts/RC0603FR-071KL,2026-10-09,https://yageogroup.com/component-documentation/download/specsheet/RC0603FR-071KL,"{""exact_mpn"": ""RC0603FR-071KL"", ""nominal"": 1000, ""unit"": ""ohm"", ""tolerance_fraction"": 0.01, ""technology"": ""Thick film"", ""package"": ""0603 / 1608"", ""ratings"": {""power_w_at_70C"": 0.1, ""working_voltage_v"": 75, ""tcr_ppm_per_C"": 100}, ""manufacturer_document"": ""https://yageogroup.com/component-documentation/download/specsheet/RC0603FR-071KL"", ""manufacturer_lifecycle"": ""Documented production series; exact current notices/orderability require refresh"", ""observation_date"": ""2026-10-09"", ""evidence_kind"": ""Indexed primary seller catalogue; reported crawl age retained; not live stock or accepted quote"", ""seller"": ""DigiKey Germany"", ""url"": ""https://www.digikey.de/de/products/detail/yageo/RC0603FR-071KL/726843"", ""reported_crawl_age"": ""today"", ""stock_observed"": 2937396, ""live_stock"": null, ""moq_observed"": 1, ""order_multiple_observed"": 1, ""retail_pack_size_observed"": 1, ""factory_pack"": 5000, ""packaging"": ""Cut tape / bulk individual; no optional reeling"", ""manufacturer_lead_time_weeks_observed"": null, ""actual_dispatch_lead_time"": null, ""unit_price_net_eur_observed"": 0.09, ""unit_price_gross_eur_scenario"": 0.1071, ""private_germany_route"": ""See seller_contracts; subject to acceptance and current inventory; no checkout performed"", ""delivered_cost_eur"": null, ""substitutes_qualified"": [], ""qualification_gaps"": [""Loss/leakage/temperature/excess-noise or production population not fully validated""]}",
candidate_0012,Remitter2,RC0603FR-071KL,1,1000,ohm,0.01,Thick film,0603 / 1608,"{""power_w_at_70C"": 0.1, ""working_voltage_v"": 75, ""tcr_ppm_per_C"": 100}",../../research/procurement/architecture_parts_2026-10-09.yaml#parts/RC0603FR-071KL,2026-10-09,https://yageogroup.com/component-documentation/download/specsheet/RC0603FR-071KL,"{""exact_mpn"": ""RC0603FR-071KL"", ""nominal"": 1000, ""unit"": ""ohm"", ""tolerance_fraction"": 0.01, ""technology"": ""Thick film"", ""package"": ""0603 / 1608"", ""ratings"": {""power_w_at_70C"": 0.1, ""working_voltage_v"": 75, ""tcr_ppm_per_C"": 100}, ""manufacturer_document"": ""https://yageogroup.com/component-documentation/download/specsheet/RC0603FR-071KL"", ""manufacturer_lifecycle"": ""Documented production series; exact current notices/orderability require refresh"", ""observation_date"": ""2026-10-09"", ""evidence_kind"": ""Indexed primary seller catalogue; reported crawl age retained; not live stock or accepted quote"", ""seller"": ""DigiKey Germany"", ""url"": ""https://www.digikey.de/de/products/detail/yageo/RC0603FR-071KL/726843"", ""reported_crawl_age"": ""today"", ""stock_observed"": 2937396, ""live_stock"": null, ""moq_observed"": 1, ""order_multiple_observed"": 1, ""retail_pack_size_observed"": 1, ""factory_pack"": 5000, ""packaging"": ""Cut tape / bulk individual; no optional reeling"", ""manufacturer_lead_time_weeks_observed"": null, ""actual_dispatch_lead_time"": null, ""unit_price_net_eur_observed"": 0.09, ""unit_price_gross_eur_scenario"": 0.1071, ""private_germany_route"": ""See seller_contracts; subject to acceptance and current inventory; no checkout performed"", ""delivered_cost_eur"": null, ""substitutes_qualified"": [], ""qualification_gaps"": [""Loss/leakage/temperature/excess-noise or production population not fully validated""]}",
candidate_0012,Rtail,AC0603FR-0710KL,1,10000,ohm,0.01,Thick film,0603 / 1608,"{""power_w_at_70C"": 0.1, ""working_voltage_v"": 75, ""tcr_ppm_per_C"": 100}",../../research/procurement/architecture_parts_2026-10-09.yaml#parts/AC0603FR-0710KL,2026-10-09,https://yageogroup.com/component-documentation/download/specsheet/AC0603FR-0710KL,"{""exact_mpn"": ""AC0603FR-0710KL"", ""nominal"": 10000, ""unit"": ""ohm"", ""tolerance_fraction"": 0.01, ""technology"": ""Thick film"", ""package"": ""0603 / 1608"", ""ratings"": {""power_w_at_70C"": 0.1, ""working_voltage_v"": 75, ""tcr_ppm_per_C"": 100}, ""manufacturer_document"": ""https://yageogroup.com/component-documentation/download/specsheet/AC0603FR-0710KL"", ""manufacturer_lifecycle"": ""Documented production series; exact current notices/orderability require refresh"", ""observation_date"": ""2026-10-09"", ""evidence_kind"": ""Indexed primary seller catalogue; reported crawl age retained; not live stock or accepted quote"", ""seller"": ""DigiKey Germany"", ""url"": ""https://www.digikey.de/de/products/detail/yageo/AC0603FR-0710KL/2828135"", ""reported_crawl_age"": ""last week"", ""stock_observed"": 1303493, ""live_stock"": null, ""moq_observed"": 1, ""order_multiple_observed"": 1, ""retail_pack_size_observed"": 1, ""factory_pack"": 5000, ""packaging"": ""Cut tape / bulk individual; no optional reeling"", ""manufacturer_lead_time_weeks_observed"": 22, ""actual_dispatch_lead_time"": null, ""unit_price_net_eur_observed"": 0.09, ""unit_price_gross_eur_scenario"": 0.1071, ""private_germany_route"": ""See seller_contracts; subject to acceptance and current inventory; no checkout performed"", ""delivered_cost_eur"": null, ""substitutes_qualified"": [], ""qualification_gaps"": [""Loss/leakage/temperature/excess-noise or production population not fully validated""], ""conflicting_observation"": ""Other catalogue alias shows backorder; exact current shared inventory unconfirmed""}",
candidate_0012,Rcollector1,AC0603FR-0710KL,1,10000,ohm,0.01,Thick film,0603 / 1608,"{""power_w_at_70C"": 0.1, ""working_voltage_v"": 75, ""tcr_ppm_per_C"": 100}",../../research/procurement/architecture_parts_2026-10-09.yaml#parts/AC0603FR-0710KL,2026-10-09,https://yageogroup.com/component-documentation/download/specsheet/AC0603FR-0710KL,"{""exact_mpn"": ""AC0603FR-0710KL"", ""nominal"": 10000, ""unit"": ""ohm"", ""tolerance_fraction"": 0.01, ""technology"": ""Thick film"", ""package"": ""0603 / 1608"", ""ratings"": {""power_w_at_70C"": 0.1, ""working_voltage_v"": 75, ""tcr_ppm_per_C"": 100}, ""manufacturer_document"": ""https://yageogroup.com/component-documentation/download/specsheet/AC0603FR-0710KL"", ""manufacturer_lifecycle"": ""Documented production series; exact current notices/orderability require refresh"", ""observation_date"": ""2026-10-09"", ""evidence_kind"": ""Indexed primary seller catalogue; reported crawl age retained; not live stock or accepted quote"", ""seller"": ""DigiKey Germany"", ""url"": ""https://www.digikey.de/de/products/detail/yageo/AC0603FR-0710KL/2828135"", ""reported_crawl_age"": ""last week"", ""stock_observed"": 1303493, ""live_stock"": null, ""moq_observed"": 1, ""order_multiple_observed"": 1, ""retail_pack_size_observed"": 1, ""factory_pack"": 5000, ""packaging"": ""Cut tape / bulk individual; no optional reeling"", ""manufacturer_lead_time_weeks_observed"": 22, ""actual_dispatch_lead_time"": null, ""unit_price_net_eur_observed"": 0.09, ""unit_price_gross_eur_scenario"": 0.1071, ""private_germany_route"": ""See seller_contracts; subject to acceptance and current inventory; no checkout performed"", ""delivered_cost_eur"": null, ""substitutes_qualified"": [], ""qualification_gaps"": [""Loss/leakage/temperature/excess-noise or production population not fully validated""], ""conflicting_observation"": ""Other catalogue alias shows backorder; exact current shared inventory unconfirmed""}",
candidate_0012,Rcollector2,AC0603FR-0710KL,1,10000,ohm,0.01,Thick film,0603 / 1608,"{""power_w_at_70C"": 0.1, ""working_voltage_v"": 75, ""tcr_ppm_per_C"": 100}",../../research/procurement/architecture_parts_2026-10-09.yaml#parts/AC0603FR-0710KL,2026-10-09,https://yageogroup.com/component-documentation/download/specsheet/AC0603FR-0710KL,"{""exact_mpn"": ""AC0603FR-0710KL"", ""nominal"": 10000, ""unit"": ""ohm"", ""tolerance_fraction"": 0.01, ""technology"": ""Thick film"", ""package"": ""0603 / 1608"", ""ratings"": {""power_w_at_70C"": 0.1, ""working_voltage_v"": 75, ""tcr_ppm_per_C"": 100}, ""manufacturer_document"": ""https://yageogroup.com/component-documentation/download/specsheet/AC0603FR-0710KL"", ""manufacturer_lifecycle"": ""Documented production series; exact current notices/orderability require refresh"", ""observation_date"": ""2026-10-09"", ""evidence_kind"": ""Indexed primary seller catalogue; reported crawl age retained; not live stock or accepted quote"", ""seller"": ""DigiKey Germany"", ""url"": ""https://www.digikey.de/de/products/detail/yageo/AC0603FR-0710KL/2828135"", ""reported_crawl_age"": ""last week"", ""stock_observed"": 1303493, ""live_stock"": null, ""moq_observed"": 1, ""order_multiple_observed"": 1, ""retail_pack_size_observed"": 1, ""factory_pack"": 5000, ""packaging"": ""Cut tape / bulk individual; no optional reeling"", ""manufacturer_lead_time_weeks_observed"": 22, ""actual_dispatch_lead_time"": null, ""unit_price_net_eur_observed"": 0.09, ""unit_price_gross_eur_scenario"": 0.1071, ""private_germany_route"": ""See seller_contracts; subject to acceptance and current inventory; no checkout performed"", ""delivered_cost_eur"": null, ""substitutes_qualified"": [], ""qualification_gaps"": [""Loss/leakage/temperature/excess-noise or production population not fully validated""], ""conflicting_observation"": ""Other catalogue alias shows backorder; exact current shared inventory unconfirmed""}",
candidate_0012,Cfeedback,R82EC3100DQ70J,1,1e-07,F,0.05,Metallized PET film R82,Radial 7.2 x 2.5 x 6.6mm; 5mm pitch,"{""voltage_dc_v"": 100}",../../research/procurement/architecture_parts_2026-10-09.yaml#parts/R82EC3100DQ70J,2026-10-09,https://www.digikey.com/htmldatasheets/production/3447437/0/0/1/r82dc3680dq60j.pdf,"{""exact_mpn"": ""R82EC3100DQ70J"", ""nominal"": 1e-07, ""unit"": ""F"", ""tolerance_fraction"": 0.05, ""technology"": ""Metallized PET film R82"", ""package"": ""Radial 7.2 x 2.5 x 6.6mm; 5mm pitch"", ""ratings"": {""voltage_dc_v"": 100}, ""manufacturer_document"": ""https://www.digikey.com/htmldatasheets/production/3447437/0/0/1/r82dc3680dq60j.pdf"", ""manufacturer_lifecycle"": ""Documented production series; exact current notices/orderability require refresh"", ""observation_date"": ""2026-10-09"", ""evidence_kind"": ""Indexed primary seller catalogue; reported crawl age retained; not live stock or accepted quote"", ""seller"": ""DigiKey Germany"", ""url"": ""https://www.digikey.de/en/products/detail/kemet/R82EC3100DQ70J/1930807"", ""reported_crawl_age"": ""German exact price unavailable"", ""stock_observed"": null, ""live_stock"": null, ""moq_observed"": 1, ""order_multiple_observed"": 1, ""retail_pack_size_observed"": 1, ""factory_pack"": null, ""packaging"": ""Cut tape / bulk individual; no optional reeling"", ""manufacturer_lead_time_weeks_observed"": 26, ""actual_dispatch_lead_time"": null, ""unit_price_net_eur_observed"": null, ""unit_price_gross_eur_scenario"": null, ""private_germany_route"": ""See seller_contracts; subject to acceptance and current inventory; no checkout performed"", ""delivered_cost_eur"": null, ""substitutes_qualified"": [], ""qualification_gaps"": [""Loss/leakage/temperature/excess-noise or production population not fully validated""], ""other_territory_observation"": {""seller"": ""DigiKey US"", ""stock"": 64236, ""crawl_age"": ""yesterday"", ""unit_price_usd"": 0.34, ""limitation"": ""Same exact MPN catalogue evidence only; not a German EUR quote or live Germany inventory""}}",
candidate_0012,Qoutp,"BC846B,215",1,BC846B,device,,NPN bipolar,SOT-23,"{""vceo_v"": 65, ""ic_a"": 0.1, ""note"": ""Package power/SOA and maximum temperature require mounting-specific evaluation""}","../../research/procurement/architecture_parts_2026-10-09.yaml#parts/BC846B,215",2026-10-09,https://assets.nexperia.com/documents/data-sheet/BC846_SER.pdf,"{""exact_mpn"": ""BC846B,215"", ""nominal"": ""BC846B"", ""unit"": ""device"", ""tolerance_fraction"": null, ""technology"": ""NPN bipolar"", ""package"": ""SOT-23"", ""ratings"": {""vceo_v"": 65, ""ic_a"": 0.1, ""note"": ""Package power/SOA and maximum temperature require mounting-specific evaluation""}, ""manufacturer_document"": ""https://assets.nexperia.com/documents/data-sheet/BC846_SER.pdf"", ""manufacturer_lifecycle"": ""Documented production series; exact current notices/orderability require refresh"", ""observation_date"": ""2026-10-09"", ""evidence_kind"": ""Indexed primary seller catalogue; reported crawl age retained; not live stock or accepted quote"", ""seller"": ""TME Germany"", ""url"": ""https://www.tme.eu/de/details/bc846b.215/npn-smd-transistoren/nexperia/bc846b-215/"", ""reported_crawl_age"": ""product2 months; group1 week"", ""stock_observed"": 178360, ""live_stock"": null, ""moq_observed"": 1, ""order_multiple_observed"": 1, ""retail_pack_size_observed"": 1, ""factory_pack"": 3000, ""packaging"": ""Cut tape / bulk individual; no optional reeling"", ""manufacturer_lead_time_weeks_observed"": null, ""actual_dispatch_lead_time"": null, ""unit_price_net_eur_observed"": 0.08, ""unit_price_gross_eur_scenario"": 0.0952, ""private_germany_route"": ""See seller_contracts; subject to acceptance and current inventory; no checkout performed"", ""delivered_cost_eur"": null, ""substitutes_qualified"": [], ""qualification_gaps"": [""Loss/leakage/temperature/excess-noise or production population not fully validated""], ""price_and_inventory_limit"": ""TME product/group conflict; net EUR0.08\u20130.09, gross rounded0.09\u20130.11; calculation0.08 is a labelled lower observed-price scenario, not invoice price""}",
candidate_0012,Qoutn,"BC846B,215",1,BC846B,device,,NPN bipolar,SOT-23,"{""vceo_v"": 65, ""ic_a"": 0.1, ""note"": ""Package power/SOA and maximum temperature require mounting-specific evaluation""}","../../research/procurement/architecture_parts_2026-10-09.yaml#parts/BC846B,215",2026-10-09,https://assets.nexperia.com/documents/data-sheet/BC846_SER.pdf,"{""exact_mpn"": ""BC846B,215"", ""nominal"": ""BC846B"", ""unit"": ""device"", ""tolerance_fraction"": null, ""technology"": ""NPN bipolar"", ""package"": ""SOT-23"", ""ratings"": {""vceo_v"": 65, ""ic_a"": 0.1, ""note"": ""Package power/SOA and maximum temperature require mounting-specific evaluation""}, ""manufacturer_document"": ""https://assets.nexperia.com/documents/data-sheet/BC846_SER.pdf"", ""manufacturer_lifecycle"": ""Documented production series; exact current notices/orderability require refresh"", ""observation_date"": ""2026-10-09"", ""evidence_kind"": ""Indexed primary seller catalogue; reported crawl age retained; not live stock or accepted quote"", ""seller"": ""TME Germany"", ""url"": ""https://www.tme.eu/de/details/bc846b.215/npn-smd-transistoren/nexperia/bc846b-215/"", ""reported_crawl_age"": ""product2 months; group1 week"", ""stock_observed"": 178360, ""live_stock"": null, ""moq_observed"": 1, ""order_multiple_observed"": 1, ""retail_pack_size_observed"": 1, ""factory_pack"": 3000, ""packaging"": ""Cut tape / bulk individual; no optional reeling"", ""manufacturer_lead_time_weeks_observed"": null, ""actual_dispatch_lead_time"": null, ""unit_price_net_eur_observed"": 0.08, ""unit_price_gross_eur_scenario"": 0.0952, ""private_germany_route"": ""See seller_contracts; subject to acceptance and current inventory; no checkout performed"", ""delivered_cost_eur"": null, ""substitutes_qualified"": [], ""qualification_gaps"": [""Loss/leakage/temperature/excess-noise or production population not fully validated""], ""price_and_inventory_limit"": ""TME product/group conflict; net EUR0.08\u20130.09, gross rounded0.09\u20130.11; calculation0.08 is a labelled lower observed-price scenario, not invoice price""}",
candidate_0012,Routloadp,AC0603FR-0710KL,1,10000,ohm,0.01,Thick film,0603 / 1608,"{""power_w_at_70C"": 0.1, ""working_voltage_v"": 75, ""tcr_ppm_per_C"": 100}",../../research/procurement/architecture_parts_2026-10-09.yaml#parts/AC0603FR-0710KL,2026-10-09,https://yageogroup.com/component-documentation/download/specsheet/AC0603FR-0710KL,"{""exact_mpn"": ""AC0603FR-0710KL"", ""nominal"": 10000, ""unit"": ""ohm"", ""tolerance_fraction"": 0.01, ""technology"": ""Thick film"", ""package"": ""0603 / 1608"", ""ratings"": {""power_w_at_70C"": 0.1, ""working_voltage_v"": 75, ""tcr_ppm_per_C"": 100}, ""manufacturer_document"": ""https://yageogroup.com/component-documentation/download/specsheet/AC0603FR-0710KL"", ""manufacturer_lifecycle"": ""Documented production series; exact current notices/orderability require refresh"", ""observation_date"": ""2026-10-09"", ""evidence_kind"": ""Indexed primary seller catalogue; reported crawl age retained; not live stock or accepted quote"", ""seller"": ""DigiKey Germany"", ""url"": ""https://www.digikey.de/de/products/detail/yageo/AC0603FR-0710KL/2828135"", ""reported_crawl_age"": ""last week"", ""stock_observed"": 1303493, ""live_stock"": null, ""moq_observed"": 1, ""order_multiple_observed"": 1, ""retail_pack_size_observed"": 1, ""factory_pack"": 5000, ""packaging"": ""Cut tape / bulk individual; no optional reeling"", ""manufacturer_lead_time_weeks_observed"": 22, ""actual_dispatch_lead_time"": null, ""unit_price_net_eur_observed"": 0.09, ""unit_price_gross_eur_scenario"": 0.1071, ""private_germany_route"": ""See seller_contracts; subject to acceptance and current inventory; no checkout performed"", ""delivered_cost_eur"": null, ""substitutes_qualified"": [], ""qualification_gaps"": [""Loss/leakage/temperature/excess-noise or production population not fully validated""], ""conflicting_observation"": ""Other catalogue alias shows backorder; exact current shared inventory unconfirmed""}",
candidate_0012,Routloadn,AC0603FR-0710KL,1,10000,ohm,0.01,Thick film,0603 / 1608,"{""power_w_at_70C"": 0.1, ""working_voltage_v"": 75, ""tcr_ppm_per_C"": 100}",../../research/procurement/architecture_parts_2026-10-09.yaml#parts/AC0603FR-0710KL,2026-10-09,https://yageogroup.com/component-documentation/download/specsheet/AC0603FR-0710KL,"{""exact_mpn"": ""AC0603FR-0710KL"", ""nominal"": 10000, ""unit"": ""ohm"", ""tolerance_fraction"": 0.01, ""technology"": ""Thick film"", ""package"": ""0603 / 1608"", ""ratings"": {""power_w_at_70C"": 0.1, ""working_voltage_v"": 75, ""tcr_ppm_per_C"": 100}, ""manufacturer_document"": ""https://yageogroup.com/component-documentation/download/specsheet/AC0603FR-0710KL"", ""manufacturer_lifecycle"": ""Documented production series; exact current notices/orderability require refresh"", ""observation_date"": ""2026-10-09"", ""evidence_kind"": ""Indexed primary seller catalogue; reported crawl age retained; not live stock or accepted quote"", ""seller"": ""DigiKey Germany"", ""url"": ""https://www.digikey.de/de/products/detail/yageo/AC0603FR-0710KL/2828135"", ""reported_crawl_age"": ""last week"", ""stock_observed"": 1303493, ""live_stock"": null, ""moq_observed"": 1, ""order_multiple_observed"": 1, ""retail_pack_size_observed"": 1, ""factory_pack"": 5000, ""packaging"": ""Cut tape / bulk individual; no optional reeling"", ""manufacturer_lead_time_weeks_observed"": 22, ""actual_dispatch_lead_time"": null, ""unit_price_net_eur_observed"": 0.09, ""unit_price_gross_eur_scenario"": 0.1071, ""private_germany_route"": ""See seller_contracts; subject to acceptance and current inventory; no checkout performed"", ""delivered_cost_eur"": null, ""substitutes_qualified"": [], ""qualification_gaps"": [""Loss/leakage/temperature/excess-noise or production population not fully validated""], ""conflicting_observation"": ""Other catalogue alias shows backorder; exact current shared inventory unconfirmed""}",
candidate_0012,Rrear,RC0603FR-071KL,1,1000,ohm,0.01,Thick film,0603 / 1608,"{""power_w_at_70C"": 0.1, ""working_voltage_v"": 75, ""tcr_ppm_per_C"": 100}",../../research/procurement/architecture_parts_2026-10-09.yaml#parts/RC0603FR-071KL,2026-10-09,https://yageogroup.com/component-documentation/download/specsheet/RC0603FR-071KL,"{""exact_mpn"": ""RC0603FR-071KL"", ""nominal"": 1000, ""unit"": ""ohm"", ""tolerance_fraction"": 0.01, ""technology"": ""Thick film"", ""package"": ""0603 / 1608"", ""ratings"": {""power_w_at_70C"": 0.1, ""working_voltage_v"": 75, ""tcr_ppm_per_C"": 100}, ""manufacturer_document"": ""https://yageogroup.com/component-documentation/download/specsheet/RC0603FR-071KL"", ""manufacturer_lifecycle"": ""Documented production series; exact current notices/orderability require refresh"", ""observation_date"": ""2026-10-09"", ""evidence_kind"": ""Indexed primary seller catalogue; reported crawl age retained; not live stock or accepted quote"", ""seller"": ""DigiKey Germany"", ""url"": ""https://www.digikey.de/de/products/detail/yageo/RC0603FR-071KL/726843"", ""reported_crawl_age"": ""today"", ""stock_observed"": 2937396, ""live_stock"": null, ""moq_observed"": 1, ""order_multiple_observed"": 1, ""retail_pack_size_observed"": 1, ""factory_pack"": 5000, ""packaging"": ""Cut tape / bulk individual; no optional reeling"", ""manufacturer_lead_time_weeks_observed"": null, ""actual_dispatch_lead_time"": null, ""unit_price_net_eur_observed"": 0.09, ""unit_price_gross_eur_scenario"": 0.1071, ""private_germany_route"": ""See seller_contracts; subject to acceptance and current inventory; no checkout performed"", ""delivered_cost_eur"": null, ""substitutes_qualified"": [], ""qualification_gaps"": [""Loss/leakage/temperature/excess-noise or production population not fully validated""]}",
candidate_0012,Routp,RC0603FR-0747RL,1,47,ohm,0.01,Thick film,0603 / 1608,"{""power_w_at_70C"": 0.1, ""working_voltage_v"": 75, ""tcr_ppm_per_C"": 100}",../../research/procurement/architecture_parts_2026-10-09.yaml#parts/RC0603FR-0747RL,2026-10-09,https://yageogroup.com/component-documentation/download/specsheet/RC0603FR-0747RL,"{""exact_mpn"": ""RC0603FR-0747RL"", ""nominal"": 47, ""unit"": ""ohm"", ""tolerance_fraction"": 0.01, ""technology"": ""Thick film"", ""package"": ""0603 / 1608"", ""ratings"": {""power_w_at_70C"": 0.1, ""working_voltage_v"": 75, ""tcr_ppm_per_C"": 100}, ""manufacturer_document"": ""https://yageogroup.com/component-documentation/download/specsheet/RC0603FR-0747RL"", ""manufacturer_lifecycle"": ""Documented production series; exact current notices/orderability require refresh"", ""observation_date"": ""2026-10-09"", ""evidence_kind"": ""Indexed primary seller catalogue; reported crawl age retained; not live stock or accepted quote"", ""seller"": ""DigiKey Germany"", ""url"": ""https://www.digikey.de/de/products/detail/yageo/RC0603FR-0747RL/727252"", ""reported_crawl_age"": ""2 weeks"", ""stock_observed"": 543536, ""live_stock"": null, ""moq_observed"": 1, ""order_multiple_observed"": 1, ""retail_pack_size_observed"": 1, ""factory_pack"": 5000, ""packaging"": ""Cut tape / bulk individual; no optional reeling"", ""manufacturer_lead_time_weeks_observed"": 17, ""actual_dispatch_lead_time"": null, ""unit_price_net_eur_observed"": 0.09, ""unit_price_gross_eur_scenario"": 0.1071, ""private_germany_route"": ""See seller_contracts; subject to acceptance and current inventory; no checkout performed"", ""delivered_cost_eur"": null, ""substitutes_qualified"": [], ""qualification_gaps"": [""Loss/leakage/temperature/excess-noise or production population not fully validated""]}",
candidate_0012,Routn,RC0603FR-0747RL,1,47,ohm,0.01,Thick film,0603 / 1608,"{""power_w_at_70C"": 0.1, ""working_voltage_v"": 75, ""tcr_ppm_per_C"": 100}",../../research/procurement/architecture_parts_2026-10-09.yaml#parts/RC0603FR-0747RL,2026-10-09,https://yageogroup.com/component-documentation/download/specsheet/RC0603FR-0747RL,"{""exact_mpn"": ""RC0603FR-0747RL"", ""nominal"": 47, ""unit"": ""ohm"", ""tolerance_fraction"": 0.01, ""technology"": ""Thick film"", ""package"": ""0603 / 1608"", ""ratings"": {""power_w_at_70C"": 0.1, ""working_voltage_v"": 75, ""tcr_ppm_per_C"": 100}, ""manufacturer_document"": ""https://yageogroup.com/component-documentation/download/specsheet/RC0603FR-0747RL"", ""manufacturer_lifecycle"": ""Documented production series; exact current notices/orderability require refresh"", ""observation_date"": ""2026-10-09"", ""evidence_kind"": ""Indexed primary seller catalogue; reported crawl age retained; not live stock or accepted quote"", ""seller"": ""DigiKey Germany"", ""url"": ""https://www.digikey.de/de/products/detail/yageo/RC0603FR-0747RL/727252"", ""reported_crawl_age"": ""2 weeks"", ""stock_observed"": 543536, ""live_stock"": null, ""moq_observed"": 1, ""order_multiple_observed"": 1, ""retail_pack_size_observed"": 1, ""factory_pack"": 5000, ""packaging"": ""Cut tape / bulk individual; no optional reeling"", ""manufacturer_lead_time_weeks_observed"": 17, ""actual_dispatch_lead_time"": null, ""unit_price_net_eur_observed"": 0.09, ""unit_price_gross_eur_scenario"": 0.1071, ""private_germany_route"": ""See seller_contracts; subject to acceptance and current inventory; no checkout performed"", ""delivered_cost_eur"": null, ""substitutes_qualified"": [], ""qualification_gaps"": [""Loss/leakage/temperature/excess-noise or production population not fully validated""]}",
candidate_0012,Coutp,EEU-FR1J470,1,4.7e-05,F,0.2,Polar aluminium electrolytic FR-A,Radial 6.3 x 12.7mm; 2.5mm pitch,"{""voltage_v"": 63, ""temperature_C"": 105, ""life_hours_at_105C"": 5000}",../../research/procurement/architecture_parts_2026-10-09.yaml#parts/EEU-FR1J470,2026-10-09,,"{""exact_mpn"": ""EEU-FR1J470"", ""nominal"": 4.7e-05, ""unit"": ""F"", ""tolerance_fraction"": 0.2, ""technology"": ""Polar aluminium electrolytic FR-A"", ""package"": ""Radial 6.3 x 12.7mm; 2.5mm pitch"", ""ratings"": {""voltage_v"": 63, ""temperature_C"": 105, ""life_hours_at_105C"": 5000}, ""manufacturer_document"": null, ""manufacturer_lifecycle"": ""Documented production series; exact current notices/orderability require refresh"", ""observation_date"": ""2026-10-09"", ""evidence_kind"": ""Indexed primary seller catalogue; reported crawl age retained; not live stock or accepted quote"", ""seller"": ""DigiKey Germany"", ""url"": ""https://www.digikey.de/de/products/detail/panasonic-electronic-components/EEU-FR1J470/3072280"", ""reported_crawl_age"": ""4 months"", ""stock_observed"": 68724, ""live_stock"": null, ""moq_observed"": 1, ""order_multiple_observed"": 1, ""retail_pack_size_observed"": 1, ""factory_pack"": null, ""packaging"": ""Cut tape / bulk individual; no optional reeling"", ""manufacturer_lead_time_weeks_observed"": 31, ""actual_dispatch_lead_time"": null, ""unit_price_net_eur_observed"": 0.4, ""unit_price_gross_eur_scenario"": 0.476, ""private_germany_route"": ""See seller_contracts; subject to acceptance and current inventory; no checkout performed"", ""delivered_cost_eur"": null, ""substitutes_qualified"": [], ""qualification_gaps"": [""Loss/leakage/temperature/excess-noise or production population not fully validated""], ""evidence_limit"": ""Older German stock/price; frequency/temperature ESR, leakage, reversal and startup stress remain unqualified. No live stock inference.""}","{""exact_mpn"": ""EEU-FR1J470"", ""manufacturer"": ""Panasonic"", ""nominal_f"": 4.7e-05, ""tolerance_fraction"": 0.2, ""voltage_v"": 63, ""technology"": ""Polar aluminum electrolytic FR-A"", ""package"": ""Radial 6.3mm diameter, 11.2mm body, 2.5mm pitch"", ""primary_url"": ""https://industrial.panasonic.com/ww/products/pt/aluminum-cap-lead/models/EEUFR1J470"", ""manufacturer_document"": ""https://industrial.panasonic.com/cdbs/www-data/pdf/RDF0000/ABA0000C1259.pdf"", ""datasheet_version"": ""01-Sep-25"", ""temperature_c"": [-40, 105], ""tan_delta_max_at_120hz_20c"": 0.09, ""leakage_max_a_at_63v_20c_after_2min"": 2.96e-05, ""supplier_url"": ""https://www.digikey.de/en/products/detail/panasonic-industry/EEU-FR1J470/3072280"", ""supplier"": ""DigiKey Germany"", ""manufacturer_lifecycle"": ""Current primary product listing; supplier Active observation"", ""stock_observed"": 65991, ""reported_crawl_age"": ""4 months"", ""live_stock"": null, ""direct_retrieval"": ""Failed internal error; preserved observation, no accepted quote"", ""moq_observed"": 1, ""order_multiple_observed"": 1, ""retail_pack_size_observed"": 1, ""factory_pack_not_ordered"": 5000, ""actual_dispatch_lead_time"": null, ""manufacturer_lead_time"": null, ""private_germany_route"": ""Parent seller_contracts/digikey public consumer EUR terms; subject to acceptance, no checkout/contact"", ""unit_price_net_eur_scenario"": 0.4, ""vat_fraction_scenario"": 0.19, ""unit_price_gross_eur_scenario"": 0.476, ""price_tax_basis"": ""Retain parent's net-price interpretation as scenario, not invoice confirmation"", ""shipping_eur_per_basket_scenario"": [25, 29.75], ""shipping_tax_basis"": ""Parent public EUR25 summary may be gross or net; neither accepted quote"", ""import_payment_fees_eur"": null, ""confirmed_delivered_eur"": null, ""substitutes_qualified"": []}"
candidate_0012,Coutn,EEU-FR1J470,1,4.7e-05,F,0.2,Polar aluminium electrolytic FR-A,Radial 6.3 x 12.7mm; 2.5mm pitch,"{""voltage_v"": 63, ""temperature_C"": 105, ""life_hours_at_105C"": 5000}",../../research/procurement/architecture_parts_2026-10-09.yaml#parts/EEU-FR1J470,2026-10-09,,"{""exact_mpn"": ""EEU-FR1J470"", ""nominal"": 4.7e-05, ""unit"": ""F"", ""tolerance_fraction"": 0.2, ""technology"": ""Polar aluminium electrolytic FR-A"", ""package"": ""Radial 6.3 x 12.7mm; 2.5mm pitch"", ""ratings"": {""voltage_v"": 63, ""temperature_C"": 105, ""life_hours_at_105C"": 5000}, ""manufacturer_document"": null, ""manufacturer_lifecycle"": ""Documented production series; exact current notices/orderability require refresh"", ""observation_date"": ""2026-10-09"", ""evidence_kind"": ""Indexed primary seller catalogue; reported crawl age retained; not live stock or accepted quote"", ""seller"": ""DigiKey Germany"", ""url"": ""https://www.digikey.de/de/products/detail/panasonic-electronic-components/EEU-FR1J470/3072280"", ""reported_crawl_age"": ""4 months"", ""stock_observed"": 68724, ""live_stock"": null, ""moq_observed"": 1, ""order_multiple_observed"": 1, ""retail_pack_size_observed"": 1, ""factory_pack"": null, ""packaging"": ""Cut tape / bulk individual; no optional reeling"", ""manufacturer_lead_time_weeks_observed"": 31, ""actual_dispatch_lead_time"": null, ""unit_price_net_eur_observed"": 0.4, ""unit_price_gross_eur_scenario"": 0.476, ""private_germany_route"": ""See seller_contracts; subject to acceptance and current inventory; no checkout performed"", ""delivered_cost_eur"": null, ""substitutes_qualified"": [], ""qualification_gaps"": [""Loss/leakage/temperature/excess-noise or production population not fully validated""], ""evidence_limit"": ""Older German stock/price; frequency/temperature ESR, leakage, reversal and startup stress remain unqualified. No live stock inference.""}","{""exact_mpn"": ""EEU-FR1J470"", ""manufacturer"": ""Panasonic"", ""nominal_f"": 4.7e-05, ""tolerance_fraction"": 0.2, ""voltage_v"": 63, ""technology"": ""Polar aluminum electrolytic FR-A"", ""package"": ""Radial 6.3mm diameter, 11.2mm body, 2.5mm pitch"", ""primary_url"": ""https://industrial.panasonic.com/ww/products/pt/aluminum-cap-lead/models/EEUFR1J470"", ""manufacturer_document"": ""https://industrial.panasonic.com/cdbs/www-data/pdf/RDF0000/ABA0000C1259.pdf"", ""datasheet_version"": ""01-Sep-25"", ""temperature_c"": [-40, 105], ""tan_delta_max_at_120hz_20c"": 0.09, ""leakage_max_a_at_63v_20c_after_2min"": 2.96e-05, ""supplier_url"": ""https://www.digikey.de/en/products/detail/panasonic-industry/EEU-FR1J470/3072280"", ""supplier"": ""DigiKey Germany"", ""manufacturer_lifecycle"": ""Current primary product listing; supplier Active observation"", ""stock_observed"": 65991, ""reported_crawl_age"": ""4 months"", ""live_stock"": null, ""direct_retrieval"": ""Failed internal error; preserved observation, no accepted quote"", ""moq_observed"": 1, ""order_multiple_observed"": 1, ""retail_pack_size_observed"": 1, ""factory_pack_not_ordered"": 5000, ""actual_dispatch_lead_time"": null, ""manufacturer_lead_time"": null, ""private_germany_route"": ""Parent seller_contracts/digikey public consumer EUR terms; subject to acceptance, no checkout/contact"", ""unit_price_net_eur_scenario"": 0.4, ""vat_fraction_scenario"": 0.19, ""unit_price_gross_eur_scenario"": 0.476, ""price_tax_basis"": ""Retain parent's net-price interpretation as scenario, not invoice confirmation"", ""shipping_eur_per_basket_scenario"": [25, 29.75], ""shipping_tax_basis"": ""Parent public EUR25 summary may be gross or net; neither accepted quote"", ""import_payment_fees_eur"": null, ""confirmed_delivered_eur"": null, ""substitutes_qualified"": []}"
candidate_0012,Rfeedbacka,RC0603FR-071ML,1,1000000.0,ohm,0.01,Thick film,0603 / 1608,"{""power_w_at_70C"": 0.1, ""working_voltage_v"": 75, ""tcr_ppm_per_C"": 100}",../../research/procurement/architecture_parts_2026-10-09.yaml#parts/RC0603FR-071ML,2026-10-09,https://yageogroup.com/component-documentation/download/specsheet/RC0603FR-071ML,"{""exact_mpn"": ""RC0603FR-071ML"", ""nominal"": 1000000, ""unit"": ""ohm"", ""tolerance_fraction"": 0.01, ""technology"": ""Thick film"", ""package"": ""0603 / 1608"", ""ratings"": {""power_w_at_70C"": 0.1, ""working_voltage_v"": 75, ""tcr_ppm_per_C"": 100}, ""manufacturer_document"": ""https://yageogroup.com/component-documentation/download/specsheet/RC0603FR-071ML"", ""manufacturer_lifecycle"": ""Documented production series; exact current notices/orderability require refresh"", ""observation_date"": ""2026-10-09"", ""evidence_kind"": ""Indexed primary seller catalogue; reported crawl age retained; not live stock or accepted quote"", ""seller"": ""DigiKey Germany"", ""url"": ""https://www.digikey.de/de/products/detail/yageo/RC0603FR-071ML/729791"", ""reported_crawl_age"": ""last week"", ""stock_observed"": 1566554, ""live_stock"": null, ""moq_observed"": 1, ""order_multiple_observed"": 1, ""retail_pack_size_observed"": 1, ""factory_pack"": 5000, ""packaging"": ""Cut tape / bulk individual; no optional reeling"", ""manufacturer_lead_time_weeks_observed"": 22, ""actual_dispatch_lead_time"": null, ""unit_price_net_eur_observed"": 0.09, ""unit_price_gross_eur_scenario"": 0.1071, ""private_germany_route"": ""See seller_contracts; subject to acceptance and current inventory; no checkout performed"", ""delivered_cost_eur"": null, ""substitutes_qualified"": [], ""qualification_gaps"": [""Loss/leakage/temperature/excess-noise or production population not fully validated""], ""conflicting_observation"": ""Different catalogue alias/older snapshot has different inventory; do not infer live stock""}",
candidate_0012,Rfeedbackb,RC0603FR-071ML,1,1000000.0,ohm,0.01,Thick film,0603 / 1608,"{""power_w_at_70C"": 0.1, ""working_voltage_v"": 75, ""tcr_ppm_per_C"": 100}",../../research/procurement/architecture_parts_2026-10-09.yaml#parts/RC0603FR-071ML,2026-10-09,https://yageogroup.com/component-documentation/download/specsheet/RC0603FR-071ML,"{""exact_mpn"": ""RC0603FR-071ML"", ""nominal"": 1000000, ""unit"": ""ohm"", ""tolerance_fraction"": 0.01, ""technology"": ""Thick film"", ""package"": ""0603 / 1608"", ""ratings"": {""power_w_at_70C"": 0.1, ""working_voltage_v"": 75, ""tcr_ppm_per_C"": 100}, ""manufacturer_document"": ""https://yageogroup.com/component-documentation/download/specsheet/RC0603FR-071ML"", ""manufacturer_lifecycle"": ""Documented production series; exact current notices/orderability require refresh"", ""observation_date"": ""2026-10-09"", ""evidence_kind"": ""Indexed primary seller catalogue; reported crawl age retained; not live stock or accepted quote"", ""seller"": ""DigiKey Germany"", ""url"": ""https://www.digikey.de/de/products/detail/yageo/RC0603FR-071ML/729791"", ""reported_crawl_age"": ""last week"", ""stock_observed"": 1566554, ""live_stock"": null, ""moq_observed"": 1, ""order_multiple_observed"": 1, ""retail_pack_size_observed"": 1, ""factory_pack"": 5000, ""packaging"": ""Cut tape / bulk individual; no optional reeling"", ""manufacturer_lead_time_weeks_observed"": 22, ""actual_dispatch_lead_time"": null, ""unit_price_net_eur_observed"": 0.09, ""unit_price_gross_eur_scenario"": 0.1071, ""private_germany_route"": ""See seller_contracts; subject to acceptance and current inventory; no checkout performed"", ""delivered_cost_eur"": null, ""substitutes_qualified"": [], ""qualification_gaps"": [""Loss/leakage/temperature/excess-noise or production population not fully validated""], ""conflicting_observation"": ""Different catalogue alias/older snapshot has different inventory; do not infer live stock""}",
candidate_0010,Rharvestp,RC0603FR-072K2L,1,2200,ohm,0.01,Thick film,0603 / 1608,"{""power_w_at_70C"": 0.1, ""working_voltage_v"": 75, ""tcr_ppm_per_C"": 100}",../../research/procurement/architecture_parts_2026-10-09.yaml#parts/RC0603FR-072K2L,2026-10-09,https://yageogroup.com/component-documentation/download/specsheet/RC0603FR-072K2L,"{""exact_mpn"": ""RC0603FR-072K2L"", ""nominal"": 2200, ""unit"": ""ohm"", ""tolerance_fraction"": 0.01, ""technology"": ""Thick film"", ""package"": ""0603 / 1608"", ""ratings"": {""power_w_at_70C"": 0.1, ""working_voltage_v"": 75, ""tcr_ppm_per_C"": 100}, ""manufacturer_document"": ""https://yageogroup.com/component-documentation/download/specsheet/RC0603FR-072K2L"", ""manufacturer_lifecycle"": ""Documented production series; exact current notices/orderability require refresh"", ""observation_date"": ""2026-10-09"", ""evidence_kind"": ""Indexed primary seller catalogue; reported crawl age retained; not live stock or accepted quote"", ""seller"": ""DigiKey Germany"", ""url"": ""https://www.digikey.de/de/products/detail/yageo/RC0603FR-072K2L/727016"", ""reported_crawl_age"": ""last week"", ""stock_observed"": 159712, ""live_stock"": null, ""moq_observed"": 1, ""order_multiple_observed"": 1, ""retail_pack_size_observed"": 1, ""factory_pack"": 5000, ""packaging"": ""Cut tape / bulk individual; no optional reeling"", ""manufacturer_lead_time_weeks_observed"": 22, ""actual_dispatch_lead_time"": null, ""unit_price_net_eur_observed"": 0.09, ""unit_price_gross_eur_scenario"": 0.1071, ""private_germany_route"": ""See seller_contracts; subject to acceptance and current inventory; no checkout performed"", ""delivered_cost_eur"": null, ""substitutes_qualified"": [], ""qualification_gaps"": [""Loss/leakage/temperature/excess-noise or production population not fully validated""]}",
candidate_0010,Rharvestn,RC0603FR-072K2L,1,2200,ohm,0.01,Thick film,0603 / 1608,"{""power_w_at_70C"": 0.1, ""working_voltage_v"": 75, ""tcr_ppm_per_C"": 100}",../../research/procurement/architecture_parts_2026-10-09.yaml#parts/RC0603FR-072K2L,2026-10-09,https://yageogroup.com/component-documentation/download/specsheet/RC0603FR-072K2L,"{""exact_mpn"": ""RC0603FR-072K2L"", ""nominal"": 2200, ""unit"": ""ohm"", ""tolerance_fraction"": 0.01, ""technology"": ""Thick film"", ""package"": ""0603 / 1608"", ""ratings"": {""power_w_at_70C"": 0.1, ""working_voltage_v"": 75, ""tcr_ppm_per_C"": 100}, ""manufacturer_document"": ""https://yageogroup.com/component-documentation/download/specsheet/RC0603FR-072K2L"", ""manufacturer_lifecycle"": ""Documented production series; exact current notices/orderability require refresh"", ""observation_date"": ""2026-10-09"", ""evidence_kind"": ""Indexed primary seller catalogue; reported crawl age retained; not live stock or accepted quote"", ""seller"": ""DigiKey Germany"", ""url"": ""https://www.digikey.de/de/products/detail/yageo/RC0603FR-072K2L/727016"", ""reported_crawl_age"": ""last week"", ""stock_observed"": 159712, ""live_stock"": null, ""moq_observed"": 1, ""order_multiple_observed"": 1, ""retail_pack_size_observed"": 1, ""factory_pack"": 5000, ""packaging"": ""Cut tape / bulk individual; no optional reeling"", ""manufacturer_lead_time_weeks_observed"": 22, ""actual_dispatch_lead_time"": null, ""unit_price_net_eur_observed"": 0.09, ""unit_price_gross_eur_scenario"": 0.1071, ""private_germany_route"": ""See seller_contracts; subject to acceptance and current inventory; no checkout performed"", ""delivered_cost_eur"": null, ""substitutes_qualified"": [], ""qualification_gaps"": [""Loss/leakage/temperature/excess-noise or production population not fully validated""]}",
candidate_0010,Craw,EEU-FR1J470,1,4.7e-05,F,0.2,Polar aluminium electrolytic FR-A,Radial 6.3 x 12.7mm; 2.5mm pitch,"{""voltage_v"": 63, ""temperature_C"": 105, ""life_hours_at_105C"": 5000}",../../research/procurement/architecture_parts_2026-10-09.yaml#parts/EEU-FR1J470,2026-10-09,,"{""exact_mpn"": ""EEU-FR1J470"", ""nominal"": 4.7e-05, ""unit"": ""F"", ""tolerance_fraction"": 0.2, ""technology"": ""Polar aluminium electrolytic FR-A"", ""package"": ""Radial 6.3 x 12.7mm; 2.5mm pitch"", ""ratings"": {""voltage_v"": 63, ""temperature_C"": 105, ""life_hours_at_105C"": 5000}, ""manufacturer_document"": null, ""manufacturer_lifecycle"": ""Documented production series; exact current notices/orderability require refresh"", ""observation_date"": ""2026-10-09"", ""evidence_kind"": ""Indexed primary seller catalogue; reported crawl age retained; not live stock or accepted quote"", ""seller"": ""DigiKey Germany"", ""url"": ""https://www.digikey.de/de/products/detail/panasonic-electronic-components/EEU-FR1J470/3072280"", ""reported_crawl_age"": ""4 months"", ""stock_observed"": 68724, ""live_stock"": null, ""moq_observed"": 1, ""order_multiple_observed"": 1, ""retail_pack_size_observed"": 1, ""factory_pack"": null, ""packaging"": ""Cut tape / bulk individual; no optional reeling"", ""manufacturer_lead_time_weeks_observed"": 31, ""actual_dispatch_lead_time"": null, ""unit_price_net_eur_observed"": 0.4, ""unit_price_gross_eur_scenario"": 0.476, ""private_germany_route"": ""See seller_contracts; subject to acceptance and current inventory; no checkout performed"", ""delivered_cost_eur"": null, ""substitutes_qualified"": [], ""qualification_gaps"": [""Loss/leakage/temperature/excess-noise or production population not fully validated""], ""evidence_limit"": ""Older German stock/price; frequency/temperature ESR, leakage, reversal and startup stress remain unqualified. No live stock inference.""}","{""exact_mpn"": ""EEU-FR1J470"", ""manufacturer"": ""Panasonic"", ""nominal_f"": 4.7e-05, ""tolerance_fraction"": 0.2, ""voltage_v"": 63, ""technology"": ""Polar aluminum electrolytic FR-A"", ""package"": ""Radial 6.3mm diameter, 11.2mm body, 2.5mm pitch"", ""primary_url"": ""https://industrial.panasonic.com/ww/products/pt/aluminum-cap-lead/models/EEUFR1J470"", ""manufacturer_document"": ""https://industrial.panasonic.com/cdbs/www-data/pdf/RDF0000/ABA0000C1259.pdf"", ""datasheet_version"": ""01-Sep-25"", ""temperature_c"": [-40, 105], ""tan_delta_max_at_120hz_20c"": 0.09, ""leakage_max_a_at_63v_20c_after_2min"": 2.96e-05, ""supplier_url"": ""https://www.digikey.de/en/products/detail/panasonic-industry/EEU-FR1J470/3072280"", ""supplier"": ""DigiKey Germany"", ""manufacturer_lifecycle"": ""Current primary product listing; supplier Active observation"", ""stock_observed"": 65991, ""reported_crawl_age"": ""4 months"", ""live_stock"": null, ""direct_retrieval"": ""Failed internal error; preserved observation, no accepted quote"", ""moq_observed"": 1, ""order_multiple_observed"": 1, ""retail_pack_size_observed"": 1, ""factory_pack_not_ordered"": 5000, ""actual_dispatch_lead_time"": null, ""manufacturer_lead_time"": null, ""private_germany_route"": ""Parent seller_contracts/digikey public consumer EUR terms; subject to acceptance, no checkout/contact"", ""unit_price_net_eur_scenario"": 0.4, ""vat_fraction_scenario"": 0.19, ""unit_price_gross_eur_scenario"": 0.476, ""price_tax_basis"": ""Retain parent's net-price interpretation as scenario, not invoice confirmation"", ""shipping_eur_per_basket_scenario"": [25, 29.75], ""shipping_tax_basis"": ""Parent public EUR25 summary may be gross or net; neither accepted quote"", ""import_payment_fees_eur"": null, ""confirmed_delivered_eur"": null, ""substitutes_qualified"": []}"
candidate_0010,Rregtop,RC0603FR-07100KL,1,100000,ohm,0.01,Thick film,0603 / 1608,"{""power_w_at_70C"": 0.1, ""working_voltage_v"": 75, ""tcr_ppm_per_C"": 100}",../../research/procurement/architecture_parts_2026-10-09.yaml#parts/RC0603FR-07100KL,2026-10-09,https://yageogroup.com/component-documentation/download/specsheet/RC0603FR-07100KL,"{""exact_mpn"": ""RC0603FR-07100KL"", ""nominal"": 100000, ""unit"": ""ohm"", ""tolerance_fraction"": 0.01, ""technology"": ""Thick film"", ""package"": ""0603 / 1608"", ""ratings"": {""power_w_at_70C"": 0.1, ""working_voltage_v"": 75, ""tcr_ppm_per_C"": 100}, ""manufacturer_document"": ""https://yageogroup.com/component-documentation/download/specsheet/RC0603FR-07100KL"", ""manufacturer_lifecycle"": ""Documented production series; exact current notices/orderability require refresh"", ""observation_date"": ""2026-10-09"", ""evidence_kind"": ""Indexed primary seller catalogue; reported crawl age retained; not live stock or accepted quote"", ""seller"": ""DigiKey Germany"", ""url"": ""https://www.digikey.de/de/products/detail/yageo/RC0603FR-07100KL/726889"", ""reported_crawl_age"": ""3 days"", ""stock_observed"": 548272, ""live_stock"": null, ""moq_observed"": 1, ""order_multiple_observed"": 1, ""retail_pack_size_observed"": 1, ""factory_pack"": 5000, ""packaging"": ""Cut tape / bulk individual; no optional reeling"", ""manufacturer_lead_time_weeks_observed"": null, ""actual_dispatch_lead_time"": null, ""unit_price_net_eur_observed"": 0.09, ""unit_price_gross_eur_scenario"": 0.1071, ""private_germany_route"": ""See seller_contracts; subject to acceptance and current inventory; no checkout performed"", ""delivered_cost_eur"": null, ""substitutes_qualified"": [], ""qualification_gaps"": [""Loss/leakage/temperature/excess-noise or production population not fully validated""]}",
candidate_0010,Rregbottom,RC0603FR-07100KL,1,100000,ohm,0.01,Thick film,0603 / 1608,"{""power_w_at_70C"": 0.1, ""working_voltage_v"": 75, ""tcr_ppm_per_C"": 100}",../../research/procurement/architecture_parts_2026-10-09.yaml#parts/RC0603FR-07100KL,2026-10-09,https://yageogroup.com/component-documentation/download/specsheet/RC0603FR-07100KL,"{""exact_mpn"": ""RC0603FR-07100KL"", ""nominal"": 100000, ""unit"": ""ohm"", ""tolerance_fraction"": 0.01, ""technology"": ""Thick film"", ""package"": ""0603 / 1608"", ""ratings"": {""power_w_at_70C"": 0.1, ""working_voltage_v"": 75, ""tcr_ppm_per_C"": 100}, ""manufacturer_document"": ""https://yageogroup.com/component-documentation/download/specsheet/RC0603FR-07100KL"", ""manufacturer_lifecycle"": ""Documented production series; exact current notices/orderability require refresh"", ""observation_date"": ""2026-10-09"", ""evidence_kind"": ""Indexed primary seller catalogue; reported crawl age retained; not live stock or accepted quote"", ""seller"": ""DigiKey Germany"", ""url"": ""https://www.digikey.de/de/products/detail/yageo/RC0603FR-07100KL/726889"", ""reported_crawl_age"": ""3 days"", ""stock_observed"": 548272, ""live_stock"": null, ""moq_observed"": 1, ""order_multiple_observed"": 1, ""retail_pack_size_observed"": 1, ""factory_pack"": 5000, ""packaging"": ""Cut tape / bulk individual; no optional reeling"", ""manufacturer_lead_time_weeks_observed"": null, ""actual_dispatch_lead_time"": null, ""unit_price_net_eur_observed"": 0.09, ""unit_price_gross_eur_scenario"": 0.1071, ""private_germany_route"": ""See seller_contracts; subject to acceptance and current inventory; no checkout performed"", ""delivered_cost_eur"": null, ""substitutes_qualified"": [], ""qualification_gaps"": [""Loss/leakage/temperature/excess-noise or production population not fully validated""]}",
candidate_0010,Cregbase,R82EC4100DQ70J,1,1e-06,F,0.05,Metallized PET film R82,Radial 7.2 x 6 x 11.1mm; 5mm pitch,"{""voltage_dc_v"": 100, ""voltage_ac_v"": 63}",../../research/procurement/architecture_parts_2026-10-09.yaml#parts/R82EC4100DQ70J,2026-10-09,https://www.digikey.com/htmldatasheets/production/3447437/0/0/1/r82dc3680dq60j.pdf,"{""exact_mpn"": ""R82EC4100DQ70J"", ""nominal"": 1e-06, ""unit"": ""F"", ""tolerance_fraction"": 0.05, ""technology"": ""Metallized PET film R82"", ""package"": ""Radial 7.2 x 6 x 11.1mm; 5mm pitch"", ""ratings"": {""voltage_dc_v"": 100, ""voltage_ac_v"": 63}, ""manufacturer_document"": ""https://www.digikey.com/htmldatasheets/production/3447437/0/0/1/r82dc3680dq60j.pdf"", ""manufacturer_lifecycle"": ""Documented production series; exact current notices/orderability require refresh"", ""observation_date"": ""2026-10-09"", ""evidence_kind"": ""Indexed primary seller catalogue; reported crawl age retained; not live stock or accepted quote"", ""seller"": ""DigiKey Germany"", ""url"": ""https://www.digikey.de/de/products/detail/kemet/R82EC4100DQ70J/1930809"", ""reported_crawl_age"": ""3 weeks"", ""stock_observed"": 314884, ""live_stock"": null, ""moq_observed"": 1, ""order_multiple_observed"": 1, ""retail_pack_size_observed"": 1, ""factory_pack"": 1400, ""packaging"": ""Cut tape / bulk individual; no optional reeling"", ""manufacturer_lead_time_weeks_observed"": 26, ""actual_dispatch_lead_time"": null, ""unit_price_net_eur_observed"": 0.78, ""unit_price_gross_eur_scenario"": 0.9282, ""private_germany_route"": ""See seller_contracts; subject to acceptance and current inventory; no checkout performed"", ""delivered_cost_eur"": null, ""substitutes_qualified"": [], ""qualification_gaps"": [""Loss/leakage/temperature/excess-noise or production population not fully validated""]}",
candidate_0010,Qreg,"BC846B,215",1,BC846B,device,,NPN bipolar,SOT-23,"{""vceo_v"": 65, ""ic_a"": 0.1, ""note"": ""Package power/SOA and maximum temperature require mounting-specific evaluation""}","../../research/procurement/architecture_parts_2026-10-09.yaml#parts/BC846B,215",2026-10-09,https://assets.nexperia.com/documents/data-sheet/BC846_SER.pdf,"{""exact_mpn"": ""BC846B,215"", ""nominal"": ""BC846B"", ""unit"": ""device"", ""tolerance_fraction"": null, ""technology"": ""NPN bipolar"", ""package"": ""SOT-23"", ""ratings"": {""vceo_v"": 65, ""ic_a"": 0.1, ""note"": ""Package power/SOA and maximum temperature require mounting-specific evaluation""}, ""manufacturer_document"": ""https://assets.nexperia.com/documents/data-sheet/BC846_SER.pdf"", ""manufacturer_lifecycle"": ""Documented production series; exact current notices/orderability require refresh"", ""observation_date"": ""2026-10-09"", ""evidence_kind"": ""Indexed primary seller catalogue; reported crawl age retained; not live stock or accepted quote"", ""seller"": ""TME Germany"", ""url"": ""https://www.tme.eu/de/details/bc846b.215/npn-smd-transistoren/nexperia/bc846b-215/"", ""reported_crawl_age"": ""product2 months; group1 week"", ""stock_observed"": 178360, ""live_stock"": null, ""moq_observed"": 1, ""order_multiple_observed"": 1, ""retail_pack_size_observed"": 1, ""factory_pack"": 3000, ""packaging"": ""Cut tape / bulk individual; no optional reeling"", ""manufacturer_lead_time_weeks_observed"": null, ""actual_dispatch_lead_time"": null, ""unit_price_net_eur_observed"": 0.08, ""unit_price_gross_eur_scenario"": 0.0952, ""private_germany_route"": ""See seller_contracts; subject to acceptance and current inventory; no checkout performed"", ""delivered_cost_eur"": null, ""substitutes_qualified"": [], ""qualification_gaps"": [""Loss/leakage/temperature/excess-noise or production population not fully validated""], ""price_and_inventory_limit"": ""TME product/group conflict; net EUR0.08\u20130.09, gross rounded0.09\u20130.11; calculation0.08 is a labelled lower observed-price scenario, not invoice price""}",
candidate_0010,Crail,EEU-FR1J470,1,4.7e-05,F,0.2,Polar aluminium electrolytic FR-A,Radial 6.3 x 12.7mm; 2.5mm pitch,"{""voltage_v"": 63, ""temperature_C"": 105, ""life_hours_at_105C"": 5000}",../../research/procurement/architecture_parts_2026-10-09.yaml#parts/EEU-FR1J470,2026-10-09,,"{""exact_mpn"": ""EEU-FR1J470"", ""nominal"": 4.7e-05, ""unit"": ""F"", ""tolerance_fraction"": 0.2, ""technology"": ""Polar aluminium electrolytic FR-A"", ""package"": ""Radial 6.3 x 12.7mm; 2.5mm pitch"", ""ratings"": {""voltage_v"": 63, ""temperature_C"": 105, ""life_hours_at_105C"": 5000}, ""manufacturer_document"": null, ""manufacturer_lifecycle"": ""Documented production series; exact current notices/orderability require refresh"", ""observation_date"": ""2026-10-09"", ""evidence_kind"": ""Indexed primary seller catalogue; reported crawl age retained; not live stock or accepted quote"", ""seller"": ""DigiKey Germany"", ""url"": ""https://www.digikey.de/de/products/detail/panasonic-electronic-components/EEU-FR1J470/3072280"", ""reported_crawl_age"": ""4 months"", ""stock_observed"": 68724, ""live_stock"": null, ""moq_observed"": 1, ""order_multiple_observed"": 1, ""retail_pack_size_observed"": 1, ""factory_pack"": null, ""packaging"": ""Cut tape / bulk individual; no optional reeling"", ""manufacturer_lead_time_weeks_observed"": 31, ""actual_dispatch_lead_time"": null, ""unit_price_net_eur_observed"": 0.4, ""unit_price_gross_eur_scenario"": 0.476, ""private_germany_route"": ""See seller_contracts; subject to acceptance and current inventory; no checkout performed"", ""delivered_cost_eur"": null, ""substitutes_qualified"": [], ""qualification_gaps"": [""Loss/leakage/temperature/excess-noise or production population not fully validated""], ""evidence_limit"": ""Older German stock/price; frequency/temperature ESR, leakage, reversal and startup stress remain unqualified. No live stock inference.""}","{""exact_mpn"": ""EEU-FR1J470"", ""manufacturer"": ""Panasonic"", ""nominal_f"": 4.7e-05, ""tolerance_fraction"": 0.2, ""voltage_v"": 63, ""technology"": ""Polar aluminum electrolytic FR-A"", ""package"": ""Radial 6.3mm diameter, 11.2mm body, 2.5mm pitch"", ""primary_url"": ""https://industrial.panasonic.com/ww/products/pt/aluminum-cap-lead/models/EEUFR1J470"", ""manufacturer_document"": ""https://industrial.panasonic.com/cdbs/www-data/pdf/RDF0000/ABA0000C1259.pdf"", ""datasheet_version"": ""01-Sep-25"", ""temperature_c"": [-40, 105], ""tan_delta_max_at_120hz_20c"": 0.09, ""leakage_max_a_at_63v_20c_after_2min"": 2.96e-05, ""supplier_url"": ""https://www.digikey.de/en/products/detail/panasonic-industry/EEU-FR1J470/3072280"", ""supplier"": ""DigiKey Germany"", ""manufacturer_lifecycle"": ""Current primary product listing; supplier Active observation"", ""stock_observed"": 65991, ""reported_crawl_age"": ""4 months"", ""live_stock"": null, ""direct_retrieval"": ""Failed internal error; preserved observation, no accepted quote"", ""moq_observed"": 1, ""order_multiple_observed"": 1, ""retail_pack_size_observed"": 1, ""factory_pack_not_ordered"": 5000, ""actual_dispatch_lead_time"": null, ""manufacturer_lead_time"": null, ""private_germany_route"": ""Parent seller_contracts/digikey public consumer EUR terms; subject to acceptance, no checkout/contact"", ""unit_price_net_eur_scenario"": 0.4, ""vat_fraction_scenario"": 0.19, ""unit_price_gross_eur_scenario"": 0.476, ""price_tax_basis"": ""Retain parent's net-price interpretation as scenario, not invoice confirmation"", ""shipping_eur_per_basket_scenario"": [25, 29.75], ""shipping_tax_basis"": ""Parent public EUR25 summary may be gross or net; neither accepted quote"", ""import_payment_fees_eur"": null, ""confirmed_delivered_eur"": null, ""substitutes_qualified"": []}"
candidate_0010,Rmidtop,AC0603FR-0710KL,1,10000,ohm,0.01,Thick film,0603 / 1608,"{""power_w_at_70C"": 0.1, ""working_voltage_v"": 75, ""tcr_ppm_per_C"": 100}",../../research/procurement/architecture_parts_2026-10-09.yaml#parts/AC0603FR-0710KL,2026-10-09,https://yageogroup.com/component-documentation/download/specsheet/AC0603FR-0710KL,"{""exact_mpn"": ""AC0603FR-0710KL"", ""nominal"": 10000, ""unit"": ""ohm"", ""tolerance_fraction"": 0.01, ""technology"": ""Thick film"", ""package"": ""0603 / 1608"", ""ratings"": {""power_w_at_70C"": 0.1, ""working_voltage_v"": 75, ""tcr_ppm_per_C"": 100}, ""manufacturer_document"": ""https://yageogroup.com/component-documentation/download/specsheet/AC0603FR-0710KL"", ""manufacturer_lifecycle"": ""Documented production series; exact current notices/orderability require refresh"", ""observation_date"": ""2026-10-09"", ""evidence_kind"": ""Indexed primary seller catalogue; reported crawl age retained; not live stock or accepted quote"", ""seller"": ""DigiKey Germany"", ""url"": ""https://www.digikey.de/de/products/detail/yageo/AC0603FR-0710KL/2828135"", ""reported_crawl_age"": ""last week"", ""stock_observed"": 1303493, ""live_stock"": null, ""moq_observed"": 1, ""order_multiple_observed"": 1, ""retail_pack_size_observed"": 1, ""factory_pack"": 5000, ""packaging"": ""Cut tape / bulk individual; no optional reeling"", ""manufacturer_lead_time_weeks_observed"": 22, ""actual_dispatch_lead_time"": null, ""unit_price_net_eur_observed"": 0.09, ""unit_price_gross_eur_scenario"": 0.1071, ""private_germany_route"": ""See seller_contracts; subject to acceptance and current inventory; no checkout performed"", ""delivered_cost_eur"": null, ""substitutes_qualified"": [], ""qualification_gaps"": [""Loss/leakage/temperature/excess-noise or production population not fully validated""], ""conflicting_observation"": ""Other catalogue alias shows backorder; exact current shared inventory unconfirmed""}",
candidate_0010,Rmidbottom,AC0603FR-0710KL,1,10000,ohm,0.01,Thick film,0603 / 1608,"{""power_w_at_70C"": 0.1, ""working_voltage_v"": 75, ""tcr_ppm_per_C"": 100}",../../research/procurement/architecture_parts_2026-10-09.yaml#parts/AC0603FR-0710KL,2026-10-09,https://yageogroup.com/component-documentation/download/specsheet/AC0603FR-0710KL,"{""exact_mpn"": ""AC0603FR-0710KL"", ""nominal"": 10000, ""unit"": ""ohm"", ""tolerance_fraction"": 0.01, ""technology"": ""Thick film"", ""package"": ""0603 / 1608"", ""ratings"": {""power_w_at_70C"": 0.1, ""working_voltage_v"": 75, ""tcr_ppm_per_C"": 100}, ""manufacturer_document"": ""https://yageogroup.com/component-documentation/download/specsheet/AC0603FR-0710KL"", ""manufacturer_lifecycle"": ""Documented production series; exact current notices/orderability require refresh"", ""observation_date"": ""2026-10-09"", ""evidence_kind"": ""Indexed primary seller catalogue; reported crawl age retained; not live stock or accepted quote"", ""seller"": ""DigiKey Germany"", ""url"": ""https://www.digikey.de/de/products/detail/yageo/AC0603FR-0710KL/2828135"", ""reported_crawl_age"": ""last week"", ""stock_observed"": 1303493, ""live_stock"": null, ""moq_observed"": 1, ""order_multiple_observed"": 1, ""retail_pack_size_observed"": 1, ""factory_pack"": 5000, ""packaging"": ""Cut tape / bulk individual; no optional reeling"", ""manufacturer_lead_time_weeks_observed"": 22, ""actual_dispatch_lead_time"": null, ""unit_price_net_eur_observed"": 0.09, ""unit_price_gross_eur_scenario"": 0.1071, ""private_germany_route"": ""See seller_contracts; subject to acceptance and current inventory; no checkout performed"", ""delivered_cost_eur"": null, ""substitutes_qualified"": [], ""qualification_gaps"": [""Loss/leakage/temperature/excess-noise or production population not fully validated""], ""conflicting_observation"": ""Other catalogue alias shows backorder; exact current shared inventory unconfirmed""}",
candidate_0010,Cmid,EEU-FR1J470,1,4.7e-05,F,0.2,Polar aluminium electrolytic FR-A,Radial 6.3 x 12.7mm; 2.5mm pitch,"{""voltage_v"": 63, ""temperature_C"": 105, ""life_hours_at_105C"": 5000}",../../research/procurement/architecture_parts_2026-10-09.yaml#parts/EEU-FR1J470,2026-10-09,,"{""exact_mpn"": ""EEU-FR1J470"", ""nominal"": 4.7e-05, ""unit"": ""F"", ""tolerance_fraction"": 0.2, ""technology"": ""Polar aluminium electrolytic FR-A"", ""package"": ""Radial 6.3 x 12.7mm; 2.5mm pitch"", ""ratings"": {""voltage_v"": 63, ""temperature_C"": 105, ""life_hours_at_105C"": 5000}, ""manufacturer_document"": null, ""manufacturer_lifecycle"": ""Documented production series; exact current notices/orderability require refresh"", ""observation_date"": ""2026-10-09"", ""evidence_kind"": ""Indexed primary seller catalogue; reported crawl age retained; not live stock or accepted quote"", ""seller"": ""DigiKey Germany"", ""url"": ""https://www.digikey.de/de/products/detail/panasonic-electronic-components/EEU-FR1J470/3072280"", ""reported_crawl_age"": ""4 months"", ""stock_observed"": 68724, ""live_stock"": null, ""moq_observed"": 1, ""order_multiple_observed"": 1, ""retail_pack_size_observed"": 1, ""factory_pack"": null, ""packaging"": ""Cut tape / bulk individual; no optional reeling"", ""manufacturer_lead_time_weeks_observed"": 31, ""actual_dispatch_lead_time"": null, ""unit_price_net_eur_observed"": 0.4, ""unit_price_gross_eur_scenario"": 0.476, ""private_germany_route"": ""See seller_contracts; subject to acceptance and current inventory; no checkout performed"", ""delivered_cost_eur"": null, ""substitutes_qualified"": [], ""qualification_gaps"": [""Loss/leakage/temperature/excess-noise or production population not fully validated""], ""evidence_limit"": ""Older German stock/price; frequency/temperature ESR, leakage, reversal and startup stress remain unqualified. No live stock inference.""}","{""exact_mpn"": ""EEU-FR1J470"", ""manufacturer"": ""Panasonic"", ""nominal_f"": 4.7e-05, ""tolerance_fraction"": 0.2, ""voltage_v"": 63, ""technology"": ""Polar aluminum electrolytic FR-A"", ""package"": ""Radial 6.3mm diameter, 11.2mm body, 2.5mm pitch"", ""primary_url"": ""https://industrial.panasonic.com/ww/products/pt/aluminum-cap-lead/models/EEUFR1J470"", ""manufacturer_document"": ""https://industrial.panasonic.com/cdbs/www-data/pdf/RDF0000/ABA0000C1259.pdf"", ""datasheet_version"": ""01-Sep-25"", ""temperature_c"": [-40, 105], ""tan_delta_max_at_120hz_20c"": 0.09, ""leakage_max_a_at_63v_20c_after_2min"": 2.96e-05, ""supplier_url"": ""https://www.digikey.de/en/products/detail/panasonic-industry/EEU-FR1J470/3072280"", ""supplier"": ""DigiKey Germany"", ""manufacturer_lifecycle"": ""Current primary product listing; supplier Active observation"", ""stock_observed"": 65991, ""reported_crawl_age"": ""4 months"", ""live_stock"": null, ""direct_retrieval"": ""Failed internal error; preserved observation, no accepted quote"", ""moq_observed"": 1, ""order_multiple_observed"": 1, ""retail_pack_size_observed"": 1, ""factory_pack_not_ordered"": 5000, ""actual_dispatch_lead_time"": null, ""manufacturer_lead_time"": null, ""private_germany_route"": ""Parent seller_contracts/digikey public consumer EUR terms; subject to acceptance, no checkout/contact"", ""unit_price_net_eur_scenario"": 0.4, ""vat_fraction_scenario"": 0.19, ""unit_price_gross_eur_scenario"": 0.476, ""price_tax_basis"": ""Retain parent's net-price interpretation as scenario, not invoice confirmation"", ""shipping_eur_per_basket_scenario"": [25, 29.75], ""shipping_tax_basis"": ""Parent public EUR25 summary may be gross or net; neither accepted quote"", ""import_payment_fees_eur"": null, ""confirmed_delivered_eur"": null, ""substitutes_qualified"": []}"
candidate_0010,Rpolar0,RC0603FR-071ML,1,1000000,ohm,0.01,Thick film,0603 / 1608,"{""power_w_at_70C"": 0.1, ""working_voltage_v"": 75, ""tcr_ppm_per_C"": 100}",../../research/procurement/architecture_parts_2026-10-09.yaml#parts/RC0603FR-071ML,2026-10-09,https://yageogroup.com/component-documentation/download/specsheet/RC0603FR-071ML,"{""exact_mpn"": ""RC0603FR-071ML"", ""nominal"": 1000000, ""unit"": ""ohm"", ""tolerance_fraction"": 0.01, ""technology"": ""Thick film"", ""package"": ""0603 / 1608"", ""ratings"": {""power_w_at_70C"": 0.1, ""working_voltage_v"": 75, ""tcr_ppm_per_C"": 100}, ""manufacturer_document"": ""https://yageogroup.com/component-documentation/download/specsheet/RC0603FR-071ML"", ""manufacturer_lifecycle"": ""Documented production series; exact current notices/orderability require refresh"", ""observation_date"": ""2026-10-09"", ""evidence_kind"": ""Indexed primary seller catalogue; reported crawl age retained; not live stock or accepted quote"", ""seller"": ""DigiKey Germany"", ""url"": ""https://www.digikey.de/de/products/detail/yageo/RC0603FR-071ML/729791"", ""reported_crawl_age"": ""last week"", ""stock_observed"": 1566554, ""live_stock"": null, ""moq_observed"": 1, ""order_multiple_observed"": 1, ""retail_pack_size_observed"": 1, ""factory_pack"": 5000, ""packaging"": ""Cut tape / bulk individual; no optional reeling"", ""manufacturer_lead_time_weeks_observed"": 22, ""actual_dispatch_lead_time"": null, ""unit_price_net_eur_observed"": 0.09, ""unit_price_gross_eur_scenario"": 0.1071, ""private_germany_route"": ""See seller_contracts; subject to acceptance and current inventory; no checkout performed"", ""delivered_cost_eur"": null, ""substitutes_qualified"": [], ""qualification_gaps"": [""Loss/leakage/temperature/excess-noise or production population not fully validated""], ""conflicting_observation"": ""Different catalogue alias/older snapshot has different inventory; do not infer live stock""}",
candidate_0010,Rpolar1,RC0603FR-071ML,1,1000000,ohm,0.01,Thick film,0603 / 1608,"{""power_w_at_70C"": 0.1, ""working_voltage_v"": 75, ""tcr_ppm_per_C"": 100}",../../research/procurement/architecture_parts_2026-10-09.yaml#parts/RC0603FR-071ML,2026-10-09,https://yageogroup.com/component-documentation/download/specsheet/RC0603FR-071ML,"{""exact_mpn"": ""RC0603FR-071ML"", ""nominal"": 1000000, ""unit"": ""ohm"", ""tolerance_fraction"": 0.01, ""technology"": ""Thick film"", ""package"": ""0603 / 1608"", ""ratings"": {""power_w_at_70C"": 0.1, ""working_voltage_v"": 75, ""tcr_ppm_per_C"": 100}, ""manufacturer_document"": ""https://yageogroup.com/component-documentation/download/specsheet/RC0603FR-071ML"", ""manufacturer_lifecycle"": ""Documented production series; exact current notices/orderability require refresh"", ""observation_date"": ""2026-10-09"", ""evidence_kind"": ""Indexed primary seller catalogue; reported crawl age retained; not live stock or accepted quote"", ""seller"": ""DigiKey Germany"", ""url"": ""https://www.digikey.de/de/products/detail/yageo/RC0603FR-071ML/729791"", ""reported_crawl_age"": ""last week"", ""stock_observed"": 1566554, ""live_stock"": null, ""moq_observed"": 1, ""order_multiple_observed"": 1, ""retail_pack_size_observed"": 1, ""factory_pack"": 5000, ""packaging"": ""Cut tape / bulk individual; no optional reeling"", ""manufacturer_lead_time_weeks_observed"": 22, ""actual_dispatch_lead_time"": null, ""unit_price_net_eur_observed"": 0.09, ""unit_price_gross_eur_scenario"": 0.1071, ""private_germany_route"": ""See seller_contracts; subject to acceptance and current inventory; no checkout performed"", ""delivered_cost_eur"": null, ""substitutes_qualified"": [], ""qualification_gaps"": [""Loss/leakage/temperature/excess-noise or production population not fully validated""], ""conflicting_observation"": ""Different catalogue alias/older snapshot has different inventory; do not infer live stock""}",
candidate_0010,Rpolar2,RC0603FR-071ML,1,1000000,ohm,0.01,Thick film,0603 / 1608,"{""power_w_at_70C"": 0.1, ""working_voltage_v"": 75, ""tcr_ppm_per_C"": 100}",../../research/procurement/architecture_parts_2026-10-09.yaml#parts/RC0603FR-071ML,2026-10-09,https://yageogroup.com/component-documentation/download/specsheet/RC0603FR-071ML,"{""exact_mpn"": ""RC0603FR-071ML"", ""nominal"": 1000000, ""unit"": ""ohm"", ""tolerance_fraction"": 0.01, ""technology"": ""Thick film"", ""package"": ""0603 / 1608"", ""ratings"": {""power_w_at_70C"": 0.1, ""working_voltage_v"": 75, ""tcr_ppm_per_C"": 100}, ""manufacturer_document"": ""https://yageogroup.com/component-documentation/download/specsheet/RC0603FR-071ML"", ""manufacturer_lifecycle"": ""Documented production series; exact current notices/orderability require refresh"", ""observation_date"": ""2026-10-09"", ""evidence_kind"": ""Indexed primary seller catalogue; reported crawl age retained; not live stock or accepted quote"", ""seller"": ""DigiKey Germany"", ""url"": ""https://www.digikey.de/de/products/detail/yageo/RC0603FR-071ML/729791"", ""reported_crawl_age"": ""last week"", ""stock_observed"": 1566554, ""live_stock"": null, ""moq_observed"": 1, ""order_multiple_observed"": 1, ""retail_pack_size_observed"": 1, ""factory_pack"": 5000, ""packaging"": ""Cut tape / bulk individual; no optional reeling"", ""manufacturer_lead_time_weeks_observed"": 22, ""actual_dispatch_lead_time"": null, ""unit_price_net_eur_observed"": 0.09, ""unit_price_gross_eur_scenario"": 0.1071, ""private_germany_route"": ""See seller_contracts; subject to acceptance and current inventory; no checkout performed"", ""delivered_cost_eur"": null, ""substitutes_qualified"": [], ""qualification_gaps"": [""Loss/leakage/temperature/excess-noise or production population not fully validated""], ""conflicting_observation"": ""Different catalogue alias/older snapshot has different inventory; do not infer live stock""}",
candidate_0010,Rpolar3,RC0603FR-071ML,1,1000000,ohm,0.01,Thick film,0603 / 1608,"{""power_w_at_70C"": 0.1, ""working_voltage_v"": 75, ""tcr_ppm_per_C"": 100}",../../research/procurement/architecture_parts_2026-10-09.yaml#parts/RC0603FR-071ML,2026-10-09,https://yageogroup.com/component-documentation/download/specsheet/RC0603FR-071ML,"{""exact_mpn"": ""RC0603FR-071ML"", ""nominal"": 1000000, ""unit"": ""ohm"", ""tolerance_fraction"": 0.01, ""technology"": ""Thick film"", ""package"": ""0603 / 1608"", ""ratings"": {""power_w_at_70C"": 0.1, ""working_voltage_v"": 75, ""tcr_ppm_per_C"": 100}, ""manufacturer_document"": ""https://yageogroup.com/component-documentation/download/specsheet/RC0603FR-071ML"", ""manufacturer_lifecycle"": ""Documented production series; exact current notices/orderability require refresh"", ""observation_date"": ""2026-10-09"", ""evidence_kind"": ""Indexed primary seller catalogue; reported crawl age retained; not live stock or accepted quote"", ""seller"": ""DigiKey Germany"", ""url"": ""https://www.digikey.de/de/products/detail/yageo/RC0603FR-071ML/729791"", ""reported_crawl_age"": ""last week"", ""stock_observed"": 1566554, ""live_stock"": null, ""moq_observed"": 1, ""order_multiple_observed"": 1, ""retail_pack_size_observed"": 1, ""factory_pack"": 5000, ""packaging"": ""Cut tape / bulk individual; no optional reeling"", ""manufacturer_lead_time_weeks_observed"": 22, ""actual_dispatch_lead_time"": null, ""unit_price_net_eur_observed"": 0.09, ""unit_price_gross_eur_scenario"": 0.1071, ""private_germany_route"": ""See seller_contracts; subject to acceptance and current inventory; no checkout performed"", ""delivered_cost_eur"": null, ""substitutes_qualified"": [], ""qualification_gaps"": [""Loss/leakage/temperature/excess-noise or production population not fully validated""], ""conflicting_observation"": ""Different catalogue alias/older snapshot has different inventory; do not infer live stock""}",
candidate_0010,Rpolar4,RC0603FR-071ML,1,1000000,ohm,0.01,Thick film,0603 / 1608,"{""power_w_at_70C"": 0.1, ""working_voltage_v"": 75, ""tcr_ppm_per_C"": 100}",../../research/procurement/architecture_parts_2026-10-09.yaml#parts/RC0603FR-071ML,2026-10-09,https://yageogroup.com/component-documentation/download/specsheet/RC0603FR-071ML,"{""exact_mpn"": ""RC0603FR-071ML"", ""nominal"": 1000000, ""unit"": ""ohm"", ""tolerance_fraction"": 0.01, ""technology"": ""Thick film"", ""package"": ""0603 / 1608"", ""ratings"": {""power_w_at_70C"": 0.1, ""working_voltage_v"": 75, ""tcr_ppm_per_C"": 100}, ""manufacturer_document"": ""https://yageogroup.com/component-documentation/download/specsheet/RC0603FR-071ML"", ""manufacturer_lifecycle"": ""Documented production series; exact current notices/orderability require refresh"", ""observation_date"": ""2026-10-09"", ""evidence_kind"": ""Indexed primary seller catalogue; reported crawl age retained; not live stock or accepted quote"", ""seller"": ""DigiKey Germany"", ""url"": ""https://www.digikey.de/de/products/detail/yageo/RC0603FR-071ML/729791"", ""reported_crawl_age"": ""last week"", ""stock_observed"": 1566554, ""live_stock"": null, ""moq_observed"": 1, ""order_multiple_observed"": 1, ""retail_pack_size_observed"": 1, ""factory_pack"": 5000, ""packaging"": ""Cut tape / bulk individual; no optional reeling"", ""manufacturer_lead_time_weeks_observed"": 22, ""actual_dispatch_lead_time"": null, ""unit_price_net_eur_observed"": 0.09, ""unit_price_gross_eur_scenario"": 0.1071, ""private_germany_route"": ""See seller_contracts; subject to acceptance and current inventory; no checkout performed"", ""delivered_cost_eur"": null, ""substitutes_qualified"": [], ""qualification_gaps"": [""Loss/leakage/temperature/excess-noise or production population not fully validated""], ""conflicting_observation"": ""Different catalogue alias/older snapshot has different inventory; do not infer live stock""}",
candidate_0010,Rpolar5,RC0603FR-071ML,1,1000000,ohm,0.01,Thick film,0603 / 1608,"{""power_w_at_70C"": 0.1, ""working_voltage_v"": 75, ""tcr_ppm_per_C"": 100}",../../research/procurement/architecture_parts_2026-10-09.yaml#parts/RC0603FR-071ML,2026-10-09,https://yageogroup.com/component-documentation/download/specsheet/RC0603FR-071ML,"{""exact_mpn"": ""RC0603FR-071ML"", ""nominal"": 1000000, ""unit"": ""ohm"", ""tolerance_fraction"": 0.01, ""technology"": ""Thick film"", ""package"": ""0603 / 1608"", ""ratings"": {""power_w_at_70C"": 0.1, ""working_voltage_v"": 75, ""tcr_ppm_per_C"": 100}, ""manufacturer_document"": ""https://yageogroup.com/component-documentation/download/specsheet/RC0603FR-071ML"", ""manufacturer_lifecycle"": ""Documented production series; exact current notices/orderability require refresh"", ""observation_date"": ""2026-10-09"", ""evidence_kind"": ""Indexed primary seller catalogue; reported crawl age retained; not live stock or accepted quote"", ""seller"": ""DigiKey Germany"", ""url"": ""https://www.digikey.de/de/products/detail/yageo/RC0603FR-071ML/729791"", ""reported_crawl_age"": ""last week"", ""stock_observed"": 1566554, ""live_stock"": null, ""moq_observed"": 1, ""order_multiple_observed"": 1, ""retail_pack_size_observed"": 1, ""factory_pack"": 5000, ""packaging"": ""Cut tape / bulk individual; no optional reeling"", ""manufacturer_lead_time_weeks_observed"": 22, ""actual_dispatch_lead_time"": null, ""unit_price_net_eur_observed"": 0.09, ""unit_price_gross_eur_scenario"": 0.1071, ""private_germany_route"": ""See seller_contracts; subject to acceptance and current inventory; no checkout performed"", ""delivered_cost_eur"": null, ""substitutes_qualified"": [], ""qualification_gaps"": [""Loss/leakage/temperature/excess-noise or production population not fully validated""], ""conflicting_observation"": ""Different catalogue alias/older snapshot has different inventory; do not infer live stock""}",
candidate_0010,Rpolar6,RC0603FR-071ML,1,1000000,ohm,0.01,Thick film,0603 / 1608,"{""power_w_at_70C"": 0.1, ""working_voltage_v"": 75, ""tcr_ppm_per_C"": 100}",../../research/procurement/architecture_parts_2026-10-09.yaml#parts/RC0603FR-071ML,2026-10-09,https://yageogroup.com/component-documentation/download/specsheet/RC0603FR-071ML,"{""exact_mpn"": ""RC0603FR-071ML"", ""nominal"": 1000000, ""unit"": ""ohm"", ""tolerance_fraction"": 0.01, ""technology"": ""Thick film"", ""package"": ""0603 / 1608"", ""ratings"": {""power_w_at_70C"": 0.1, ""working_voltage_v"": 75, ""tcr_ppm_per_C"": 100}, ""manufacturer_document"": ""https://yageogroup.com/component-documentation/download/specsheet/RC0603FR-071ML"", ""manufacturer_lifecycle"": ""Documented production series; exact current notices/orderability require refresh"", ""observation_date"": ""2026-10-09"", ""evidence_kind"": ""Indexed primary seller catalogue; reported crawl age retained; not live stock or accepted quote"", ""seller"": ""DigiKey Germany"", ""url"": ""https://www.digikey.de/de/products/detail/yageo/RC0603FR-071ML/729791"", ""reported_crawl_age"": ""last week"", ""stock_observed"": 1566554, ""live_stock"": null, ""moq_observed"": 1, ""order_multiple_observed"": 1, ""retail_pack_size_observed"": 1, ""factory_pack"": 5000, ""packaging"": ""Cut tape / bulk individual; no optional reeling"", ""manufacturer_lead_time_weeks_observed"": 22, ""actual_dispatch_lead_time"": null, ""unit_price_net_eur_observed"": 0.09, ""unit_price_gross_eur_scenario"": 0.1071, ""private_germany_route"": ""See seller_contracts; subject to acceptance and current inventory; no checkout performed"", ""delivered_cost_eur"": null, ""substitutes_qualified"": [], ""qualification_gaps"": [""Loss/leakage/temperature/excess-noise or production population not fully validated""], ""conflicting_observation"": ""Different catalogue alias/older snapshot has different inventory; do not infer live stock""}",
candidate_0010,Rpolar7,RC0603FR-071ML,1,1000000,ohm,0.01,Thick film,0603 / 1608,"{""power_w_at_70C"": 0.1, ""working_voltage_v"": 75, ""tcr_ppm_per_C"": 100}",../../research/procurement/architecture_parts_2026-10-09.yaml#parts/RC0603FR-071ML,2026-10-09,https://yageogroup.com/component-documentation/download/specsheet/RC0603FR-071ML,"{""exact_mpn"": ""RC0603FR-071ML"", ""nominal"": 1000000, ""unit"": ""ohm"", ""tolerance_fraction"": 0.01, ""technology"": ""Thick film"", ""package"": ""0603 / 1608"", ""ratings"": {""power_w_at_70C"": 0.1, ""working_voltage_v"": 75, ""tcr_ppm_per_C"": 100}, ""manufacturer_document"": ""https://yageogroup.com/component-documentation/download/specsheet/RC0603FR-071ML"", ""manufacturer_lifecycle"": ""Documented production series; exact current notices/orderability require refresh"", ""observation_date"": ""2026-10-09"", ""evidence_kind"": ""Indexed primary seller catalogue; reported crawl age retained; not live stock or accepted quote"", ""seller"": ""DigiKey Germany"", ""url"": ""https://www.digikey.de/de/products/detail/yageo/RC0603FR-071ML/729791"", ""reported_crawl_age"": ""last week"", ""stock_observed"": 1566554, ""live_stock"": null, ""moq_observed"": 1, ""order_multiple_observed"": 1, ""retail_pack_size_observed"": 1, ""factory_pack"": 5000, ""packaging"": ""Cut tape / bulk individual; no optional reeling"", ""manufacturer_lead_time_weeks_observed"": 22, ""actual_dispatch_lead_time"": null, ""unit_price_net_eur_observed"": 0.09, ""unit_price_gross_eur_scenario"": 0.1071, ""private_germany_route"": ""See seller_contracts; subject to acceptance and current inventory; no checkout performed"", ""delivered_cost_eur"": null, ""substitutes_qualified"": [], ""qualification_gaps"": [""Loss/leakage/temperature/excess-noise or production population not fully validated""], ""conflicting_observation"": ""Different catalogue alias/older snapshot has different inventory; do not infer live stock""}",
candidate_0010,Rpolar8,RC0603FR-071ML,1,1000000,ohm,0.01,Thick film,0603 / 1608,"{""power_w_at_70C"": 0.1, ""working_voltage_v"": 75, ""tcr_ppm_per_C"": 100}",../../research/procurement/architecture_parts_2026-10-09.yaml#parts/RC0603FR-071ML,2026-10-09,https://yageogroup.com/component-documentation/download/specsheet/RC0603FR-071ML,"{""exact_mpn"": ""RC0603FR-071ML"", ""nominal"": 1000000, ""unit"": ""ohm"", ""tolerance_fraction"": 0.01, ""technology"": ""Thick film"", ""package"": ""0603 / 1608"", ""ratings"": {""power_w_at_70C"": 0.1, ""working_voltage_v"": 75, ""tcr_ppm_per_C"": 100}, ""manufacturer_document"": ""https://yageogroup.com/component-documentation/download/specsheet/RC0603FR-071ML"", ""manufacturer_lifecycle"": ""Documented production series; exact current notices/orderability require refresh"", ""observation_date"": ""2026-10-09"", ""evidence_kind"": ""Indexed primary seller catalogue; reported crawl age retained; not live stock or accepted quote"", ""seller"": ""DigiKey Germany"", ""url"": ""https://www.digikey.de/de/products/detail/yageo/RC0603FR-071ML/729791"", ""reported_crawl_age"": ""last week"", ""stock_observed"": 1566554, ""live_stock"": null, ""moq_observed"": 1, ""order_multiple_observed"": 1, ""retail_pack_size_observed"": 1, ""factory_pack"": 5000, ""packaging"": ""Cut tape / bulk individual; no optional reeling"", ""manufacturer_lead_time_weeks_observed"": 22, ""actual_dispatch_lead_time"": null, ""unit_price_net_eur_observed"": 0.09, ""unit_price_gross_eur_scenario"": 0.1071, ""private_germany_route"": ""See seller_contracts; subject to acceptance and current inventory; no checkout performed"", ""delivered_cost_eur"": null, ""substitutes_qualified"": [], ""qualification_gaps"": [""Loss/leakage/temperature/excess-noise or production population not fully validated""], ""conflicting_observation"": ""Different catalogue alias/older snapshot has different inventory; do not infer live stock""}",
candidate_0010,Rpolar9,RC0603FR-071ML,1,1000000,ohm,0.01,Thick film,0603 / 1608,"{""power_w_at_70C"": 0.1, ""working_voltage_v"": 75, ""tcr_ppm_per_C"": 100}",../../research/procurement/architecture_parts_2026-10-09.yaml#parts/RC0603FR-071ML,2026-10-09,https://yageogroup.com/component-documentation/download/specsheet/RC0603FR-071ML,"{""exact_mpn"": ""RC0603FR-071ML"", ""nominal"": 1000000, ""unit"": ""ohm"", ""tolerance_fraction"": 0.01, ""technology"": ""Thick film"", ""package"": ""0603 / 1608"", ""ratings"": {""power_w_at_70C"": 0.1, ""working_voltage_v"": 75, ""tcr_ppm_per_C"": 100}, ""manufacturer_document"": ""https://yageogroup.com/component-documentation/download/specsheet/RC0603FR-071ML"", ""manufacturer_lifecycle"": ""Documented production series; exact current notices/orderability require refresh"", ""observation_date"": ""2026-10-09"", ""evidence_kind"": ""Indexed primary seller catalogue; reported crawl age retained; not live stock or accepted quote"", ""seller"": ""DigiKey Germany"", ""url"": ""https://www.digikey.de/de/products/detail/yageo/RC0603FR-071ML/729791"", ""reported_crawl_age"": ""last week"", ""stock_observed"": 1566554, ""live_stock"": null, ""moq_observed"": 1, ""order_multiple_observed"": 1, ""retail_pack_size_observed"": 1, ""factory_pack"": 5000, ""packaging"": ""Cut tape / bulk individual; no optional reeling"", ""manufacturer_lead_time_weeks_observed"": 22, ""actual_dispatch_lead_time"": null, ""unit_price_net_eur_observed"": 0.09, ""unit_price_gross_eur_scenario"": 0.1071, ""private_germany_route"": ""See seller_contracts; subject to acceptance and current inventory; no checkout performed"", ""delivered_cost_eur"": null, ""substitutes_qualified"": [], ""qualification_gaps"": [""Loss/leakage/temperature/excess-noise or production population not fully validated""], ""conflicting_observation"": ""Different catalogue alias/older snapshot has different inventory; do not infer live stock""}",
candidate_0010,Cpol,R82EC3100DQ70J,1,1e-07,F,0.05,Metallized PET film R82,Radial 7.2 x 2.5 x 6.6mm; 5mm pitch,"{""voltage_dc_v"": 100}",../../research/procurement/architecture_parts_2026-10-09.yaml#parts/R82EC3100DQ70J,2026-10-09,https://www.digikey.com/htmldatasheets/production/3447437/0/0/1/r82dc3680dq60j.pdf,"{""exact_mpn"": ""R82EC3100DQ70J"", ""nominal"": 1e-07, ""unit"": ""F"", ""tolerance_fraction"": 0.05, ""technology"": ""Metallized PET film R82"", ""package"": ""Radial 7.2 x 2.5 x 6.6mm; 5mm pitch"", ""ratings"": {""voltage_dc_v"": 100}, ""manufacturer_document"": ""https://www.digikey.com/htmldatasheets/production/3447437/0/0/1/r82dc3680dq60j.pdf"", ""manufacturer_lifecycle"": ""Documented production series; exact current notices/orderability require refresh"", ""observation_date"": ""2026-10-09"", ""evidence_kind"": ""Indexed primary seller catalogue; reported crawl age retained; not live stock or accepted quote"", ""seller"": ""DigiKey Germany"", ""url"": ""https://www.digikey.de/en/products/detail/kemet/R82EC3100DQ70J/1930807"", ""reported_crawl_age"": ""German exact price unavailable"", ""stock_observed"": null, ""live_stock"": null, ""moq_observed"": 1, ""order_multiple_observed"": 1, ""retail_pack_size_observed"": 1, ""factory_pack"": null, ""packaging"": ""Cut tape / bulk individual; no optional reeling"", ""manufacturer_lead_time_weeks_observed"": 26, ""actual_dispatch_lead_time"": null, ""unit_price_net_eur_observed"": null, ""unit_price_gross_eur_scenario"": null, ""private_germany_route"": ""See seller_contracts; subject to acceptance and current inventory; no checkout performed"", ""delivered_cost_eur"": null, ""substitutes_qualified"": [], ""qualification_gaps"": [""Loss/leakage/temperature/excess-noise or production population not fully validated""], ""other_territory_observation"": {""seller"": ""DigiKey US"", ""stock"": 64236, ""crawl_age"": ""yesterday"", ""unit_price_usd"": 0.34, ""limitation"": ""Same exact MPN catalogue evidence only; not a German EUR quote or live Germany inventory""}}",
candidate_0010,Rback,RC0603FR-071ML,1,1000000,ohm,0.01,Thick film,0603 / 1608,"{""power_w_at_70C"": 0.1, ""working_voltage_v"": 75, ""tcr_ppm_per_C"": 100}",../../research/procurement/architecture_parts_2026-10-09.yaml#parts/RC0603FR-071ML,2026-10-09,https://yageogroup.com/component-documentation/download/specsheet/RC0603FR-071ML,"{""exact_mpn"": ""RC0603FR-071ML"", ""nominal"": 1000000, ""unit"": ""ohm"", ""tolerance_fraction"": 0.01, ""technology"": ""Thick film"", ""package"": ""0603 / 1608"", ""ratings"": {""power_w_at_70C"": 0.1, ""working_voltage_v"": 75, ""tcr_ppm_per_C"": 100}, ""manufacturer_document"": ""https://yageogroup.com/component-documentation/download/specsheet/RC0603FR-071ML"", ""manufacturer_lifecycle"": ""Documented production series; exact current notices/orderability require refresh"", ""observation_date"": ""2026-10-09"", ""evidence_kind"": ""Indexed primary seller catalogue; reported crawl age retained; not live stock or accepted quote"", ""seller"": ""DigiKey Germany"", ""url"": ""https://www.digikey.de/de/products/detail/yageo/RC0603FR-071ML/729791"", ""reported_crawl_age"": ""last week"", ""stock_observed"": 1566554, ""live_stock"": null, ""moq_observed"": 1, ""order_multiple_observed"": 1, ""retail_pack_size_observed"": 1, ""factory_pack"": 5000, ""packaging"": ""Cut tape / bulk individual; no optional reeling"", ""manufacturer_lead_time_weeks_observed"": 22, ""actual_dispatch_lead_time"": null, ""unit_price_net_eur_observed"": 0.09, ""unit_price_gross_eur_scenario"": 0.1071, ""private_germany_route"": ""See seller_contracts; subject to acceptance and current inventory; no checkout performed"", ""delivered_cost_eur"": null, ""substitutes_qualified"": [], ""qualification_gaps"": [""Loss/leakage/temperature/excess-noise or production population not fully validated""], ""conflicting_observation"": ""Different catalogue alias/older snapshot has different inventory; do not infer live stock""}",
candidate_0010,Rbias,HVA12JA1G00,1,1000000000.0,ohm,0.05,High-voltage metal film,Axial 4 x 11mm,"{""power_w"": 1.2, ""voltage_limit_v"": 8000, ""power_limited_voltage_v"": 34641, ""tcr_ppm_per_C"": 200, ""vcr_ppm_per_v_max"": 20}",../../research/procurement/architecture_parts_2026-10-09.yaml#parts/HVA12JA1G00,2026-10-09,https://www.mouser.com/datasheet/2/385/SEI_HVA-3077810.pdf,"{""exact_mpn"": ""HVA12JA1G00"", ""nominal"": 1000000000.0, ""unit"": ""ohm"", ""tolerance_fraction"": 0.05, ""technology"": ""High-voltage metal film"", ""package"": ""Axial 4 x 11mm"", ""ratings"": {""power_w"": 1.2, ""voltage_limit_v"": 8000, ""power_limited_voltage_v"": 34641, ""tcr_ppm_per_C"": 200, ""vcr_ppm_per_v_max"": 20}, ""manufacturer_document"": ""https://www.mouser.com/datasheet/2/385/SEI_HVA-3077810.pdf"", ""manufacturer_lifecycle"": ""Documented production series; exact current notices/orderability require refresh"", ""observation_date"": ""2026-10-09"", ""evidence_kind"": ""Indexed primary seller catalogue; reported crawl age retained; not live stock or accepted quote"", ""seller"": ""DigiKey Germany"", ""url"": ""https://www.digikey.de/en/products/detail/stackpole-electronics-inc/HVA12JA1G00/6195865"", ""reported_crawl_age"": ""last week filter listing"", ""stock_observed"": 1148, ""live_stock"": null, ""moq_observed"": 1, ""order_multiple_observed"": 1, ""retail_pack_size_observed"": 1, ""factory_pack"": 1000, ""packaging"": ""Cut tape / bulk individual; no optional reeling"", ""manufacturer_lead_time_weeks_observed"": null, ""actual_dispatch_lead_time"": null, ""unit_price_net_eur_observed"": 0.73, ""unit_price_gross_eur_scenario"": 0.8687, ""private_germany_route"": ""See seller_contracts; subject to acceptance and current inventory; no checkout performed"", ""delivered_cost_eur"": null, ""substitutes_qualified"": [], ""qualification_gaps"": [""Loss/leakage/temperature/excess-noise or production population not fully validated""], ""evidence_limit"": ""German distributor filter showed stock/CT price; direct exact product cache miss. CT MOQ1, factory tape-and-box1000 is not a required private pack.""}",
candidate_0010,Rbootdc,RC0603FR-071ML,1,1000000,ohm,0.01,Thick film,0603 / 1608,"{""power_w_at_70C"": 0.1, ""working_voltage_v"": 75, ""tcr_ppm_per_C"": 100}",../../research/procurement/architecture_parts_2026-10-09.yaml#parts/RC0603FR-071ML,2026-10-09,https://yageogroup.com/component-documentation/download/specsheet/RC0603FR-071ML,"{""exact_mpn"": ""RC0603FR-071ML"", ""nominal"": 1000000, ""unit"": ""ohm"", ""tolerance_fraction"": 0.01, ""technology"": ""Thick film"", ""package"": ""0603 / 1608"", ""ratings"": {""power_w_at_70C"": 0.1, ""working_voltage_v"": 75, ""tcr_ppm_per_C"": 100}, ""manufacturer_document"": ""https://yageogroup.com/component-documentation/download/specsheet/RC0603FR-071ML"", ""manufacturer_lifecycle"": ""Documented production series; exact current notices/orderability require refresh"", ""observation_date"": ""2026-10-09"", ""evidence_kind"": ""Indexed primary seller catalogue; reported crawl age retained; not live stock or accepted quote"", ""seller"": ""DigiKey Germany"", ""url"": ""https://www.digikey.de/de/products/detail/yageo/RC0603FR-071ML/729791"", ""reported_crawl_age"": ""last week"", ""stock_observed"": 1566554, ""live_stock"": null, ""moq_observed"": 1, ""order_multiple_observed"": 1, ""retail_pack_size_observed"": 1, ""factory_pack"": 5000, ""packaging"": ""Cut tape / bulk individual; no optional reeling"", ""manufacturer_lead_time_weeks_observed"": 22, ""actual_dispatch_lead_time"": null, ""unit_price_net_eur_observed"": 0.09, ""unit_price_gross_eur_scenario"": 0.1071, ""private_germany_route"": ""See seller_contracts; subject to acceptance and current inventory; no checkout performed"", ""delivered_cost_eur"": null, ""substitutes_qualified"": [], ""qualification_gaps"": [""Loss/leakage/temperature/excess-noise or production population not fully validated""], ""conflicting_observation"": ""Different catalogue alias/older snapshot has different inventory; do not infer live stock""}",
candidate_0010,Uinput,OPA197IDBVR,1,OPAx197,device,,CMOS opamp; vendor macro behavioral,DBV SOT-23-5,"{""recommended_supply_total_v"": [4.5, 36], ""note"": ""No safety/SOA rating inferred from macro convergence""}",../../research/procurement/architecture_parts_2026-10-09.yaml#parts/OPA197IDBVR,2026-10-09,https://www.ti.com/lit/ds/symlink/opa197.pdf,"{""exact_mpn"": ""OPA197IDBVR"", ""nominal"": ""OPAx197"", ""unit"": ""device"", ""tolerance_fraction"": null, ""technology"": ""CMOS opamp; vendor macro behavioral"", ""package"": ""DBV SOT-23-5"", ""ratings"": {""recommended_supply_total_v"": [4.5, 36], ""note"": ""No safety/SOA rating inferred from macro convergence""}, ""manufacturer_document"": ""https://www.ti.com/lit/ds/symlink/opa197.pdf"", ""manufacturer_lifecycle"": ""TI Active, confirmed primary page 2026-10-09; library validation scoped to grounded small signal"", ""observation_date"": ""2026-10-09"", ""evidence_kind"": ""Indexed primary seller catalogue; reported crawl age retained; not live stock or accepted quote"", ""seller"": ""DigiKey Germany"", ""url"": ""https://www.digikey.de/en/products/detail/texas-instruments/OPA197IDBVR/5962128"", ""reported_crawl_age"": ""3 weeks"", ""stock_observed"": 29522, ""live_stock"": null, ""moq_observed"": 1, ""order_multiple_observed"": 1, ""retail_pack_size_observed"": 1, ""factory_pack"": 3000, ""packaging"": ""Cut tape / bulk individual; no optional reeling"", ""manufacturer_lead_time_weeks_observed"": 16, ""actual_dispatch_lead_time"": null, ""unit_price_net_eur_observed"": 1.8, ""unit_price_gross_eur_scenario"": 2.142, ""private_germany_route"": ""See seller_contracts; subject to acceptance and current inventory; no checkout performed"", ""delivered_cost_eur"": null, ""substitutes_qualified"": [], ""qualification_gaps"": [""Loss/leakage/temperature/excess-noise or production population not fully validated""]}",
candidate_0010,Uguard,OPA197IDBVR,1,OPAx197,device,,CMOS opamp; vendor macro behavioral,DBV SOT-23-5,"{""recommended_supply_total_v"": [4.5, 36], ""note"": ""No safety/SOA rating inferred from macro convergence""}",../../research/procurement/architecture_parts_2026-10-09.yaml#parts/OPA197IDBVR,2026-10-09,https://www.ti.com/lit/ds/symlink/opa197.pdf,"{""exact_mpn"": ""OPA197IDBVR"", ""nominal"": ""OPAx197"", ""unit"": ""device"", ""tolerance_fraction"": null, ""technology"": ""CMOS opamp; vendor macro behavioral"", ""package"": ""DBV SOT-23-5"", ""ratings"": {""recommended_supply_total_v"": [4.5, 36], ""note"": ""No safety/SOA rating inferred from macro convergence""}, ""manufacturer_document"": ""https://www.ti.com/lit/ds/symlink/opa197.pdf"", ""manufacturer_lifecycle"": ""TI Active, confirmed primary page 2026-10-09; library validation scoped to grounded small signal"", ""observation_date"": ""2026-10-09"", ""evidence_kind"": ""Indexed primary seller catalogue; reported crawl age retained; not live stock or accepted quote"", ""seller"": ""DigiKey Germany"", ""url"": ""https://www.digikey.de/en/products/detail/texas-instruments/OPA197IDBVR/5962128"", ""reported_crawl_age"": ""3 weeks"", ""stock_observed"": 29522, ""live_stock"": null, ""moq_observed"": 1, ""order_multiple_observed"": 1, ""retail_pack_size_observed"": 1, ""factory_pack"": 3000, ""packaging"": ""Cut tape / bulk individual; no optional reeling"", ""manufacturer_lead_time_weeks_observed"": 16, ""actual_dispatch_lead_time"": null, ""unit_price_net_eur_observed"": 1.8, ""unit_price_gross_eur_scenario"": 2.142, ""private_germany_route"": ""See seller_contracts; subject to acceptance and current inventory; no checkout performed"", ""delivered_cost_eur"": null, ""substitutes_qualified"": [], ""qualification_gaps"": [""Loss/leakage/temperature/excess-noise or production population not fully validated""]}",
candidate_0010,Cboot,R82EC4100DQ70J,1,1e-06,F,0.05,Metallized PET film R82,Radial 7.2 x 6 x 11.1mm; 5mm pitch,"{""voltage_dc_v"": 100, ""voltage_ac_v"": 63}",../../research/procurement/architecture_parts_2026-10-09.yaml#parts/R82EC4100DQ70J,2026-10-09,https://www.digikey.com/htmldatasheets/production/3447437/0/0/1/r82dc3680dq60j.pdf,"{""exact_mpn"": ""R82EC4100DQ70J"", ""nominal"": 1e-06, ""unit"": ""F"", ""tolerance_fraction"": 0.05, ""technology"": ""Metallized PET film R82"", ""package"": ""Radial 7.2 x 6 x 11.1mm; 5mm pitch"", ""ratings"": {""voltage_dc_v"": 100, ""voltage_ac_v"": 63}, ""manufacturer_document"": ""https://www.digikey.com/htmldatasheets/production/3447437/0/0/1/r82dc3680dq60j.pdf"", ""manufacturer_lifecycle"": ""Documented production series; exact current notices/orderability require refresh"", ""observation_date"": ""2026-10-09"", ""evidence_kind"": ""Indexed primary seller catalogue; reported crawl age retained; not live stock or accepted quote"", ""seller"": ""DigiKey Germany"", ""url"": ""https://www.digikey.de/de/products/detail/kemet/R82EC4100DQ70J/1930809"", ""reported_crawl_age"": ""3 weeks"", ""stock_observed"": 314884, ""live_stock"": null, ""moq_observed"": 1, ""order_multiple_observed"": 1, ""retail_pack_size_observed"": 1, ""factory_pack"": 1400, ""packaging"": ""Cut tape / bulk individual; no optional reeling"", ""manufacturer_lead_time_weeks_observed"": 26, ""actual_dispatch_lead_time"": null, ""unit_price_net_eur_observed"": 0.78, ""unit_price_gross_eur_scenario"": 0.9282, ""private_germany_route"": ""See seller_contracts; subject to acceptance and current inventory; no checkout performed"", ""delivered_cost_eur"": null, ""substitutes_qualified"": [], ""qualification_gaps"": [""Loss/leakage/temperature/excess-noise or production population not fully validated""]}",
candidate_0010,Rrear,RC0603FR-071KL,1,1000,ohm,0.01,Thick film,0603 / 1608,"{""power_w_at_70C"": 0.1, ""working_voltage_v"": 75, ""tcr_ppm_per_C"": 100}",../../research/procurement/architecture_parts_2026-10-09.yaml#parts/RC0603FR-071KL,2026-10-09,https://yageogroup.com/component-documentation/download/specsheet/RC0603FR-071KL,"{""exact_mpn"": ""RC0603FR-071KL"", ""nominal"": 1000, ""unit"": ""ohm"", ""tolerance_fraction"": 0.01, ""technology"": ""Thick film"", ""package"": ""0603 / 1608"", ""ratings"": {""power_w_at_70C"": 0.1, ""working_voltage_v"": 75, ""tcr_ppm_per_C"": 100}, ""manufacturer_document"": ""https://yageogroup.com/component-documentation/download/specsheet/RC0603FR-071KL"", ""manufacturer_lifecycle"": ""Documented production series; exact current notices/orderability require refresh"", ""observation_date"": ""2026-10-09"", ""evidence_kind"": ""Indexed primary seller catalogue; reported crawl age retained; not live stock or accepted quote"", ""seller"": ""DigiKey Germany"", ""url"": ""https://www.digikey.de/de/products/detail/yageo/RC0603FR-071KL/726843"", ""reported_crawl_age"": ""today"", ""stock_observed"": 2937396, ""live_stock"": null, ""moq_observed"": 1, ""order_multiple_observed"": 1, ""retail_pack_size_observed"": 1, ""factory_pack"": 5000, ""packaging"": ""Cut tape / bulk individual; no optional reeling"", ""manufacturer_lead_time_weeks_observed"": null, ""actual_dispatch_lead_time"": null, ""unit_price_net_eur_observed"": 0.09, ""unit_price_gross_eur_scenario"": 0.1071, ""private_germany_route"": ""See seller_contracts; subject to acceptance and current inventory; no checkout performed"", ""delivered_cost_eur"": null, ""substitutes_qualified"": [], ""qualification_gaps"": [""Loss/leakage/temperature/excess-noise or production population not fully validated""]}",
candidate_0010,Routp,RC0603FR-0747RL,1,47,ohm,0.01,Thick film,0603 / 1608,"{""power_w_at_70C"": 0.1, ""working_voltage_v"": 75, ""tcr_ppm_per_C"": 100}",../../research/procurement/architecture_parts_2026-10-09.yaml#parts/RC0603FR-0747RL,2026-10-09,https://yageogroup.com/component-documentation/download/specsheet/RC0603FR-0747RL,"{""exact_mpn"": ""RC0603FR-0747RL"", ""nominal"": 47, ""unit"": ""ohm"", ""tolerance_fraction"": 0.01, ""technology"": ""Thick film"", ""package"": ""0603 / 1608"", ""ratings"": {""power_w_at_70C"": 0.1, ""working_voltage_v"": 75, ""tcr_ppm_per_C"": 100}, ""manufacturer_document"": ""https://yageogroup.com/component-documentation/download/specsheet/RC0603FR-0747RL"", ""manufacturer_lifecycle"": ""Documented production series; exact current notices/orderability require refresh"", ""observation_date"": ""2026-10-09"", ""evidence_kind"": ""Indexed primary seller catalogue; reported crawl age retained; not live stock or accepted quote"", ""seller"": ""DigiKey Germany"", ""url"": ""https://www.digikey.de/de/products/detail/yageo/RC0603FR-0747RL/727252"", ""reported_crawl_age"": ""2 weeks"", ""stock_observed"": 543536, ""live_stock"": null, ""moq_observed"": 1, ""order_multiple_observed"": 1, ""retail_pack_size_observed"": 1, ""factory_pack"": 5000, ""packaging"": ""Cut tape / bulk individual; no optional reeling"", ""manufacturer_lead_time_weeks_observed"": 17, ""actual_dispatch_lead_time"": null, ""unit_price_net_eur_observed"": 0.09, ""unit_price_gross_eur_scenario"": 0.1071, ""private_germany_route"": ""See seller_contracts; subject to acceptance and current inventory; no checkout performed"", ""delivered_cost_eur"": null, ""substitutes_qualified"": [], ""qualification_gaps"": [""Loss/leakage/temperature/excess-noise or production population not fully validated""]}",
candidate_0010,Routn,RC0603FR-0747RL,1,47,ohm,0.01,Thick film,0603 / 1608,"{""power_w_at_70C"": 0.1, ""working_voltage_v"": 75, ""tcr_ppm_per_C"": 100}",../../research/procurement/architecture_parts_2026-10-09.yaml#parts/RC0603FR-0747RL,2026-10-09,https://yageogroup.com/component-documentation/download/specsheet/RC0603FR-0747RL,"{""exact_mpn"": ""RC0603FR-0747RL"", ""nominal"": 47, ""unit"": ""ohm"", ""tolerance_fraction"": 0.01, ""technology"": ""Thick film"", ""package"": ""0603 / 1608"", ""ratings"": {""power_w_at_70C"": 0.1, ""working_voltage_v"": 75, ""tcr_ppm_per_C"": 100}, ""manufacturer_document"": ""https://yageogroup.com/component-documentation/download/specsheet/RC0603FR-0747RL"", ""manufacturer_lifecycle"": ""Documented production series; exact current notices/orderability require refresh"", ""observation_date"": ""2026-10-09"", ""evidence_kind"": ""Indexed primary seller catalogue; reported crawl age retained; not live stock or accepted quote"", ""seller"": ""DigiKey Germany"", ""url"": ""https://www.digikey.de/de/products/detail/yageo/RC0603FR-0747RL/727252"", ""reported_crawl_age"": ""2 weeks"", ""stock_observed"": 543536, ""live_stock"": null, ""moq_observed"": 1, ""order_multiple_observed"": 1, ""retail_pack_size_observed"": 1, ""factory_pack"": 5000, ""packaging"": ""Cut tape / bulk individual; no optional reeling"", ""manufacturer_lead_time_weeks_observed"": 17, ""actual_dispatch_lead_time"": null, ""unit_price_net_eur_observed"": 0.09, ""unit_price_gross_eur_scenario"": 0.1071, ""private_germany_route"": ""See seller_contracts; subject to acceptance and current inventory; no checkout performed"", ""delivered_cost_eur"": null, ""substitutes_qualified"": [], ""qualification_gaps"": [""Loss/leakage/temperature/excess-noise or production population not fully validated""]}",
candidate_0010,Coutp,EEU-FR1J470,1,4.7e-05,F,0.2,Polar aluminium electrolytic FR-A,Radial 6.3 x 12.7mm; 2.5mm pitch,"{""voltage_v"": 63, ""temperature_C"": 105, ""life_hours_at_105C"": 5000}",../../research/procurement/architecture_parts_2026-10-09.yaml#parts/EEU-FR1J470,2026-10-09,,"{""exact_mpn"": ""EEU-FR1J470"", ""nominal"": 4.7e-05, ""unit"": ""F"", ""tolerance_fraction"": 0.2, ""technology"": ""Polar aluminium electrolytic FR-A"", ""package"": ""Radial 6.3 x 12.7mm; 2.5mm pitch"", ""ratings"": {""voltage_v"": 63, ""temperature_C"": 105, ""life_hours_at_105C"": 5000}, ""manufacturer_document"": null, ""manufacturer_lifecycle"": ""Documented production series; exact current notices/orderability require refresh"", ""observation_date"": ""2026-10-09"", ""evidence_kind"": ""Indexed primary seller catalogue; reported crawl age retained; not live stock or accepted quote"", ""seller"": ""DigiKey Germany"", ""url"": ""https://www.digikey.de/de/products/detail/panasonic-electronic-components/EEU-FR1J470/3072280"", ""reported_crawl_age"": ""4 months"", ""stock_observed"": 68724, ""live_stock"": null, ""moq_observed"": 1, ""order_multiple_observed"": 1, ""retail_pack_size_observed"": 1, ""factory_pack"": null, ""packaging"": ""Cut tape / bulk individual; no optional reeling"", ""manufacturer_lead_time_weeks_observed"": 31, ""actual_dispatch_lead_time"": null, ""unit_price_net_eur_observed"": 0.4, ""unit_price_gross_eur_scenario"": 0.476, ""private_germany_route"": ""See seller_contracts; subject to acceptance and current inventory; no checkout performed"", ""delivered_cost_eur"": null, ""substitutes_qualified"": [], ""qualification_gaps"": [""Loss/leakage/temperature/excess-noise or production population not fully validated""], ""evidence_limit"": ""Older German stock/price; frequency/temperature ESR, leakage, reversal and startup stress remain unqualified. No live stock inference.""}","{""exact_mpn"": ""EEU-FR1J470"", ""manufacturer"": ""Panasonic"", ""nominal_f"": 4.7e-05, ""tolerance_fraction"": 0.2, ""voltage_v"": 63, ""technology"": ""Polar aluminum electrolytic FR-A"", ""package"": ""Radial 6.3mm diameter, 11.2mm body, 2.5mm pitch"", ""primary_url"": ""https://industrial.panasonic.com/ww/products/pt/aluminum-cap-lead/models/EEUFR1J470"", ""manufacturer_document"": ""https://industrial.panasonic.com/cdbs/www-data/pdf/RDF0000/ABA0000C1259.pdf"", ""datasheet_version"": ""01-Sep-25"", ""temperature_c"": [-40, 105], ""tan_delta_max_at_120hz_20c"": 0.09, ""leakage_max_a_at_63v_20c_after_2min"": 2.96e-05, ""supplier_url"": ""https://www.digikey.de/en/products/detail/panasonic-industry/EEU-FR1J470/3072280"", ""supplier"": ""DigiKey Germany"", ""manufacturer_lifecycle"": ""Current primary product listing; supplier Active observation"", ""stock_observed"": 65991, ""reported_crawl_age"": ""4 months"", ""live_stock"": null, ""direct_retrieval"": ""Failed internal error; preserved observation, no accepted quote"", ""moq_observed"": 1, ""order_multiple_observed"": 1, ""retail_pack_size_observed"": 1, ""factory_pack_not_ordered"": 5000, ""actual_dispatch_lead_time"": null, ""manufacturer_lead_time"": null, ""private_germany_route"": ""Parent seller_contracts/digikey public consumer EUR terms; subject to acceptance, no checkout/contact"", ""unit_price_net_eur_scenario"": 0.4, ""vat_fraction_scenario"": 0.19, ""unit_price_gross_eur_scenario"": 0.476, ""price_tax_basis"": ""Retain parent's net-price interpretation as scenario, not invoice confirmation"", ""shipping_eur_per_basket_scenario"": [25, 29.75], ""shipping_tax_basis"": ""Parent public EUR25 summary may be gross or net; neither accepted quote"", ""import_payment_fees_eur"": null, ""confirmed_delivered_eur"": null, ""substitutes_qualified"": []}"
candidate_0010,Coutn,EEU-FR1J470,1,4.7e-05,F,0.2,Polar aluminium electrolytic FR-A,Radial 6.3 x 12.7mm; 2.5mm pitch,"{""voltage_v"": 63, ""temperature_C"": 105, ""life_hours_at_105C"": 5000}",../../research/procurement/architecture_parts_2026-10-09.yaml#parts/EEU-FR1J470,2026-10-09,,"{""exact_mpn"": ""EEU-FR1J470"", ""nominal"": 4.7e-05, ""unit"": ""F"", ""tolerance_fraction"": 0.2, ""technology"": ""Polar aluminium electrolytic FR-A"", ""package"": ""Radial 6.3 x 12.7mm; 2.5mm pitch"", ""ratings"": {""voltage_v"": 63, ""temperature_C"": 105, ""life_hours_at_105C"": 5000}, ""manufacturer_document"": null, ""manufacturer_lifecycle"": ""Documented production series; exact current notices/orderability require refresh"", ""observation_date"": ""2026-10-09"", ""evidence_kind"": ""Indexed primary seller catalogue; reported crawl age retained; not live stock or accepted quote"", ""seller"": ""DigiKey Germany"", ""url"": ""https://www.digikey.de/de/products/detail/panasonic-electronic-components/EEU-FR1J470/3072280"", ""reported_crawl_age"": ""4 months"", ""stock_observed"": 68724, ""live_stock"": null, ""moq_observed"": 1, ""order_multiple_observed"": 1, ""retail_pack_size_observed"": 1, ""factory_pack"": null, ""packaging"": ""Cut tape / bulk individual; no optional reeling"", ""manufacturer_lead_time_weeks_observed"": 31, ""actual_dispatch_lead_time"": null, ""unit_price_net_eur_observed"": 0.4, ""unit_price_gross_eur_scenario"": 0.476, ""private_germany_route"": ""See seller_contracts; subject to acceptance and current inventory; no checkout performed"", ""delivered_cost_eur"": null, ""substitutes_qualified"": [], ""qualification_gaps"": [""Loss/leakage/temperature/excess-noise or production population not fully validated""], ""evidence_limit"": ""Older German stock/price; frequency/temperature ESR, leakage, reversal and startup stress remain unqualified. No live stock inference.""}","{""exact_mpn"": ""EEU-FR1J470"", ""manufacturer"": ""Panasonic"", ""nominal_f"": 4.7e-05, ""tolerance_fraction"": 0.2, ""voltage_v"": 63, ""technology"": ""Polar aluminum electrolytic FR-A"", ""package"": ""Radial 6.3mm diameter, 11.2mm body, 2.5mm pitch"", ""primary_url"": ""https://industrial.panasonic.com/ww/products/pt/aluminum-cap-lead/models/EEUFR1J470"", ""manufacturer_document"": ""https://industrial.panasonic.com/cdbs/www-data/pdf/RDF0000/ABA0000C1259.pdf"", ""datasheet_version"": ""01-Sep-25"", ""temperature_c"": [-40, 105], ""tan_delta_max_at_120hz_20c"": 0.09, ""leakage_max_a_at_63v_20c_after_2min"": 2.96e-05, ""supplier_url"": ""https://www.digikey.de/en/products/detail/panasonic-industry/EEU-FR1J470/3072280"", ""supplier"": ""DigiKey Germany"", ""manufacturer_lifecycle"": ""Current primary product listing; supplier Active observation"", ""stock_observed"": 65991, ""reported_crawl_age"": ""4 months"", ""live_stock"": null, ""direct_retrieval"": ""Failed internal error; preserved observation, no accepted quote"", ""moq_observed"": 1, ""order_multiple_observed"": 1, ""retail_pack_size_observed"": 1, ""factory_pack_not_ordered"": 5000, ""actual_dispatch_lead_time"": null, ""manufacturer_lead_time"": null, ""private_germany_route"": ""Parent seller_contracts/digikey public consumer EUR terms; subject to acceptance, no checkout/contact"", ""unit_price_net_eur_scenario"": 0.4, ""vat_fraction_scenario"": 0.19, ""unit_price_gross_eur_scenario"": 0.476, ""price_tax_basis"": ""Retain parent's net-price interpretation as scenario, not invoice confirmation"", ""shipping_eur_per_basket_scenario"": [25, 29.75], ""shipping_tax_basis"": ""Parent public EUR25 summary may be gross or net; neither accepted quote"", ""import_payment_fees_eur"": null, ""confirmed_delivered_eur"": null, ""substitutes_qualified"": []}"
candidate_0010,Qoutp,"BC846B,215",1,BC846B,device,,NPN bipolar,SOT-23,"{""vceo_v"": 65, ""ic_a"": 0.1, ""note"": ""Package power/SOA and maximum temperature require mounting-specific evaluation""}","../../research/procurement/architecture_parts_2026-10-09.yaml#parts/BC846B,215",2026-10-09,https://assets.nexperia.com/documents/data-sheet/BC846_SER.pdf,"{""exact_mpn"": ""BC846B,215"", ""nominal"": ""BC846B"", ""unit"": ""device"", ""tolerance_fraction"": null, ""technology"": ""NPN bipolar"", ""package"": ""SOT-23"", ""ratings"": {""vceo_v"": 65, ""ic_a"": 0.1, ""note"": ""Package power/SOA and maximum temperature require mounting-specific evaluation""}, ""manufacturer_document"": ""https://assets.nexperia.com/documents/data-sheet/BC846_SER.pdf"", ""manufacturer_lifecycle"": ""Documented production series; exact current notices/orderability require refresh"", ""observation_date"": ""2026-10-09"", ""evidence_kind"": ""Indexed primary seller catalogue; reported crawl age retained; not live stock or accepted quote"", ""seller"": ""TME Germany"", ""url"": ""https://www.tme.eu/de/details/bc846b.215/npn-smd-transistoren/nexperia/bc846b-215/"", ""reported_crawl_age"": ""product2 months; group1 week"", ""stock_observed"": 178360, ""live_stock"": null, ""moq_observed"": 1, ""order_multiple_observed"": 1, ""retail_pack_size_observed"": 1, ""factory_pack"": 3000, ""packaging"": ""Cut tape / bulk individual; no optional reeling"", ""manufacturer_lead_time_weeks_observed"": null, ""actual_dispatch_lead_time"": null, ""unit_price_net_eur_observed"": 0.08, ""unit_price_gross_eur_scenario"": 0.0952, ""private_germany_route"": ""See seller_contracts; subject to acceptance and current inventory; no checkout performed"", ""delivered_cost_eur"": null, ""substitutes_qualified"": [], ""qualification_gaps"": [""Loss/leakage/temperature/excess-noise or production population not fully validated""], ""price_and_inventory_limit"": ""TME product/group conflict; net EUR0.08\u20130.09, gross rounded0.09\u20130.11; calculation0.08 is a labelled lower observed-price scenario, not invoice price""}",
candidate_0010,Qinvert,"BC846B,215",1,BC846B,device,,NPN bipolar,SOT-23,"{""vceo_v"": 65, ""ic_a"": 0.1, ""note"": ""Package power/SOA and maximum temperature require mounting-specific evaluation""}","../../research/procurement/architecture_parts_2026-10-09.yaml#parts/BC846B,215",2026-10-09,https://assets.nexperia.com/documents/data-sheet/BC846_SER.pdf,"{""exact_mpn"": ""BC846B,215"", ""nominal"": ""BC846B"", ""unit"": ""device"", ""tolerance_fraction"": null, ""technology"": ""NPN bipolar"", ""package"": ""SOT-23"", ""ratings"": {""vceo_v"": 65, ""ic_a"": 0.1, ""note"": ""Package power/SOA and maximum temperature require mounting-specific evaluation""}, ""manufacturer_document"": ""https://assets.nexperia.com/documents/data-sheet/BC846_SER.pdf"", ""manufacturer_lifecycle"": ""Documented production series; exact current notices/orderability require refresh"", ""observation_date"": ""2026-10-09"", ""evidence_kind"": ""Indexed primary seller catalogue; reported crawl age retained; not live stock or accepted quote"", ""seller"": ""TME Germany"", ""url"": ""https://www.tme.eu/de/details/bc846b.215/npn-smd-transistoren/nexperia/bc846b-215/"", ""reported_crawl_age"": ""product2 months; group1 week"", ""stock_observed"": 178360, ""live_stock"": null, ""moq_observed"": 1, ""order_multiple_observed"": 1, ""retail_pack_size_observed"": 1, ""factory_pack"": 3000, ""packaging"": ""Cut tape / bulk individual; no optional reeling"", ""manufacturer_lead_time_weeks_observed"": null, ""actual_dispatch_lead_time"": null, ""unit_price_net_eur_observed"": 0.08, ""unit_price_gross_eur_scenario"": 0.0952, ""private_germany_route"": ""See seller_contracts; subject to acceptance and current inventory; no checkout performed"", ""delivered_cost_eur"": null, ""substitutes_qualified"": [], ""qualification_gaps"": [""Loss/leakage/temperature/excess-noise or production population not fully validated""], ""price_and_inventory_limit"": ""TME product/group conflict; net EUR0.08\u20130.09, gross rounded0.09\u20130.11; calculation0.08 is a labelled lower observed-price scenario, not invoice price""}",
candidate_0010,Rinvemitter,AC0603FR-0710KL,1,10000,ohm,0.01,Thick film,0603 / 1608,"{""power_w_at_70C"": 0.1, ""working_voltage_v"": 75, ""tcr_ppm_per_C"": 100}",../../research/procurement/architecture_parts_2026-10-09.yaml#parts/AC0603FR-0710KL,2026-10-09,https://yageogroup.com/component-documentation/download/specsheet/AC0603FR-0710KL,"{""exact_mpn"": ""AC0603FR-0710KL"", ""nominal"": 10000, ""unit"": ""ohm"", ""tolerance_fraction"": 0.01, ""technology"": ""Thick film"", ""package"": ""0603 / 1608"", ""ratings"": {""power_w_at_70C"": 0.1, ""working_voltage_v"": 75, ""tcr_ppm_per_C"": 100}, ""manufacturer_document"": ""https://yageogroup.com/component-documentation/download/specsheet/AC0603FR-0710KL"", ""manufacturer_lifecycle"": ""Documented production series; exact current notices/orderability require refresh"", ""observation_date"": ""2026-10-09"", ""evidence_kind"": ""Indexed primary seller catalogue; reported crawl age retained; not live stock or accepted quote"", ""seller"": ""DigiKey Germany"", ""url"": ""https://www.digikey.de/de/products/detail/yageo/AC0603FR-0710KL/2828135"", ""reported_crawl_age"": ""last week"", ""stock_observed"": 1303493, ""live_stock"": null, ""moq_observed"": 1, ""order_multiple_observed"": 1, ""retail_pack_size_observed"": 1, ""factory_pack"": 5000, ""packaging"": ""Cut tape / bulk individual; no optional reeling"", ""manufacturer_lead_time_weeks_observed"": 22, ""actual_dispatch_lead_time"": null, ""unit_price_net_eur_observed"": 0.09, ""unit_price_gross_eur_scenario"": 0.1071, ""private_germany_route"": ""See seller_contracts; subject to acceptance and current inventory; no checkout performed"", ""delivered_cost_eur"": null, ""substitutes_qualified"": [], ""qualification_gaps"": [""Loss/leakage/temperature/excess-noise or production population not fully validated""], ""conflicting_observation"": ""Other catalogue alias shows backorder; exact current shared inventory unconfirmed""}",
candidate_0010,Rinvcollector,AC0603FR-0710KL,1,10000,ohm,0.01,Thick film,0603 / 1608,"{""power_w_at_70C"": 0.1, ""working_voltage_v"": 75, ""tcr_ppm_per_C"": 100}",../../research/procurement/architecture_parts_2026-10-09.yaml#parts/AC0603FR-0710KL,2026-10-09,https://yageogroup.com/component-documentation/download/specsheet/AC0603FR-0710KL,"{""exact_mpn"": ""AC0603FR-0710KL"", ""nominal"": 10000, ""unit"": ""ohm"", ""tolerance_fraction"": 0.01, ""technology"": ""Thick film"", ""package"": ""0603 / 1608"", ""ratings"": {""power_w_at_70C"": 0.1, ""working_voltage_v"": 75, ""tcr_ppm_per_C"": 100}, ""manufacturer_document"": ""https://yageogroup.com/component-documentation/download/specsheet/AC0603FR-0710KL"", ""manufacturer_lifecycle"": ""Documented production series; exact current notices/orderability require refresh"", ""observation_date"": ""2026-10-09"", ""evidence_kind"": ""Indexed primary seller catalogue; reported crawl age retained; not live stock or accepted quote"", ""seller"": ""DigiKey Germany"", ""url"": ""https://www.digikey.de/de/products/detail/yageo/AC0603FR-0710KL/2828135"", ""reported_crawl_age"": ""last week"", ""stock_observed"": 1303493, ""live_stock"": null, ""moq_observed"": 1, ""order_multiple_observed"": 1, ""retail_pack_size_observed"": 1, ""factory_pack"": 5000, ""packaging"": ""Cut tape / bulk individual; no optional reeling"", ""manufacturer_lead_time_weeks_observed"": 22, ""actual_dispatch_lead_time"": null, ""unit_price_net_eur_observed"": 0.09, ""unit_price_gross_eur_scenario"": 0.1071, ""private_germany_route"": ""See seller_contracts; subject to acceptance and current inventory; no checkout performed"", ""delivered_cost_eur"": null, ""substitutes_qualified"": [], ""qualification_gaps"": [""Loss/leakage/temperature/excess-noise or production population not fully validated""], ""conflicting_observation"": ""Other catalogue alias shows backorder; exact current shared inventory unconfirmed""}",
candidate_0010,Qoutn,"BC846B,215",1,BC846B,device,,NPN bipolar,SOT-23,"{""vceo_v"": 65, ""ic_a"": 0.1, ""note"": ""Package power/SOA and maximum temperature require mounting-specific evaluation""}","../../research/procurement/architecture_parts_2026-10-09.yaml#parts/BC846B,215",2026-10-09,https://assets.nexperia.com/documents/data-sheet/BC846_SER.pdf,"{""exact_mpn"": ""BC846B,215"", ""nominal"": ""BC846B"", ""unit"": ""device"", ""tolerance_fraction"": null, ""technology"": ""NPN bipolar"", ""package"": ""SOT-23"", ""ratings"": {""vceo_v"": 65, ""ic_a"": 0.1, ""note"": ""Package power/SOA and maximum temperature require mounting-specific evaluation""}, ""manufacturer_document"": ""https://assets.nexperia.com/documents/data-sheet/BC846_SER.pdf"", ""manufacturer_lifecycle"": ""Documented production series; exact current notices/orderability require refresh"", ""observation_date"": ""2026-10-09"", ""evidence_kind"": ""Indexed primary seller catalogue; reported crawl age retained; not live stock or accepted quote"", ""seller"": ""TME Germany"", ""url"": ""https://www.tme.eu/de/details/bc846b.215/npn-smd-transistoren/nexperia/bc846b-215/"", ""reported_crawl_age"": ""product2 months; group1 week"", ""stock_observed"": 178360, ""live_stock"": null, ""moq_observed"": 1, ""order_multiple_observed"": 1, ""retail_pack_size_observed"": 1, ""factory_pack"": 3000, ""packaging"": ""Cut tape / bulk individual; no optional reeling"", ""manufacturer_lead_time_weeks_observed"": null, ""actual_dispatch_lead_time"": null, ""unit_price_net_eur_observed"": 0.08, ""unit_price_gross_eur_scenario"": 0.0952, ""private_germany_route"": ""See seller_contracts; subject to acceptance and current inventory; no checkout performed"", ""delivered_cost_eur"": null, ""substitutes_qualified"": [], ""qualification_gaps"": [""Loss/leakage/temperature/excess-noise or production population not fully validated""], ""price_and_inventory_limit"": ""TME product/group conflict; net EUR0.08\u20130.09, gross rounded0.09\u20130.11; calculation0.08 is a labelled lower observed-price scenario, not invoice price""}",
candidate_0010,Routloadp,AC0603FR-0710KL,1,10000,ohm,0.01,Thick film,0603 / 1608,"{""power_w_at_70C"": 0.1, ""working_voltage_v"": 75, ""tcr_ppm_per_C"": 100}",../../research/procurement/architecture_parts_2026-10-09.yaml#parts/AC0603FR-0710KL,2026-10-09,https://yageogroup.com/component-documentation/download/specsheet/AC0603FR-0710KL,"{""exact_mpn"": ""AC0603FR-0710KL"", ""nominal"": 10000, ""unit"": ""ohm"", ""tolerance_fraction"": 0.01, ""technology"": ""Thick film"", ""package"": ""0603 / 1608"", ""ratings"": {""power_w_at_70C"": 0.1, ""working_voltage_v"": 75, ""tcr_ppm_per_C"": 100}, ""manufacturer_document"": ""https://yageogroup.com/component-documentation/download/specsheet/AC0603FR-0710KL"", ""manufacturer_lifecycle"": ""Documented production series; exact current notices/orderability require refresh"", ""observation_date"": ""2026-10-09"", ""evidence_kind"": ""Indexed primary seller catalogue; reported crawl age retained; not live stock or accepted quote"", ""seller"": ""DigiKey Germany"", ""url"": ""https://www.digikey.de/de/products/detail/yageo/AC0603FR-0710KL/2828135"", ""reported_crawl_age"": ""last week"", ""stock_observed"": 1303493, ""live_stock"": null, ""moq_observed"": 1, ""order_multiple_observed"": 1, ""retail_pack_size_observed"": 1, ""factory_pack"": 5000, ""packaging"": ""Cut tape / bulk individual; no optional reeling"", ""manufacturer_lead_time_weeks_observed"": 22, ""actual_dispatch_lead_time"": null, ""unit_price_net_eur_observed"": 0.09, ""unit_price_gross_eur_scenario"": 0.1071, ""private_germany_route"": ""See seller_contracts; subject to acceptance and current inventory; no checkout performed"", ""delivered_cost_eur"": null, ""substitutes_qualified"": [], ""qualification_gaps"": [""Loss/leakage/temperature/excess-noise or production population not fully validated""], ""conflicting_observation"": ""Other catalogue alias shows backorder; exact current shared inventory unconfirmed""}",
candidate_0010,Routloadn,AC0603FR-0710KL,1,10000,ohm,0.01,Thick film,0603 / 1608,"{""power_w_at_70C"": 0.1, ""working_voltage_v"": 75, ""tcr_ppm_per_C"": 100}",../../research/procurement/architecture_parts_2026-10-09.yaml#parts/AC0603FR-0710KL,2026-10-09,https://yageogroup.com/component-documentation/download/specsheet/AC0603FR-0710KL,"{""exact_mpn"": ""AC0603FR-0710KL"", ""nominal"": 10000, ""unit"": ""ohm"", ""tolerance_fraction"": 0.01, ""technology"": ""Thick film"", ""package"": ""0603 / 1608"", ""ratings"": {""power_w_at_70C"": 0.1, ""working_voltage_v"": 75, ""tcr_ppm_per_C"": 100}, ""manufacturer_document"": ""https://yageogroup.com/component-documentation/download/specsheet/AC0603FR-0710KL"", ""manufacturer_lifecycle"": ""Documented production series; exact current notices/orderability require refresh"", ""observation_date"": ""2026-10-09"", ""evidence_kind"": ""Indexed primary seller catalogue; reported crawl age retained; not live stock or accepted quote"", ""seller"": ""DigiKey Germany"", ""url"": ""https://www.digikey.de/de/products/detail/yageo/AC0603FR-0710KL/2828135"", ""reported_crawl_age"": ""last week"", ""stock_observed"": 1303493, ""live_stock"": null, ""moq_observed"": 1, ""order_multiple_observed"": 1, ""retail_pack_size_observed"": 1, ""factory_pack"": 5000, ""packaging"": ""Cut tape / bulk individual; no optional reeling"", ""manufacturer_lead_time_weeks_observed"": 22, ""actual_dispatch_lead_time"": null, ""unit_price_net_eur_observed"": 0.09, ""unit_price_gross_eur_scenario"": 0.1071, ""private_germany_route"": ""See seller_contracts; subject to acceptance and current inventory; no checkout performed"", ""delivered_cost_eur"": null, ""substitutes_qualified"": [], ""qualification_gaps"": [""Loss/leakage/temperature/excess-noise or production population not fully validated""], ""conflicting_observation"": ""Other catalogue alias shows backorder; exact current shared inventory unconfirmed""}",
candidate_0014,Rharvestp,RC0603FR-072K2L,1,2200,ohm,0.01,Thick film,0603 / 1608,"{""power_w_at_70C"": 0.1, ""working_voltage_v"": 75, ""tcr_ppm_per_C"": 100}",../../research/procurement/architecture_parts_2026-10-09.yaml#parts/RC0603FR-072K2L,2026-10-09,https://yageogroup.com/component-documentation/download/specsheet/RC0603FR-072K2L,"{""exact_mpn"": ""RC0603FR-072K2L"", ""nominal"": 2200, ""unit"": ""ohm"", ""tolerance_fraction"": 0.01, ""technology"": ""Thick film"", ""package"": ""0603 / 1608"", ""ratings"": {""power_w_at_70C"": 0.1, ""working_voltage_v"": 75, ""tcr_ppm_per_C"": 100}, ""manufacturer_document"": ""https://yageogroup.com/component-documentation/download/specsheet/RC0603FR-072K2L"", ""manufacturer_lifecycle"": ""Documented production series; exact current notices/orderability require refresh"", ""observation_date"": ""2026-10-09"", ""evidence_kind"": ""Indexed primary seller catalogue; reported crawl age retained; not live stock or accepted quote"", ""seller"": ""DigiKey Germany"", ""url"": ""https://www.digikey.de/de/products/detail/yageo/RC0603FR-072K2L/727016"", ""reported_crawl_age"": ""last week"", ""stock_observed"": 159712, ""live_stock"": null, ""moq_observed"": 1, ""order_multiple_observed"": 1, ""retail_pack_size_observed"": 1, ""factory_pack"": 5000, ""packaging"": ""Cut tape / bulk individual; no optional reeling"", ""manufacturer_lead_time_weeks_observed"": 22, ""actual_dispatch_lead_time"": null, ""unit_price_net_eur_observed"": 0.09, ""unit_price_gross_eur_scenario"": 0.1071, ""private_germany_route"": ""See seller_contracts; subject to acceptance and current inventory; no checkout performed"", ""delivered_cost_eur"": null, ""substitutes_qualified"": [], ""qualification_gaps"": [""Loss/leakage/temperature/excess-noise or production population not fully validated""]}",
candidate_0014,Rharvestn,RC0603FR-072K2L,1,2200,ohm,0.01,Thick film,0603 / 1608,"{""power_w_at_70C"": 0.1, ""working_voltage_v"": 75, ""tcr_ppm_per_C"": 100}",../../research/procurement/architecture_parts_2026-10-09.yaml#parts/RC0603FR-072K2L,2026-10-09,https://yageogroup.com/component-documentation/download/specsheet/RC0603FR-072K2L,"{""exact_mpn"": ""RC0603FR-072K2L"", ""nominal"": 2200, ""unit"": ""ohm"", ""tolerance_fraction"": 0.01, ""technology"": ""Thick film"", ""package"": ""0603 / 1608"", ""ratings"": {""power_w_at_70C"": 0.1, ""working_voltage_v"": 75, ""tcr_ppm_per_C"": 100}, ""manufacturer_document"": ""https://yageogroup.com/component-documentation/download/specsheet/RC0603FR-072K2L"", ""manufacturer_lifecycle"": ""Documented production series; exact current notices/orderability require refresh"", ""observation_date"": ""2026-10-09"", ""evidence_kind"": ""Indexed primary seller catalogue; reported crawl age retained; not live stock or accepted quote"", ""seller"": ""DigiKey Germany"", ""url"": ""https://www.digikey.de/de/products/detail/yageo/RC0603FR-072K2L/727016"", ""reported_crawl_age"": ""last week"", ""stock_observed"": 159712, ""live_stock"": null, ""moq_observed"": 1, ""order_multiple_observed"": 1, ""retail_pack_size_observed"": 1, ""factory_pack"": 5000, ""packaging"": ""Cut tape / bulk individual; no optional reeling"", ""manufacturer_lead_time_weeks_observed"": 22, ""actual_dispatch_lead_time"": null, ""unit_price_net_eur_observed"": 0.09, ""unit_price_gross_eur_scenario"": 0.1071, ""private_germany_route"": ""See seller_contracts; subject to acceptance and current inventory; no checkout performed"", ""delivered_cost_eur"": null, ""substitutes_qualified"": [], ""qualification_gaps"": [""Loss/leakage/temperature/excess-noise or production population not fully validated""]}",
candidate_0014,Craw,EEU-FR1J470,1,4.7e-05,F,0.2,Polar aluminium electrolytic FR-A,Radial 6.3 x 12.7mm; 2.5mm pitch,"{""voltage_v"": 63, ""temperature_C"": 105, ""life_hours_at_105C"": 5000}",../../research/procurement/architecture_parts_2026-10-09.yaml#parts/EEU-FR1J470,2026-10-09,,"{""exact_mpn"": ""EEU-FR1J470"", ""nominal"": 4.7e-05, ""unit"": ""F"", ""tolerance_fraction"": 0.2, ""technology"": ""Polar aluminium electrolytic FR-A"", ""package"": ""Radial 6.3 x 12.7mm; 2.5mm pitch"", ""ratings"": {""voltage_v"": 63, ""temperature_C"": 105, ""life_hours_at_105C"": 5000}, ""manufacturer_document"": null, ""manufacturer_lifecycle"": ""Documented production series; exact current notices/orderability require refresh"", ""observation_date"": ""2026-10-09"", ""evidence_kind"": ""Indexed primary seller catalogue; reported crawl age retained; not live stock or accepted quote"", ""seller"": ""DigiKey Germany"", ""url"": ""https://www.digikey.de/de/products/detail/panasonic-electronic-components/EEU-FR1J470/3072280"", ""reported_crawl_age"": ""4 months"", ""stock_observed"": 68724, ""live_stock"": null, ""moq_observed"": 1, ""order_multiple_observed"": 1, ""retail_pack_size_observed"": 1, ""factory_pack"": null, ""packaging"": ""Cut tape / bulk individual; no optional reeling"", ""manufacturer_lead_time_weeks_observed"": 31, ""actual_dispatch_lead_time"": null, ""unit_price_net_eur_observed"": 0.4, ""unit_price_gross_eur_scenario"": 0.476, ""private_germany_route"": ""See seller_contracts; subject to acceptance and current inventory; no checkout performed"", ""delivered_cost_eur"": null, ""substitutes_qualified"": [], ""qualification_gaps"": [""Loss/leakage/temperature/excess-noise or production population not fully validated""], ""evidence_limit"": ""Older German stock/price; frequency/temperature ESR, leakage, reversal and startup stress remain unqualified. No live stock inference.""}","{""exact_mpn"": ""EEU-FR1J470"", ""manufacturer"": ""Panasonic"", ""nominal_f"": 4.7e-05, ""tolerance_fraction"": 0.2, ""voltage_v"": 63, ""technology"": ""Polar aluminum electrolytic FR-A"", ""package"": ""Radial 6.3mm diameter, 11.2mm body, 2.5mm pitch"", ""primary_url"": ""https://industrial.panasonic.com/ww/products/pt/aluminum-cap-lead/models/EEUFR1J470"", ""manufacturer_document"": ""https://industrial.panasonic.com/cdbs/www-data/pdf/RDF0000/ABA0000C1259.pdf"", ""datasheet_version"": ""01-Sep-25"", ""temperature_c"": [-40, 105], ""tan_delta_max_at_120hz_20c"": 0.09, ""leakage_max_a_at_63v_20c_after_2min"": 2.96e-05, ""supplier_url"": ""https://www.digikey.de/en/products/detail/panasonic-industry/EEU-FR1J470/3072280"", ""supplier"": ""DigiKey Germany"", ""manufacturer_lifecycle"": ""Current primary product listing; supplier Active observation"", ""stock_observed"": 65991, ""reported_crawl_age"": ""4 months"", ""live_stock"": null, ""direct_retrieval"": ""Failed internal error; preserved observation, no accepted quote"", ""moq_observed"": 1, ""order_multiple_observed"": 1, ""retail_pack_size_observed"": 1, ""factory_pack_not_ordered"": 5000, ""actual_dispatch_lead_time"": null, ""manufacturer_lead_time"": null, ""private_germany_route"": ""Parent seller_contracts/digikey public consumer EUR terms; subject to acceptance, no checkout/contact"", ""unit_price_net_eur_scenario"": 0.4, ""vat_fraction_scenario"": 0.19, ""unit_price_gross_eur_scenario"": 0.476, ""price_tax_basis"": ""Retain parent's net-price interpretation as scenario, not invoice confirmation"", ""shipping_eur_per_basket_scenario"": [25, 29.75], ""shipping_tax_basis"": ""Parent public EUR25 summary may be gross or net; neither accepted quote"", ""import_payment_fees_eur"": null, ""confirmed_delivered_eur"": null, ""substitutes_qualified"": []}"
candidate_0014,Rregtop,RC0603FR-07100KL,1,100000,ohm,0.01,Thick film,0603 / 1608,"{""power_w_at_70C"": 0.1, ""working_voltage_v"": 75, ""tcr_ppm_per_C"": 100}",../../research/procurement/architecture_parts_2026-10-09.yaml#parts/RC0603FR-07100KL,2026-10-09,https://yageogroup.com/component-documentation/download/specsheet/RC0603FR-07100KL,"{""exact_mpn"": ""RC0603FR-07100KL"", ""nominal"": 100000, ""unit"": ""ohm"", ""tolerance_fraction"": 0.01, ""technology"": ""Thick film"", ""package"": ""0603 / 1608"", ""ratings"": {""power_w_at_70C"": 0.1, ""working_voltage_v"": 75, ""tcr_ppm_per_C"": 100}, ""manufacturer_document"": ""https://yageogroup.com/component-documentation/download/specsheet/RC0603FR-07100KL"", ""manufacturer_lifecycle"": ""Documented production series; exact current notices/orderability require refresh"", ""observation_date"": ""2026-10-09"", ""evidence_kind"": ""Indexed primary seller catalogue; reported crawl age retained; not live stock or accepted quote"", ""seller"": ""DigiKey Germany"", ""url"": ""https://www.digikey.de/de/products/detail/yageo/RC0603FR-07100KL/726889"", ""reported_crawl_age"": ""3 days"", ""stock_observed"": 548272, ""live_stock"": null, ""moq_observed"": 1, ""order_multiple_observed"": 1, ""retail_pack_size_observed"": 1, ""factory_pack"": 5000, ""packaging"": ""Cut tape / bulk individual; no optional reeling"", ""manufacturer_lead_time_weeks_observed"": null, ""actual_dispatch_lead_time"": null, ""unit_price_net_eur_observed"": 0.09, ""unit_price_gross_eur_scenario"": 0.1071, ""private_germany_route"": ""See seller_contracts; subject to acceptance and current inventory; no checkout performed"", ""delivered_cost_eur"": null, ""substitutes_qualified"": [], ""qualification_gaps"": [""Loss/leakage/temperature/excess-noise or production population not fully validated""]}",
candidate_0014,Rregbottom,RC0603FR-07100KL,1,100000,ohm,0.01,Thick film,0603 / 1608,"{""power_w_at_70C"": 0.1, ""working_voltage_v"": 75, ""tcr_ppm_per_C"": 100}",../../research/procurement/architecture_parts_2026-10-09.yaml#parts/RC0603FR-07100KL,2026-10-09,https://yageogroup.com/component-documentation/download/specsheet/RC0603FR-07100KL,"{""exact_mpn"": ""RC0603FR-07100KL"", ""nominal"": 100000, ""unit"": ""ohm"", ""tolerance_fraction"": 0.01, ""technology"": ""Thick film"", ""package"": ""0603 / 1608"", ""ratings"": {""power_w_at_70C"": 0.1, ""working_voltage_v"": 75, ""tcr_ppm_per_C"": 100}, ""manufacturer_document"": ""https://yageogroup.com/component-documentation/download/specsheet/RC0603FR-07100KL"", ""manufacturer_lifecycle"": ""Documented production series; exact current notices/orderability require refresh"", ""observation_date"": ""2026-10-09"", ""evidence_kind"": ""Indexed primary seller catalogue; reported crawl age retained; not live stock or accepted quote"", ""seller"": ""DigiKey Germany"", ""url"": ""https://www.digikey.de/de/products/detail/yageo/RC0603FR-07100KL/726889"", ""reported_crawl_age"": ""3 days"", ""stock_observed"": 548272, ""live_stock"": null, ""moq_observed"": 1, ""order_multiple_observed"": 1, ""retail_pack_size_observed"": 1, ""factory_pack"": 5000, ""packaging"": ""Cut tape / bulk individual; no optional reeling"", ""manufacturer_lead_time_weeks_observed"": null, ""actual_dispatch_lead_time"": null, ""unit_price_net_eur_observed"": 0.09, ""unit_price_gross_eur_scenario"": 0.1071, ""private_germany_route"": ""See seller_contracts; subject to acceptance and current inventory; no checkout performed"", ""delivered_cost_eur"": null, ""substitutes_qualified"": [], ""qualification_gaps"": [""Loss/leakage/temperature/excess-noise or production population not fully validated""]}",
candidate_0014,Cregbase,R82EC4100DQ70J,1,1e-06,F,0.05,Metallized PET film R82,Radial 7.2 x 6 x 11.1mm; 5mm pitch,"{""voltage_dc_v"": 100, ""voltage_ac_v"": 63}",../../research/procurement/architecture_parts_2026-10-09.yaml#parts/R82EC4100DQ70J,2026-10-09,https://www.digikey.com/htmldatasheets/production/3447437/0/0/1/r82dc3680dq60j.pdf,"{""exact_mpn"": ""R82EC4100DQ70J"", ""nominal"": 1e-06, ""unit"": ""F"", ""tolerance_fraction"": 0.05, ""technology"": ""Metallized PET film R82"", ""package"": ""Radial 7.2 x 6 x 11.1mm; 5mm pitch"", ""ratings"": {""voltage_dc_v"": 100, ""voltage_ac_v"": 63}, ""manufacturer_document"": ""https://www.digikey.com/htmldatasheets/production/3447437/0/0/1/r82dc3680dq60j.pdf"", ""manufacturer_lifecycle"": ""Documented production series; exact current notices/orderability require refresh"", ""observation_date"": ""2026-10-09"", ""evidence_kind"": ""Indexed primary seller catalogue; reported crawl age retained; not live stock or accepted quote"", ""seller"": ""DigiKey Germany"", ""url"": ""https://www.digikey.de/de/products/detail/kemet/R82EC4100DQ70J/1930809"", ""reported_crawl_age"": ""3 weeks"", ""stock_observed"": 314884, ""live_stock"": null, ""moq_observed"": 1, ""order_multiple_observed"": 1, ""retail_pack_size_observed"": 1, ""factory_pack"": 1400, ""packaging"": ""Cut tape / bulk individual; no optional reeling"", ""manufacturer_lead_time_weeks_observed"": 26, ""actual_dispatch_lead_time"": null, ""unit_price_net_eur_observed"": 0.78, ""unit_price_gross_eur_scenario"": 0.9282, ""private_germany_route"": ""See seller_contracts; subject to acceptance and current inventory; no checkout performed"", ""delivered_cost_eur"": null, ""substitutes_qualified"": [], ""qualification_gaps"": [""Loss/leakage/temperature/excess-noise or production population not fully validated""]}",
candidate_0014,Qreg,"BC846B,215",1,BC846B,device,,NPN bipolar,SOT-23,"{""vceo_v"": 65, ""ic_a"": 0.1, ""note"": ""Package power/SOA and maximum temperature require mounting-specific evaluation""}","../../research/procurement/architecture_parts_2026-10-09.yaml#parts/BC846B,215",2026-10-09,https://assets.nexperia.com/documents/data-sheet/BC846_SER.pdf,"{""exact_mpn"": ""BC846B,215"", ""nominal"": ""BC846B"", ""unit"": ""device"", ""tolerance_fraction"": null, ""technology"": ""NPN bipolar"", ""package"": ""SOT-23"", ""ratings"": {""vceo_v"": 65, ""ic_a"": 0.1, ""note"": ""Package power/SOA and maximum temperature require mounting-specific evaluation""}, ""manufacturer_document"": ""https://assets.nexperia.com/documents/data-sheet/BC846_SER.pdf"", ""manufacturer_lifecycle"": ""Documented production series; exact current notices/orderability require refresh"", ""observation_date"": ""2026-10-09"", ""evidence_kind"": ""Indexed primary seller catalogue; reported crawl age retained; not live stock or accepted quote"", ""seller"": ""TME Germany"", ""url"": ""https://www.tme.eu/de/details/bc846b.215/npn-smd-transistoren/nexperia/bc846b-215/"", ""reported_crawl_age"": ""product2 months; group1 week"", ""stock_observed"": 178360, ""live_stock"": null, ""moq_observed"": 1, ""order_multiple_observed"": 1, ""retail_pack_size_observed"": 1, ""factory_pack"": 3000, ""packaging"": ""Cut tape / bulk individual; no optional reeling"", ""manufacturer_lead_time_weeks_observed"": null, ""actual_dispatch_lead_time"": null, ""unit_price_net_eur_observed"": 0.08, ""unit_price_gross_eur_scenario"": 0.0952, ""private_germany_route"": ""See seller_contracts; subject to acceptance and current inventory; no checkout performed"", ""delivered_cost_eur"": null, ""substitutes_qualified"": [], ""qualification_gaps"": [""Loss/leakage/temperature/excess-noise or production population not fully validated""], ""price_and_inventory_limit"": ""TME product/group conflict; net EUR0.08\u20130.09, gross rounded0.09\u20130.11; calculation0.08 is a labelled lower observed-price scenario, not invoice price""}",
candidate_0014,Crail,EEU-FR1J470,1,4.7e-05,F,0.2,Polar aluminium electrolytic FR-A,Radial 6.3 x 12.7mm; 2.5mm pitch,"{""voltage_v"": 63, ""temperature_C"": 105, ""life_hours_at_105C"": 5000}",../../research/procurement/architecture_parts_2026-10-09.yaml#parts/EEU-FR1J470,2026-10-09,,"{""exact_mpn"": ""EEU-FR1J470"", ""nominal"": 4.7e-05, ""unit"": ""F"", ""tolerance_fraction"": 0.2, ""technology"": ""Polar aluminium electrolytic FR-A"", ""package"": ""Radial 6.3 x 12.7mm; 2.5mm pitch"", ""ratings"": {""voltage_v"": 63, ""temperature_C"": 105, ""life_hours_at_105C"": 5000}, ""manufacturer_document"": null, ""manufacturer_lifecycle"": ""Documented production series; exact current notices/orderability require refresh"", ""observation_date"": ""2026-10-09"", ""evidence_kind"": ""Indexed primary seller catalogue; reported crawl age retained; not live stock or accepted quote"", ""seller"": ""DigiKey Germany"", ""url"": ""https://www.digikey.de/de/products/detail/panasonic-electronic-components/EEU-FR1J470/3072280"", ""reported_crawl_age"": ""4 months"", ""stock_observed"": 68724, ""live_stock"": null, ""moq_observed"": 1, ""order_multiple_observed"": 1, ""retail_pack_size_observed"": 1, ""factory_pack"": null, ""packaging"": ""Cut tape / bulk individual; no optional reeling"", ""manufacturer_lead_time_weeks_observed"": 31, ""actual_dispatch_lead_time"": null, ""unit_price_net_eur_observed"": 0.4, ""unit_price_gross_eur_scenario"": 0.476, ""private_germany_route"": ""See seller_contracts; subject to acceptance and current inventory; no checkout performed"", ""delivered_cost_eur"": null, ""substitutes_qualified"": [], ""qualification_gaps"": [""Loss/leakage/temperature/excess-noise or production population not fully validated""], ""evidence_limit"": ""Older German stock/price; frequency/temperature ESR, leakage, reversal and startup stress remain unqualified. No live stock inference.""}","{""exact_mpn"": ""EEU-FR1J470"", ""manufacturer"": ""Panasonic"", ""nominal_f"": 4.7e-05, ""tolerance_fraction"": 0.2, ""voltage_v"": 63, ""technology"": ""Polar aluminum electrolytic FR-A"", ""package"": ""Radial 6.3mm diameter, 11.2mm body, 2.5mm pitch"", ""primary_url"": ""https://industrial.panasonic.com/ww/products/pt/aluminum-cap-lead/models/EEUFR1J470"", ""manufacturer_document"": ""https://industrial.panasonic.com/cdbs/www-data/pdf/RDF0000/ABA0000C1259.pdf"", ""datasheet_version"": ""01-Sep-25"", ""temperature_c"": [-40, 105], ""tan_delta_max_at_120hz_20c"": 0.09, ""leakage_max_a_at_63v_20c_after_2min"": 2.96e-05, ""supplier_url"": ""https://www.digikey.de/en/products/detail/panasonic-industry/EEU-FR1J470/3072280"", ""supplier"": ""DigiKey Germany"", ""manufacturer_lifecycle"": ""Current primary product listing; supplier Active observation"", ""stock_observed"": 65991, ""reported_crawl_age"": ""4 months"", ""live_stock"": null, ""direct_retrieval"": ""Failed internal error; preserved observation, no accepted quote"", ""moq_observed"": 1, ""order_multiple_observed"": 1, ""retail_pack_size_observed"": 1, ""factory_pack_not_ordered"": 5000, ""actual_dispatch_lead_time"": null, ""manufacturer_lead_time"": null, ""private_germany_route"": ""Parent seller_contracts/digikey public consumer EUR terms; subject to acceptance, no checkout/contact"", ""unit_price_net_eur_scenario"": 0.4, ""vat_fraction_scenario"": 0.19, ""unit_price_gross_eur_scenario"": 0.476, ""price_tax_basis"": ""Retain parent's net-price interpretation as scenario, not invoice confirmation"", ""shipping_eur_per_basket_scenario"": [25, 29.75], ""shipping_tax_basis"": ""Parent public EUR25 summary may be gross or net; neither accepted quote"", ""import_payment_fees_eur"": null, ""confirmed_delivered_eur"": null, ""substitutes_qualified"": []}"
candidate_0014,Rmidtop,AC0603FR-0710KL,1,10000,ohm,0.01,Thick film,0603 / 1608,"{""power_w_at_70C"": 0.1, ""working_voltage_v"": 75, ""tcr_ppm_per_C"": 100}",../../research/procurement/architecture_parts_2026-10-09.yaml#parts/AC0603FR-0710KL,2026-10-09,https://yageogroup.com/component-documentation/download/specsheet/AC0603FR-0710KL,"{""exact_mpn"": ""AC0603FR-0710KL"", ""nominal"": 10000, ""unit"": ""ohm"", ""tolerance_fraction"": 0.01, ""technology"": ""Thick film"", ""package"": ""0603 / 1608"", ""ratings"": {""power_w_at_70C"": 0.1, ""working_voltage_v"": 75, ""tcr_ppm_per_C"": 100}, ""manufacturer_document"": ""https://yageogroup.com/component-documentation/download/specsheet/AC0603FR-0710KL"", ""manufacturer_lifecycle"": ""Documented production series; exact current notices/orderability require refresh"", ""observation_date"": ""2026-10-09"", ""evidence_kind"": ""Indexed primary seller catalogue; reported crawl age retained; not live stock or accepted quote"", ""seller"": ""DigiKey Germany"", ""url"": ""https://www.digikey.de/de/products/detail/yageo/AC0603FR-0710KL/2828135"", ""reported_crawl_age"": ""last week"", ""stock_observed"": 1303493, ""live_stock"": null, ""moq_observed"": 1, ""order_multiple_observed"": 1, ""retail_pack_size_observed"": 1, ""factory_pack"": 5000, ""packaging"": ""Cut tape / bulk individual; no optional reeling"", ""manufacturer_lead_time_weeks_observed"": 22, ""actual_dispatch_lead_time"": null, ""unit_price_net_eur_observed"": 0.09, ""unit_price_gross_eur_scenario"": 0.1071, ""private_germany_route"": ""See seller_contracts; subject to acceptance and current inventory; no checkout performed"", ""delivered_cost_eur"": null, ""substitutes_qualified"": [], ""qualification_gaps"": [""Loss/leakage/temperature/excess-noise or production population not fully validated""], ""conflicting_observation"": ""Other catalogue alias shows backorder; exact current shared inventory unconfirmed""}",
candidate_0014,Rmidbottom,AC0603FR-0710KL,1,10000,ohm,0.01,Thick film,0603 / 1608,"{""power_w_at_70C"": 0.1, ""working_voltage_v"": 75, ""tcr_ppm_per_C"": 100}",../../research/procurement/architecture_parts_2026-10-09.yaml#parts/AC0603FR-0710KL,2026-10-09,https://yageogroup.com/component-documentation/download/specsheet/AC0603FR-0710KL,"{""exact_mpn"": ""AC0603FR-0710KL"", ""nominal"": 10000, ""unit"": ""ohm"", ""tolerance_fraction"": 0.01, ""technology"": ""Thick film"", ""package"": ""0603 / 1608"", ""ratings"": {""power_w_at_70C"": 0.1, ""working_voltage_v"": 75, ""tcr_ppm_per_C"": 100}, ""manufacturer_document"": ""https://yageogroup.com/component-documentation/download/specsheet/AC0603FR-0710KL"", ""manufacturer_lifecycle"": ""Documented production series; exact current notices/orderability require refresh"", ""observation_date"": ""2026-10-09"", ""evidence_kind"": ""Indexed primary seller catalogue; reported crawl age retained; not live stock or accepted quote"", ""seller"": ""DigiKey Germany"", ""url"": ""https://www.digikey.de/de/products/detail/yageo/AC0603FR-0710KL/2828135"", ""reported_crawl_age"": ""last week"", ""stock_observed"": 1303493, ""live_stock"": null, ""moq_observed"": 1, ""order_multiple_observed"": 1, ""retail_pack_size_observed"": 1, ""factory_pack"": 5000, ""packaging"": ""Cut tape / bulk individual; no optional reeling"", ""manufacturer_lead_time_weeks_observed"": 22, ""actual_dispatch_lead_time"": null, ""unit_price_net_eur_observed"": 0.09, ""unit_price_gross_eur_scenario"": 0.1071, ""private_germany_route"": ""See seller_contracts; subject to acceptance and current inventory; no checkout performed"", ""delivered_cost_eur"": null, ""substitutes_qualified"": [], ""qualification_gaps"": [""Loss/leakage/temperature/excess-noise or production population not fully validated""], ""conflicting_observation"": ""Other catalogue alias shows backorder; exact current shared inventory unconfirmed""}",
candidate_0014,Cmid,EEU-FR1J470,1,4.7e-05,F,0.2,Polar aluminium electrolytic FR-A,Radial 6.3 x 12.7mm; 2.5mm pitch,"{""voltage_v"": 63, ""temperature_C"": 105, ""life_hours_at_105C"": 5000}",../../research/procurement/architecture_parts_2026-10-09.yaml#parts/EEU-FR1J470,2026-10-09,,"{""exact_mpn"": ""EEU-FR1J470"", ""nominal"": 4.7e-05, ""unit"": ""F"", ""tolerance_fraction"": 0.2, ""technology"": ""Polar aluminium electrolytic FR-A"", ""package"": ""Radial 6.3 x 12.7mm; 2.5mm pitch"", ""ratings"": {""voltage_v"": 63, ""temperature_C"": 105, ""life_hours_at_105C"": 5000}, ""manufacturer_document"": null, ""manufacturer_lifecycle"": ""Documented production series; exact current notices/orderability require refresh"", ""observation_date"": ""2026-10-09"", ""evidence_kind"": ""Indexed primary seller catalogue; reported crawl age retained; not live stock or accepted quote"", ""seller"": ""DigiKey Germany"", ""url"": ""https://www.digikey.de/de/products/detail/panasonic-electronic-components/EEU-FR1J470/3072280"", ""reported_crawl_age"": ""4 months"", ""stock_observed"": 68724, ""live_stock"": null, ""moq_observed"": 1, ""order_multiple_observed"": 1, ""retail_pack_size_observed"": 1, ""factory_pack"": null, ""packaging"": ""Cut tape / bulk individual; no optional reeling"", ""manufacturer_lead_time_weeks_observed"": 31, ""actual_dispatch_lead_time"": null, ""unit_price_net_eur_observed"": 0.4, ""unit_price_gross_eur_scenario"": 0.476, ""private_germany_route"": ""See seller_contracts; subject to acceptance and current inventory; no checkout performed"", ""delivered_cost_eur"": null, ""substitutes_qualified"": [], ""qualification_gaps"": [""Loss/leakage/temperature/excess-noise or production population not fully validated""], ""evidence_limit"": ""Older German stock/price; frequency/temperature ESR, leakage, reversal and startup stress remain unqualified. No live stock inference.""}","{""exact_mpn"": ""EEU-FR1J470"", ""manufacturer"": ""Panasonic"", ""nominal_f"": 4.7e-05, ""tolerance_fraction"": 0.2, ""voltage_v"": 63, ""technology"": ""Polar aluminum electrolytic FR-A"", ""package"": ""Radial 6.3mm diameter, 11.2mm body, 2.5mm pitch"", ""primary_url"": ""https://industrial.panasonic.com/ww/products/pt/aluminum-cap-lead/models/EEUFR1J470"", ""manufacturer_document"": ""https://industrial.panasonic.com/cdbs/www-data/pdf/RDF0000/ABA0000C1259.pdf"", ""datasheet_version"": ""01-Sep-25"", ""temperature_c"": [-40, 105], ""tan_delta_max_at_120hz_20c"": 0.09, ""leakage_max_a_at_63v_20c_after_2min"": 2.96e-05, ""supplier_url"": ""https://www.digikey.de/en/products/detail/panasonic-industry/EEU-FR1J470/3072280"", ""supplier"": ""DigiKey Germany"", ""manufacturer_lifecycle"": ""Current primary product listing; supplier Active observation"", ""stock_observed"": 65991, ""reported_crawl_age"": ""4 months"", ""live_stock"": null, ""direct_retrieval"": ""Failed internal error; preserved observation, no accepted quote"", ""moq_observed"": 1, ""order_multiple_observed"": 1, ""retail_pack_size_observed"": 1, ""factory_pack_not_ordered"": 5000, ""actual_dispatch_lead_time"": null, ""manufacturer_lead_time"": null, ""private_germany_route"": ""Parent seller_contracts/digikey public consumer EUR terms; subject to acceptance, no checkout/contact"", ""unit_price_net_eur_scenario"": 0.4, ""vat_fraction_scenario"": 0.19, ""unit_price_gross_eur_scenario"": 0.476, ""price_tax_basis"": ""Retain parent's net-price interpretation as scenario, not invoice confirmation"", ""shipping_eur_per_basket_scenario"": [25, 29.75], ""shipping_tax_basis"": ""Parent public EUR25 summary may be gross or net; neither accepted quote"", ""import_payment_fees_eur"": null, ""confirmed_delivered_eur"": null, ""substitutes_qualified"": []}"
candidate_0014,Rpolar0,RC0603FR-071ML,1,1000000,ohm,0.01,Thick film,0603 / 1608,"{""power_w_at_70C"": 0.1, ""working_voltage_v"": 75, ""tcr_ppm_per_C"": 100}",../../research/procurement/architecture_parts_2026-10-09.yaml#parts/RC0603FR-071ML,2026-10-09,https://yageogroup.com/component-documentation/download/specsheet/RC0603FR-071ML,"{""exact_mpn"": ""RC0603FR-071ML"", ""nominal"": 1000000, ""unit"": ""ohm"", ""tolerance_fraction"": 0.01, ""technology"": ""Thick film"", ""package"": ""0603 / 1608"", ""ratings"": {""power_w_at_70C"": 0.1, ""working_voltage_v"": 75, ""tcr_ppm_per_C"": 100}, ""manufacturer_document"": ""https://yageogroup.com/component-documentation/download/specsheet/RC0603FR-071ML"", ""manufacturer_lifecycle"": ""Documented production series; exact current notices/orderability require refresh"", ""observation_date"": ""2026-10-09"", ""evidence_kind"": ""Indexed primary seller catalogue; reported crawl age retained; not live stock or accepted quote"", ""seller"": ""DigiKey Germany"", ""url"": ""https://www.digikey.de/de/products/detail/yageo/RC0603FR-071ML/729791"", ""reported_crawl_age"": ""last week"", ""stock_observed"": 1566554, ""live_stock"": null, ""moq_observed"": 1, ""order_multiple_observed"": 1, ""retail_pack_size_observed"": 1, ""factory_pack"": 5000, ""packaging"": ""Cut tape / bulk individual; no optional reeling"", ""manufacturer_lead_time_weeks_observed"": 22, ""actual_dispatch_lead_time"": null, ""unit_price_net_eur_observed"": 0.09, ""unit_price_gross_eur_scenario"": 0.1071, ""private_germany_route"": ""See seller_contracts; subject to acceptance and current inventory; no checkout performed"", ""delivered_cost_eur"": null, ""substitutes_qualified"": [], ""qualification_gaps"": [""Loss/leakage/temperature/excess-noise or production population not fully validated""], ""conflicting_observation"": ""Different catalogue alias/older snapshot has different inventory; do not infer live stock""}",
candidate_0014,Rpolar1,RC0603FR-071ML,1,1000000,ohm,0.01,Thick film,0603 / 1608,"{""power_w_at_70C"": 0.1, ""working_voltage_v"": 75, ""tcr_ppm_per_C"": 100}",../../research/procurement/architecture_parts_2026-10-09.yaml#parts/RC0603FR-071ML,2026-10-09,https://yageogroup.com/component-documentation/download/specsheet/RC0603FR-071ML,"{""exact_mpn"": ""RC0603FR-071ML"", ""nominal"": 1000000, ""unit"": ""ohm"", ""tolerance_fraction"": 0.01, ""technology"": ""Thick film"", ""package"": ""0603 / 1608"", ""ratings"": {""power_w_at_70C"": 0.1, ""working_voltage_v"": 75, ""tcr_ppm_per_C"": 100}, ""manufacturer_document"": ""https://yageogroup.com/component-documentation/download/specsheet/RC0603FR-071ML"", ""manufacturer_lifecycle"": ""Documented production series; exact current notices/orderability require refresh"", ""observation_date"": ""2026-10-09"", ""evidence_kind"": ""Indexed primary seller catalogue; reported crawl age retained; not live stock or accepted quote"", ""seller"": ""DigiKey Germany"", ""url"": ""https://www.digikey.de/de/products/detail/yageo/RC0603FR-071ML/729791"", ""reported_crawl_age"": ""last week"", ""stock_observed"": 1566554, ""live_stock"": null, ""moq_observed"": 1, ""order_multiple_observed"": 1, ""retail_pack_size_observed"": 1, ""factory_pack"": 5000, ""packaging"": ""Cut tape / bulk individual; no optional reeling"", ""manufacturer_lead_time_weeks_observed"": 22, ""actual_dispatch_lead_time"": null, ""unit_price_net_eur_observed"": 0.09, ""unit_price_gross_eur_scenario"": 0.1071, ""private_germany_route"": ""See seller_contracts; subject to acceptance and current inventory; no checkout performed"", ""delivered_cost_eur"": null, ""substitutes_qualified"": [], ""qualification_gaps"": [""Loss/leakage/temperature/excess-noise or production population not fully validated""], ""conflicting_observation"": ""Different catalogue alias/older snapshot has different inventory; do not infer live stock""}",
candidate_0014,Rpolar2,RC0603FR-071ML,1,1000000,ohm,0.01,Thick film,0603 / 1608,"{""power_w_at_70C"": 0.1, ""working_voltage_v"": 75, ""tcr_ppm_per_C"": 100}",../../research/procurement/architecture_parts_2026-10-09.yaml#parts/RC0603FR-071ML,2026-10-09,https://yageogroup.com/component-documentation/download/specsheet/RC0603FR-071ML,"{""exact_mpn"": ""RC0603FR-071ML"", ""nominal"": 1000000, ""unit"": ""ohm"", ""tolerance_fraction"": 0.01, ""technology"": ""Thick film"", ""package"": ""0603 / 1608"", ""ratings"": {""power_w_at_70C"": 0.1, ""working_voltage_v"": 75, ""tcr_ppm_per_C"": 100}, ""manufacturer_document"": ""https://yageogroup.com/component-documentation/download/specsheet/RC0603FR-071ML"", ""manufacturer_lifecycle"": ""Documented production series; exact current notices/orderability require refresh"", ""observation_date"": ""2026-10-09"", ""evidence_kind"": ""Indexed primary seller catalogue; reported crawl age retained; not live stock or accepted quote"", ""seller"": ""DigiKey Germany"", ""url"": ""https://www.digikey.de/de/products/detail/yageo/RC0603FR-071ML/729791"", ""reported_crawl_age"": ""last week"", ""stock_observed"": 1566554, ""live_stock"": null, ""moq_observed"": 1, ""order_multiple_observed"": 1, ""retail_pack_size_observed"": 1, ""factory_pack"": 5000, ""packaging"": ""Cut tape / bulk individual; no optional reeling"", ""manufacturer_lead_time_weeks_observed"": 22, ""actual_dispatch_lead_time"": null, ""unit_price_net_eur_observed"": 0.09, ""unit_price_gross_eur_scenario"": 0.1071, ""private_germany_route"": ""See seller_contracts; subject to acceptance and current inventory; no checkout performed"", ""delivered_cost_eur"": null, ""substitutes_qualified"": [], ""qualification_gaps"": [""Loss/leakage/temperature/excess-noise or production population not fully validated""], ""conflicting_observation"": ""Different catalogue alias/older snapshot has different inventory; do not infer live stock""}",
candidate_0014,Rpolar3,RC0603FR-071ML,1,1000000,ohm,0.01,Thick film,0603 / 1608,"{""power_w_at_70C"": 0.1, ""working_voltage_v"": 75, ""tcr_ppm_per_C"": 100}",../../research/procurement/architecture_parts_2026-10-09.yaml#parts/RC0603FR-071ML,2026-10-09,https://yageogroup.com/component-documentation/download/specsheet/RC0603FR-071ML,"{""exact_mpn"": ""RC0603FR-071ML"", ""nominal"": 1000000, ""unit"": ""ohm"", ""tolerance_fraction"": 0.01, ""technology"": ""Thick film"", ""package"": ""0603 / 1608"", ""ratings"": {""power_w_at_70C"": 0.1, ""working_voltage_v"": 75, ""tcr_ppm_per_C"": 100}, ""manufacturer_document"": ""https://yageogroup.com/component-documentation/download/specsheet/RC0603FR-071ML"", ""manufacturer_lifecycle"": ""Documented production series; exact current notices/orderability require refresh"", ""observation_date"": ""2026-10-09"", ""evidence_kind"": ""Indexed primary seller catalogue; reported crawl age retained; not live stock or accepted quote"", ""seller"": ""DigiKey Germany"", ""url"": ""https://www.digikey.de/de/products/detail/yageo/RC0603FR-071ML/729791"", ""reported_crawl_age"": ""last week"", ""stock_observed"": 1566554, ""live_stock"": null, ""moq_observed"": 1, ""order_multiple_observed"": 1, ""retail_pack_size_observed"": 1, ""factory_pack"": 5000, ""packaging"": ""Cut tape / bulk individual; no optional reeling"", ""manufacturer_lead_time_weeks_observed"": 22, ""actual_dispatch_lead_time"": null, ""unit_price_net_eur_observed"": 0.09, ""unit_price_gross_eur_scenario"": 0.1071, ""private_germany_route"": ""See seller_contracts; subject to acceptance and current inventory; no checkout performed"", ""delivered_cost_eur"": null, ""substitutes_qualified"": [], ""qualification_gaps"": [""Loss/leakage/temperature/excess-noise or production population not fully validated""], ""conflicting_observation"": ""Different catalogue alias/older snapshot has different inventory; do not infer live stock""}",
candidate_0014,Rpolar4,RC0603FR-071ML,1,1000000,ohm,0.01,Thick film,0603 / 1608,"{""power_w_at_70C"": 0.1, ""working_voltage_v"": 75, ""tcr_ppm_per_C"": 100}",../../research/procurement/architecture_parts_2026-10-09.yaml#parts/RC0603FR-071ML,2026-10-09,https://yageogroup.com/component-documentation/download/specsheet/RC0603FR-071ML,"{""exact_mpn"": ""RC0603FR-071ML"", ""nominal"": 1000000, ""unit"": ""ohm"", ""tolerance_fraction"": 0.01, ""technology"": ""Thick film"", ""package"": ""0603 / 1608"", ""ratings"": {""power_w_at_70C"": 0.1, ""working_voltage_v"": 75, ""tcr_ppm_per_C"": 100}, ""manufacturer_document"": ""https://yageogroup.com/component-documentation/download/specsheet/RC0603FR-071ML"", ""manufacturer_lifecycle"": ""Documented production series; exact current notices/orderability require refresh"", ""observation_date"": ""2026-10-09"", ""evidence_kind"": ""Indexed primary seller catalogue; reported crawl age retained; not live stock or accepted quote"", ""seller"": ""DigiKey Germany"", ""url"": ""https://www.digikey.de/de/products/detail/yageo/RC0603FR-071ML/729791"", ""reported_crawl_age"": ""last week"", ""stock_observed"": 1566554, ""live_stock"": null, ""moq_observed"": 1, ""order_multiple_observed"": 1, ""retail_pack_size_observed"": 1, ""factory_pack"": 5000, ""packaging"": ""Cut tape / bulk individual; no optional reeling"", ""manufacturer_lead_time_weeks_observed"": 22, ""actual_dispatch_lead_time"": null, ""unit_price_net_eur_observed"": 0.09, ""unit_price_gross_eur_scenario"": 0.1071, ""private_germany_route"": ""See seller_contracts; subject to acceptance and current inventory; no checkout performed"", ""delivered_cost_eur"": null, ""substitutes_qualified"": [], ""qualification_gaps"": [""Loss/leakage/temperature/excess-noise or production population not fully validated""], ""conflicting_observation"": ""Different catalogue alias/older snapshot has different inventory; do not infer live stock""}",
candidate_0014,Rpolar5,RC0603FR-071ML,1,1000000,ohm,0.01,Thick film,0603 / 1608,"{""power_w_at_70C"": 0.1, ""working_voltage_v"": 75, ""tcr_ppm_per_C"": 100}",../../research/procurement/architecture_parts_2026-10-09.yaml#parts/RC0603FR-071ML,2026-10-09,https://yageogroup.com/component-documentation/download/specsheet/RC0603FR-071ML,"{""exact_mpn"": ""RC0603FR-071ML"", ""nominal"": 1000000, ""unit"": ""ohm"", ""tolerance_fraction"": 0.01, ""technology"": ""Thick film"", ""package"": ""0603 / 1608"", ""ratings"": {""power_w_at_70C"": 0.1, ""working_voltage_v"": 75, ""tcr_ppm_per_C"": 100}, ""manufacturer_document"": ""https://yageogroup.com/component-documentation/download/specsheet/RC0603FR-071ML"", ""manufacturer_lifecycle"": ""Documented production series; exact current notices/orderability require refresh"", ""observation_date"": ""2026-10-09"", ""evidence_kind"": ""Indexed primary seller catalogue; reported crawl age retained; not live stock or accepted quote"", ""seller"": ""DigiKey Germany"", ""url"": ""https://www.digikey.de/de/products/detail/yageo/RC0603FR-071ML/729791"", ""reported_crawl_age"": ""last week"", ""stock_observed"": 1566554, ""live_stock"": null, ""moq_observed"": 1, ""order_multiple_observed"": 1, ""retail_pack_size_observed"": 1, ""factory_pack"": 5000, ""packaging"": ""Cut tape / bulk individual; no optional reeling"", ""manufacturer_lead_time_weeks_observed"": 22, ""actual_dispatch_lead_time"": null, ""unit_price_net_eur_observed"": 0.09, ""unit_price_gross_eur_scenario"": 0.1071, ""private_germany_route"": ""See seller_contracts; subject to acceptance and current inventory; no checkout performed"", ""delivered_cost_eur"": null, ""substitutes_qualified"": [], ""qualification_gaps"": [""Loss/leakage/temperature/excess-noise or production population not fully validated""], ""conflicting_observation"": ""Different catalogue alias/older snapshot has different inventory; do not infer live stock""}",
candidate_0014,Rpolar6,RC0603FR-071ML,1,1000000,ohm,0.01,Thick film,0603 / 1608,"{""power_w_at_70C"": 0.1, ""working_voltage_v"": 75, ""tcr_ppm_per_C"": 100}",../../research/procurement/architecture_parts_2026-10-09.yaml#parts/RC0603FR-071ML,2026-10-09,https://yageogroup.com/component-documentation/download/specsheet/RC0603FR-071ML,"{""exact_mpn"": ""RC0603FR-071ML"", ""nominal"": 1000000, ""unit"": ""ohm"", ""tolerance_fraction"": 0.01, ""technology"": ""Thick film"", ""package"": ""0603 / 1608"", ""ratings"": {""power_w_at_70C"": 0.1, ""working_voltage_v"": 75, ""tcr_ppm_per_C"": 100}, ""manufacturer_document"": ""https://yageogroup.com/component-documentation/download/specsheet/RC0603FR-071ML"", ""manufacturer_lifecycle"": ""Documented production series; exact current notices/orderability require refresh"", ""observation_date"": ""2026-10-09"", ""evidence_kind"": ""Indexed primary seller catalogue; reported crawl age retained; not live stock or accepted quote"", ""seller"": ""DigiKey Germany"", ""url"": ""https://www.digikey.de/de/products/detail/yageo/RC0603FR-071ML/729791"", ""reported_crawl_age"": ""last week"", ""stock_observed"": 1566554, ""live_stock"": null, ""moq_observed"": 1, ""order_multiple_observed"": 1, ""retail_pack_size_observed"": 1, ""factory_pack"": 5000, ""packaging"": ""Cut tape / bulk individual; no optional reeling"", ""manufacturer_lead_time_weeks_observed"": 22, ""actual_dispatch_lead_time"": null, ""unit_price_net_eur_observed"": 0.09, ""unit_price_gross_eur_scenario"": 0.1071, ""private_germany_route"": ""See seller_contracts; subject to acceptance and current inventory; no checkout performed"", ""delivered_cost_eur"": null, ""substitutes_qualified"": [], ""qualification_gaps"": [""Loss/leakage/temperature/excess-noise or production population not fully validated""], ""conflicting_observation"": ""Different catalogue alias/older snapshot has different inventory; do not infer live stock""}",
candidate_0014,Rpolar7,RC0603FR-071ML,1,1000000,ohm,0.01,Thick film,0603 / 1608,"{""power_w_at_70C"": 0.1, ""working_voltage_v"": 75, ""tcr_ppm_per_C"": 100}",../../research/procurement/architecture_parts_2026-10-09.yaml#parts/RC0603FR-071ML,2026-10-09,https://yageogroup.com/component-documentation/download/specsheet/RC0603FR-071ML,"{""exact_mpn"": ""RC0603FR-071ML"", ""nominal"": 1000000, ""unit"": ""ohm"", ""tolerance_fraction"": 0.01, ""technology"": ""Thick film"", ""package"": ""0603 / 1608"", ""ratings"": {""power_w_at_70C"": 0.1, ""working_voltage_v"": 75, ""tcr_ppm_per_C"": 100}, ""manufacturer_document"": ""https://yageogroup.com/component-documentation/download/specsheet/RC0603FR-071ML"", ""manufacturer_lifecycle"": ""Documented production series; exact current notices/orderability require refresh"", ""observation_date"": ""2026-10-09"", ""evidence_kind"": ""Indexed primary seller catalogue; reported crawl age retained; not live stock or accepted quote"", ""seller"": ""DigiKey Germany"", ""url"": ""https://www.digikey.de/de/products/detail/yageo/RC0603FR-071ML/729791"", ""reported_crawl_age"": ""last week"", ""stock_observed"": 1566554, ""live_stock"": null, ""moq_observed"": 1, ""order_multiple_observed"": 1, ""retail_pack_size_observed"": 1, ""factory_pack"": 5000, ""packaging"": ""Cut tape / bulk individual; no optional reeling"", ""manufacturer_lead_time_weeks_observed"": 22, ""actual_dispatch_lead_time"": null, ""unit_price_net_eur_observed"": 0.09, ""unit_price_gross_eur_scenario"": 0.1071, ""private_germany_route"": ""See seller_contracts; subject to acceptance and current inventory; no checkout performed"", ""delivered_cost_eur"": null, ""substitutes_qualified"": [], ""qualification_gaps"": [""Loss/leakage/temperature/excess-noise or production population not fully validated""], ""conflicting_observation"": ""Different catalogue alias/older snapshot has different inventory; do not infer live stock""}",
candidate_0014,Rpolar8,RC0603FR-071ML,1,1000000,ohm,0.01,Thick film,0603 / 1608,"{""power_w_at_70C"": 0.1, ""working_voltage_v"": 75, ""tcr_ppm_per_C"": 100}",../../research/procurement/architecture_parts_2026-10-09.yaml#parts/RC0603FR-071ML,2026-10-09,https://yageogroup.com/component-documentation/download/specsheet/RC0603FR-071ML,"{""exact_mpn"": ""RC0603FR-071ML"", ""nominal"": 1000000, ""unit"": ""ohm"", ""tolerance_fraction"": 0.01, ""technology"": ""Thick film"", ""package"": ""0603 / 1608"", ""ratings"": {""power_w_at_70C"": 0.1, ""working_voltage_v"": 75, ""tcr_ppm_per_C"": 100}, ""manufacturer_document"": ""https://yageogroup.com/component-documentation/download/specsheet/RC0603FR-071ML"", ""manufacturer_lifecycle"": ""Documented production series; exact current notices/orderability require refresh"", ""observation_date"": ""2026-10-09"", ""evidence_kind"": ""Indexed primary seller catalogue; reported crawl age retained; not live stock or accepted quote"", ""seller"": ""DigiKey Germany"", ""url"": ""https://www.digikey.de/de/products/detail/yageo/RC0603FR-071ML/729791"", ""reported_crawl_age"": ""last week"", ""stock_observed"": 1566554, ""live_stock"": null, ""moq_observed"": 1, ""order_multiple_observed"": 1, ""retail_pack_size_observed"": 1, ""factory_pack"": 5000, ""packaging"": ""Cut tape / bulk individual; no optional reeling"", ""manufacturer_lead_time_weeks_observed"": 22, ""actual_dispatch_lead_time"": null, ""unit_price_net_eur_observed"": 0.09, ""unit_price_gross_eur_scenario"": 0.1071, ""private_germany_route"": ""See seller_contracts; subject to acceptance and current inventory; no checkout performed"", ""delivered_cost_eur"": null, ""substitutes_qualified"": [], ""qualification_gaps"": [""Loss/leakage/temperature/excess-noise or production population not fully validated""], ""conflicting_observation"": ""Different catalogue alias/older snapshot has different inventory; do not infer live stock""}",
candidate_0014,Rpolar9,RC0603FR-071ML,1,1000000,ohm,0.01,Thick film,0603 / 1608,"{""power_w_at_70C"": 0.1, ""working_voltage_v"": 75, ""tcr_ppm_per_C"": 100}",../../research/procurement/architecture_parts_2026-10-09.yaml#parts/RC0603FR-071ML,2026-10-09,https://yageogroup.com/component-documentation/download/specsheet/RC0603FR-071ML,"{""exact_mpn"": ""RC0603FR-071ML"", ""nominal"": 1000000, ""unit"": ""ohm"", ""tolerance_fraction"": 0.01, ""technology"": ""Thick film"", ""package"": ""0603 / 1608"", ""ratings"": {""power_w_at_70C"": 0.1, ""working_voltage_v"": 75, ""tcr_ppm_per_C"": 100}, ""manufacturer_document"": ""https://yageogroup.com/component-documentation/download/specsheet/RC0603FR-071ML"", ""manufacturer_lifecycle"": ""Documented production series; exact current notices/orderability require refresh"", ""observation_date"": ""2026-10-09"", ""evidence_kind"": ""Indexed primary seller catalogue; reported crawl age retained; not live stock or accepted quote"", ""seller"": ""DigiKey Germany"", ""url"": ""https://www.digikey.de/de/products/detail/yageo/RC0603FR-071ML/729791"", ""reported_crawl_age"": ""last week"", ""stock_observed"": 1566554, ""live_stock"": null, ""moq_observed"": 1, ""order_multiple_observed"": 1, ""retail_pack_size_observed"": 1, ""factory_pack"": 5000, ""packaging"": ""Cut tape / bulk individual; no optional reeling"", ""manufacturer_lead_time_weeks_observed"": 22, ""actual_dispatch_lead_time"": null, ""unit_price_net_eur_observed"": 0.09, ""unit_price_gross_eur_scenario"": 0.1071, ""private_germany_route"": ""See seller_contracts; subject to acceptance and current inventory; no checkout performed"", ""delivered_cost_eur"": null, ""substitutes_qualified"": [], ""qualification_gaps"": [""Loss/leakage/temperature/excess-noise or production population not fully validated""], ""conflicting_observation"": ""Different catalogue alias/older snapshot has different inventory; do not infer live stock""}",
candidate_0014,Cpol,R82EC3100DQ70J,1,1e-07,F,0.05,Metallized PET film R82,Radial 7.2 x 2.5 x 6.6mm; 5mm pitch,"{""voltage_dc_v"": 100}",../../research/procurement/architecture_parts_2026-10-09.yaml#parts/R82EC3100DQ70J,2026-10-09,https://www.digikey.com/htmldatasheets/production/3447437/0/0/1/r82dc3680dq60j.pdf,"{""exact_mpn"": ""R82EC3100DQ70J"", ""nominal"": 1e-07, ""unit"": ""F"", ""tolerance_fraction"": 0.05, ""technology"": ""Metallized PET film R82"", ""package"": ""Radial 7.2 x 2.5 x 6.6mm; 5mm pitch"", ""ratings"": {""voltage_dc_v"": 100}, ""manufacturer_document"": ""https://www.digikey.com/htmldatasheets/production/3447437/0/0/1/r82dc3680dq60j.pdf"", ""manufacturer_lifecycle"": ""Documented production series; exact current notices/orderability require refresh"", ""observation_date"": ""2026-10-09"", ""evidence_kind"": ""Indexed primary seller catalogue; reported crawl age retained; not live stock or accepted quote"", ""seller"": ""DigiKey Germany"", ""url"": ""https://www.digikey.de/en/products/detail/kemet/R82EC3100DQ70J/1930807"", ""reported_crawl_age"": ""German exact price unavailable"", ""stock_observed"": null, ""live_stock"": null, ""moq_observed"": 1, ""order_multiple_observed"": 1, ""retail_pack_size_observed"": 1, ""factory_pack"": null, ""packaging"": ""Cut tape / bulk individual; no optional reeling"", ""manufacturer_lead_time_weeks_observed"": 26, ""actual_dispatch_lead_time"": null, ""unit_price_net_eur_observed"": null, ""unit_price_gross_eur_scenario"": null, ""private_germany_route"": ""See seller_contracts; subject to acceptance and current inventory; no checkout performed"", ""delivered_cost_eur"": null, ""substitutes_qualified"": [], ""qualification_gaps"": [""Loss/leakage/temperature/excess-noise or production population not fully validated""], ""other_territory_observation"": {""seller"": ""DigiKey US"", ""stock"": 64236, ""crawl_age"": ""yesterday"", ""unit_price_usd"": 0.34, ""limitation"": ""Same exact MPN catalogue evidence only; not a German EUR quote or live Germany inventory""}}",
candidate_0014,Rback,RC0603FR-071ML,1,1000000,ohm,0.01,Thick film,0603 / 1608,"{""power_w_at_70C"": 0.1, ""working_voltage_v"": 75, ""tcr_ppm_per_C"": 100}",../../research/procurement/architecture_parts_2026-10-09.yaml#parts/RC0603FR-071ML,2026-10-09,https://yageogroup.com/component-documentation/download/specsheet/RC0603FR-071ML,"{""exact_mpn"": ""RC0603FR-071ML"", ""nominal"": 1000000, ""unit"": ""ohm"", ""tolerance_fraction"": 0.01, ""technology"": ""Thick film"", ""package"": ""0603 / 1608"", ""ratings"": {""power_w_at_70C"": 0.1, ""working_voltage_v"": 75, ""tcr_ppm_per_C"": 100}, ""manufacturer_document"": ""https://yageogroup.com/component-documentation/download/specsheet/RC0603FR-071ML"", ""manufacturer_lifecycle"": ""Documented production series; exact current notices/orderability require refresh"", ""observation_date"": ""2026-10-09"", ""evidence_kind"": ""Indexed primary seller catalogue; reported crawl age retained; not live stock or accepted quote"", ""seller"": ""DigiKey Germany"", ""url"": ""https://www.digikey.de/de/products/detail/yageo/RC0603FR-071ML/729791"", ""reported_crawl_age"": ""last week"", ""stock_observed"": 1566554, ""live_stock"": null, ""moq_observed"": 1, ""order_multiple_observed"": 1, ""retail_pack_size_observed"": 1, ""factory_pack"": 5000, ""packaging"": ""Cut tape / bulk individual; no optional reeling"", ""manufacturer_lead_time_weeks_observed"": 22, ""actual_dispatch_lead_time"": null, ""unit_price_net_eur_observed"": 0.09, ""unit_price_gross_eur_scenario"": 0.1071, ""private_germany_route"": ""See seller_contracts; subject to acceptance and current inventory; no checkout performed"", ""delivered_cost_eur"": null, ""substitutes_qualified"": [], ""qualification_gaps"": [""Loss/leakage/temperature/excess-noise or production population not fully validated""], ""conflicting_observation"": ""Different catalogue alias/older snapshot has different inventory; do not infer live stock""}",
candidate_0014,Uinput,OPA197IDBVR,1,OPAx197,device,,CMOS opamp; vendor macro behavioral,DBV SOT-23-5,"{""recommended_supply_total_v"": [4.5, 36], ""note"": ""No safety/SOA rating inferred from macro convergence""}",../../research/procurement/architecture_parts_2026-10-09.yaml#parts/OPA197IDBVR,2026-10-09,https://www.ti.com/lit/ds/symlink/opa197.pdf,"{""exact_mpn"": ""OPA197IDBVR"", ""nominal"": ""OPAx197"", ""unit"": ""device"", ""tolerance_fraction"": null, ""technology"": ""CMOS opamp; vendor macro behavioral"", ""package"": ""DBV SOT-23-5"", ""ratings"": {""recommended_supply_total_v"": [4.5, 36], ""note"": ""No safety/SOA rating inferred from macro convergence""}, ""manufacturer_document"": ""https://www.ti.com/lit/ds/symlink/opa197.pdf"", ""manufacturer_lifecycle"": ""TI Active, confirmed primary page 2026-10-09; library validation scoped to grounded small signal"", ""observation_date"": ""2026-10-09"", ""evidence_kind"": ""Indexed primary seller catalogue; reported crawl age retained; not live stock or accepted quote"", ""seller"": ""DigiKey Germany"", ""url"": ""https://www.digikey.de/en/products/detail/texas-instruments/OPA197IDBVR/5962128"", ""reported_crawl_age"": ""3 weeks"", ""stock_observed"": 29522, ""live_stock"": null, ""moq_observed"": 1, ""order_multiple_observed"": 1, ""retail_pack_size_observed"": 1, ""factory_pack"": 3000, ""packaging"": ""Cut tape / bulk individual; no optional reeling"", ""manufacturer_lead_time_weeks_observed"": 16, ""actual_dispatch_lead_time"": null, ""unit_price_net_eur_observed"": 1.8, ""unit_price_gross_eur_scenario"": 2.142, ""private_germany_route"": ""See seller_contracts; subject to acceptance and current inventory; no checkout performed"", ""delivered_cost_eur"": null, ""substitutes_qualified"": [], ""qualification_gaps"": [""Loss/leakage/temperature/excess-noise or production population not fully validated""]}",
candidate_0014,Rfeedback,HVA12JA1G00,1,1000000000.0,ohm,0.05,High-voltage metal film,Axial 4 x 11mm,"{""power_w"": 1.2, ""voltage_limit_v"": 8000, ""power_limited_voltage_v"": 34641, ""tcr_ppm_per_C"": 200, ""vcr_ppm_per_v_max"": 20}",../../research/procurement/architecture_parts_2026-10-09.yaml#parts/HVA12JA1G00,2026-10-09,https://www.mouser.com/datasheet/2/385/SEI_HVA-3077810.pdf,"{""exact_mpn"": ""HVA12JA1G00"", ""nominal"": 1000000000.0, ""unit"": ""ohm"", ""tolerance_fraction"": 0.05, ""technology"": ""High-voltage metal film"", ""package"": ""Axial 4 x 11mm"", ""ratings"": {""power_w"": 1.2, ""voltage_limit_v"": 8000, ""power_limited_voltage_v"": 34641, ""tcr_ppm_per_C"": 200, ""vcr_ppm_per_v_max"": 20}, ""manufacturer_document"": ""https://www.mouser.com/datasheet/2/385/SEI_HVA-3077810.pdf"", ""manufacturer_lifecycle"": ""Documented production series; exact current notices/orderability require refresh"", ""observation_date"": ""2026-10-09"", ""evidence_kind"": ""Indexed primary seller catalogue; reported crawl age retained; not live stock or accepted quote"", ""seller"": ""DigiKey Germany"", ""url"": ""https://www.digikey.de/en/products/detail/stackpole-electronics-inc/HVA12JA1G00/6195865"", ""reported_crawl_age"": ""last week filter listing"", ""stock_observed"": 1148, ""live_stock"": null, ""moq_observed"": 1, ""order_multiple_observed"": 1, ""retail_pack_size_observed"": 1, ""factory_pack"": 1000, ""packaging"": ""Cut tape / bulk individual; no optional reeling"", ""manufacturer_lead_time_weeks_observed"": null, ""actual_dispatch_lead_time"": null, ""unit_price_net_eur_observed"": 0.73, ""unit_price_gross_eur_scenario"": 0.8687, ""private_germany_route"": ""See seller_contracts; subject to acceptance and current inventory; no checkout performed"", ""delivered_cost_eur"": null, ""substitutes_qualified"": [], ""qualification_gaps"": [""Loss/leakage/temperature/excess-noise or production population not fully validated""], ""evidence_limit"": ""German distributor filter showed stock/CT price; direct exact product cache miss. CT MOQ1, factory tape-and-box1000 is not a required private pack.""}",
candidate_0014,Cfeedback,CC0603JRNPO0BN101,1,1e-10,F,0.05,C0G MLCC,0603 / 1608,"{""voltage_v"": 100, ""insulation_resistance_min_ohm"": 10000000000.0, ""dissipation_factor_max"": 0.001, ""temperature_C"": [-55, 125]}",../../research/procurement/architecture_parts_2026-10-09.yaml#parts/CC0603JRNPO0BN101,2026-10-09,https://yageogroup.com/download/specsheet/CC0603JRNPO0BN101,"{""exact_mpn"": ""CC0603JRNPO0BN101"", ""nominal"": 1e-10, ""unit"": ""F"", ""tolerance_fraction"": 0.05, ""technology"": ""C0G MLCC"", ""package"": ""0603 / 1608"", ""ratings"": {""voltage_v"": 100, ""insulation_resistance_min_ohm"": 10000000000.0, ""dissipation_factor_max"": 0.001, ""temperature_C"": [-55, 125]}, ""manufacturer_document"": ""https://yageogroup.com/download/specsheet/CC0603JRNPO0BN101"", ""manufacturer_lifecycle"": ""Documented production series; exact current notices/orderability require refresh"", ""observation_date"": ""2026-10-09"", ""evidence_kind"": ""Indexed primary seller catalogue; reported crawl age retained; not live stock or accepted quote"", ""seller"": ""DigiKey Germany"", ""url"": ""https://www.digikey.de/de/products/detail/yageo/CC0603JRNPO0BN101/5195647"", ""reported_crawl_age"": ""3 months replacement table; direct exact page inaccessible"", ""stock_observed"": 45850, ""live_stock"": null, ""moq_observed"": null, ""order_multiple_observed"": null, ""retail_pack_size_observed"": null, ""factory_pack"": 4000, ""packaging"": ""Cut tape / bulk individual; no optional reeling"", ""manufacturer_lead_time_weeks_observed"": null, ""actual_dispatch_lead_time"": null, ""unit_price_net_eur_observed"": 0.08, ""unit_price_gross_eur_scenario"": 0.0952, ""private_germany_route"": ""See seller_contracts; subject to acceptance and current inventory; no checkout performed"", ""delivered_cost_eur"": null, ""substitutes_qualified"": [], ""qualification_gaps"": [""Loss/leakage/temperature/excess-noise or production population not fully validated""], ""evidence_limit"": ""Exact primary manufacturer sheet retrieved 2026-10-09, generated2026-10-01. Seller replacement table sku311-1745-1-ND is CT; exact MOQ/retail pack/dispatch not independently established. Intended qty1/2 only; no claim of resolved private orderability.""}",
candidate_0014,Rrear,RC0603FR-071KL,1,1000,ohm,0.01,Thick film,0603 / 1608,"{""power_w_at_70C"": 0.1, ""working_voltage_v"": 75, ""tcr_ppm_per_C"": 100}",../../research/procurement/architecture_parts_2026-10-09.yaml#parts/RC0603FR-071KL,2026-10-09,https://yageogroup.com/component-documentation/download/specsheet/RC0603FR-071KL,"{""exact_mpn"": ""RC0603FR-071KL"", ""nominal"": 1000, ""unit"": ""ohm"", ""tolerance_fraction"": 0.01, ""technology"": ""Thick film"", ""package"": ""0603 / 1608"", ""ratings"": {""power_w_at_70C"": 0.1, ""working_voltage_v"": 75, ""tcr_ppm_per_C"": 100}, ""manufacturer_document"": ""https://yageogroup.com/component-documentation/download/specsheet/RC0603FR-071KL"", ""manufacturer_lifecycle"": ""Documented production series; exact current notices/orderability require refresh"", ""observation_date"": ""2026-10-09"", ""evidence_kind"": ""Indexed primary seller catalogue; reported crawl age retained; not live stock or accepted quote"", ""seller"": ""DigiKey Germany"", ""url"": ""https://www.digikey.de/de/products/detail/yageo/RC0603FR-071KL/726843"", ""reported_crawl_age"": ""today"", ""stock_observed"": 2937396, ""live_stock"": null, ""moq_observed"": 1, ""order_multiple_observed"": 1, ""retail_pack_size_observed"": 1, ""factory_pack"": 5000, ""packaging"": ""Cut tape / bulk individual; no optional reeling"", ""manufacturer_lead_time_weeks_observed"": null, ""actual_dispatch_lead_time"": null, ""unit_price_net_eur_observed"": 0.09, ""unit_price_gross_eur_scenario"": 0.1071, ""private_germany_route"": ""See seller_contracts; subject to acceptance and current inventory; no checkout performed"", ""delivered_cost_eur"": null, ""substitutes_qualified"": [], ""qualification_gaps"": [""Loss/leakage/temperature/excess-noise or production population not fully validated""]}",
candidate_0014,Routp,RC0603FR-0747RL,1,47,ohm,0.01,Thick film,0603 / 1608,"{""power_w_at_70C"": 0.1, ""working_voltage_v"": 75, ""tcr_ppm_per_C"": 100}",../../research/procurement/architecture_parts_2026-10-09.yaml#parts/RC0603FR-0747RL,2026-10-09,https://yageogroup.com/component-documentation/download/specsheet/RC0603FR-0747RL,"{""exact_mpn"": ""RC0603FR-0747RL"", ""nominal"": 47, ""unit"": ""ohm"", ""tolerance_fraction"": 0.01, ""technology"": ""Thick film"", ""package"": ""0603 / 1608"", ""ratings"": {""power_w_at_70C"": 0.1, ""working_voltage_v"": 75, ""tcr_ppm_per_C"": 100}, ""manufacturer_document"": ""https://yageogroup.com/component-documentation/download/specsheet/RC0603FR-0747RL"", ""manufacturer_lifecycle"": ""Documented production series; exact current notices/orderability require refresh"", ""observation_date"": ""2026-10-09"", ""evidence_kind"": ""Indexed primary seller catalogue; reported crawl age retained; not live stock or accepted quote"", ""seller"": ""DigiKey Germany"", ""url"": ""https://www.digikey.de/de/products/detail/yageo/RC0603FR-0747RL/727252"", ""reported_crawl_age"": ""2 weeks"", ""stock_observed"": 543536, ""live_stock"": null, ""moq_observed"": 1, ""order_multiple_observed"": 1, ""retail_pack_size_observed"": 1, ""factory_pack"": 5000, ""packaging"": ""Cut tape / bulk individual; no optional reeling"", ""manufacturer_lead_time_weeks_observed"": 17, ""actual_dispatch_lead_time"": null, ""unit_price_net_eur_observed"": 0.09, ""unit_price_gross_eur_scenario"": 0.1071, ""private_germany_route"": ""See seller_contracts; subject to acceptance and current inventory; no checkout performed"", ""delivered_cost_eur"": null, ""substitutes_qualified"": [], ""qualification_gaps"": [""Loss/leakage/temperature/excess-noise or production population not fully validated""]}",
candidate_0014,Routn,RC0603FR-0747RL,1,47,ohm,0.01,Thick film,0603 / 1608,"{""power_w_at_70C"": 0.1, ""working_voltage_v"": 75, ""tcr_ppm_per_C"": 100}",../../research/procurement/architecture_parts_2026-10-09.yaml#parts/RC0603FR-0747RL,2026-10-09,https://yageogroup.com/component-documentation/download/specsheet/RC0603FR-0747RL,"{""exact_mpn"": ""RC0603FR-0747RL"", ""nominal"": 47, ""unit"": ""ohm"", ""tolerance_fraction"": 0.01, ""technology"": ""Thick film"", ""package"": ""0603 / 1608"", ""ratings"": {""power_w_at_70C"": 0.1, ""working_voltage_v"": 75, ""tcr_ppm_per_C"": 100}, ""manufacturer_document"": ""https://yageogroup.com/component-documentation/download/specsheet/RC0603FR-0747RL"", ""manufacturer_lifecycle"": ""Documented production series; exact current notices/orderability require refresh"", ""observation_date"": ""2026-10-09"", ""evidence_kind"": ""Indexed primary seller catalogue; reported crawl age retained; not live stock or accepted quote"", ""seller"": ""DigiKey Germany"", ""url"": ""https://www.digikey.de/de/products/detail/yageo/RC0603FR-0747RL/727252"", ""reported_crawl_age"": ""2 weeks"", ""stock_observed"": 543536, ""live_stock"": null, ""moq_observed"": 1, ""order_multiple_observed"": 1, ""retail_pack_size_observed"": 1, ""factory_pack"": 5000, ""packaging"": ""Cut tape / bulk individual; no optional reeling"", ""manufacturer_lead_time_weeks_observed"": 17, ""actual_dispatch_lead_time"": null, ""unit_price_net_eur_observed"": 0.09, ""unit_price_gross_eur_scenario"": 0.1071, ""private_germany_route"": ""See seller_contracts; subject to acceptance and current inventory; no checkout performed"", ""delivered_cost_eur"": null, ""substitutes_qualified"": [], ""qualification_gaps"": [""Loss/leakage/temperature/excess-noise or production population not fully validated""]}",
candidate_0014,Coutp,EEU-FR1J470,1,4.7e-05,F,0.2,Polar aluminium electrolytic FR-A,Radial 6.3 x 12.7mm; 2.5mm pitch,"{""voltage_v"": 63, ""temperature_C"": 105, ""life_hours_at_105C"": 5000}",../../research/procurement/architecture_parts_2026-10-09.yaml#parts/EEU-FR1J470,2026-10-09,,"{""exact_mpn"": ""EEU-FR1J470"", ""nominal"": 4.7e-05, ""unit"": ""F"", ""tolerance_fraction"": 0.2, ""technology"": ""Polar aluminium electrolytic FR-A"", ""package"": ""Radial 6.3 x 12.7mm; 2.5mm pitch"", ""ratings"": {""voltage_v"": 63, ""temperature_C"": 105, ""life_hours_at_105C"": 5000}, ""manufacturer_document"": null, ""manufacturer_lifecycle"": ""Documented production series; exact current notices/orderability require refresh"", ""observation_date"": ""2026-10-09"", ""evidence_kind"": ""Indexed primary seller catalogue; reported crawl age retained; not live stock or accepted quote"", ""seller"": ""DigiKey Germany"", ""url"": ""https://www.digikey.de/de/products/detail/panasonic-electronic-components/EEU-FR1J470/3072280"", ""reported_crawl_age"": ""4 months"", ""stock_observed"": 68724, ""live_stock"": null, ""moq_observed"": 1, ""order_multiple_observed"": 1, ""retail_pack_size_observed"": 1, ""factory_pack"": null, ""packaging"": ""Cut tape / bulk individual; no optional reeling"", ""manufacturer_lead_time_weeks_observed"": 31, ""actual_dispatch_lead_time"": null, ""unit_price_net_eur_observed"": 0.4, ""unit_price_gross_eur_scenario"": 0.476, ""private_germany_route"": ""See seller_contracts; subject to acceptance and current inventory; no checkout performed"", ""delivered_cost_eur"": null, ""substitutes_qualified"": [], ""qualification_gaps"": [""Loss/leakage/temperature/excess-noise or production population not fully validated""], ""evidence_limit"": ""Older German stock/price; frequency/temperature ESR, leakage, reversal and startup stress remain unqualified. No live stock inference.""}","{""exact_mpn"": ""EEU-FR1J470"", ""manufacturer"": ""Panasonic"", ""nominal_f"": 4.7e-05, ""tolerance_fraction"": 0.2, ""voltage_v"": 63, ""technology"": ""Polar aluminum electrolytic FR-A"", ""package"": ""Radial 6.3mm diameter, 11.2mm body, 2.5mm pitch"", ""primary_url"": ""https://industrial.panasonic.com/ww/products/pt/aluminum-cap-lead/models/EEUFR1J470"", ""manufacturer_document"": ""https://industrial.panasonic.com/cdbs/www-data/pdf/RDF0000/ABA0000C1259.pdf"", ""datasheet_version"": ""01-Sep-25"", ""temperature_c"": [-40, 105], ""tan_delta_max_at_120hz_20c"": 0.09, ""leakage_max_a_at_63v_20c_after_2min"": 2.96e-05, ""supplier_url"": ""https://www.digikey.de/en/products/detail/panasonic-industry/EEU-FR1J470/3072280"", ""supplier"": ""DigiKey Germany"", ""manufacturer_lifecycle"": ""Current primary product listing; supplier Active observation"", ""stock_observed"": 65991, ""reported_crawl_age"": ""4 months"", ""live_stock"": null, ""direct_retrieval"": ""Failed internal error; preserved observation, no accepted quote"", ""moq_observed"": 1, ""order_multiple_observed"": 1, ""retail_pack_size_observed"": 1, ""factory_pack_not_ordered"": 5000, ""actual_dispatch_lead_time"": null, ""manufacturer_lead_time"": null, ""private_germany_route"": ""Parent seller_contracts/digikey public consumer EUR terms; subject to acceptance, no checkout/contact"", ""unit_price_net_eur_scenario"": 0.4, ""vat_fraction_scenario"": 0.19, ""unit_price_gross_eur_scenario"": 0.476, ""price_tax_basis"": ""Retain parent's net-price interpretation as scenario, not invoice confirmation"", ""shipping_eur_per_basket_scenario"": [25, 29.75], ""shipping_tax_basis"": ""Parent public EUR25 summary may be gross or net; neither accepted quote"", ""import_payment_fees_eur"": null, ""confirmed_delivered_eur"": null, ""substitutes_qualified"": []}"
candidate_0014,Coutn,EEU-FR1J470,1,4.7e-05,F,0.2,Polar aluminium electrolytic FR-A,Radial 6.3 x 12.7mm; 2.5mm pitch,"{""voltage_v"": 63, ""temperature_C"": 105, ""life_hours_at_105C"": 5000}",../../research/procurement/architecture_parts_2026-10-09.yaml#parts/EEU-FR1J470,2026-10-09,,"{""exact_mpn"": ""EEU-FR1J470"", ""nominal"": 4.7e-05, ""unit"": ""F"", ""tolerance_fraction"": 0.2, ""technology"": ""Polar aluminium electrolytic FR-A"", ""package"": ""Radial 6.3 x 12.7mm; 2.5mm pitch"", ""ratings"": {""voltage_v"": 63, ""temperature_C"": 105, ""life_hours_at_105C"": 5000}, ""manufacturer_document"": null, ""manufacturer_lifecycle"": ""Documented production series; exact current notices/orderability require refresh"", ""observation_date"": ""2026-10-09"", ""evidence_kind"": ""Indexed primary seller catalogue; reported crawl age retained; not live stock or accepted quote"", ""seller"": ""DigiKey Germany"", ""url"": ""https://www.digikey.de/de/products/detail/panasonic-electronic-components/EEU-FR1J470/3072280"", ""reported_crawl_age"": ""4 months"", ""stock_observed"": 68724, ""live_stock"": null, ""moq_observed"": 1, ""order_multiple_observed"": 1, ""retail_pack_size_observed"": 1, ""factory_pack"": null, ""packaging"": ""Cut tape / bulk individual; no optional reeling"", ""manufacturer_lead_time_weeks_observed"": 31, ""actual_dispatch_lead_time"": null, ""unit_price_net_eur_observed"": 0.4, ""unit_price_gross_eur_scenario"": 0.476, ""private_germany_route"": ""See seller_contracts; subject to acceptance and current inventory; no checkout performed"", ""delivered_cost_eur"": null, ""substitutes_qualified"": [], ""qualification_gaps"": [""Loss/leakage/temperature/excess-noise or production population not fully validated""], ""evidence_limit"": ""Older German stock/price; frequency/temperature ESR, leakage, reversal and startup stress remain unqualified. No live stock inference.""}","{""exact_mpn"": ""EEU-FR1J470"", ""manufacturer"": ""Panasonic"", ""nominal_f"": 4.7e-05, ""tolerance_fraction"": 0.2, ""voltage_v"": 63, ""technology"": ""Polar aluminum electrolytic FR-A"", ""package"": ""Radial 6.3mm diameter, 11.2mm body, 2.5mm pitch"", ""primary_url"": ""https://industrial.panasonic.com/ww/products/pt/aluminum-cap-lead/models/EEUFR1J470"", ""manufacturer_document"": ""https://industrial.panasonic.com/cdbs/www-data/pdf/RDF0000/ABA0000C1259.pdf"", ""datasheet_version"": ""01-Sep-25"", ""temperature_c"": [-40, 105], ""tan_delta_max_at_120hz_20c"": 0.09, ""leakage_max_a_at_63v_20c_after_2min"": 2.96e-05, ""supplier_url"": ""https://www.digikey.de/en/products/detail/panasonic-industry/EEU-FR1J470/3072280"", ""supplier"": ""DigiKey Germany"", ""manufacturer_lifecycle"": ""Current primary product listing; supplier Active observation"", ""stock_observed"": 65991, ""reported_crawl_age"": ""4 months"", ""live_stock"": null, ""direct_retrieval"": ""Failed internal error; preserved observation, no accepted quote"", ""moq_observed"": 1, ""order_multiple_observed"": 1, ""retail_pack_size_observed"": 1, ""factory_pack_not_ordered"": 5000, ""actual_dispatch_lead_time"": null, ""manufacturer_lead_time"": null, ""private_germany_route"": ""Parent seller_contracts/digikey public consumer EUR terms; subject to acceptance, no checkout/contact"", ""unit_price_net_eur_scenario"": 0.4, ""vat_fraction_scenario"": 0.19, ""unit_price_gross_eur_scenario"": 0.476, ""price_tax_basis"": ""Retain parent's net-price interpretation as scenario, not invoice confirmation"", ""shipping_eur_per_basket_scenario"": [25, 29.75], ""shipping_tax_basis"": ""Parent public EUR25 summary may be gross or net; neither accepted quote"", ""import_payment_fees_eur"": null, ""confirmed_delivered_eur"": null, ""substitutes_qualified"": []}"
candidate_0014,Qoutp,"BC846B,215",1,BC846B,device,,NPN bipolar,SOT-23,"{""vceo_v"": 65, ""ic_a"": 0.1, ""note"": ""Package power/SOA and maximum temperature require mounting-specific evaluation""}","../../research/procurement/architecture_parts_2026-10-09.yaml#parts/BC846B,215",2026-10-09,https://assets.nexperia.com/documents/data-sheet/BC846_SER.pdf,"{""exact_mpn"": ""BC846B,215"", ""nominal"": ""BC846B"", ""unit"": ""device"", ""tolerance_fraction"": null, ""technology"": ""NPN bipolar"", ""package"": ""SOT-23"", ""ratings"": {""vceo_v"": 65, ""ic_a"": 0.1, ""note"": ""Package power/SOA and maximum temperature require mounting-specific evaluation""}, ""manufacturer_document"": ""https://assets.nexperia.com/documents/data-sheet/BC846_SER.pdf"", ""manufacturer_lifecycle"": ""Documented production series; exact current notices/orderability require refresh"", ""observation_date"": ""2026-10-09"", ""evidence_kind"": ""Indexed primary seller catalogue; reported crawl age retained; not live stock or accepted quote"", ""seller"": ""TME Germany"", ""url"": ""https://www.tme.eu/de/details/bc846b.215/npn-smd-transistoren/nexperia/bc846b-215/"", ""reported_crawl_age"": ""product2 months; group1 week"", ""stock_observed"": 178360, ""live_stock"": null, ""moq_observed"": 1, ""order_multiple_observed"": 1, ""retail_pack_size_observed"": 1, ""factory_pack"": 3000, ""packaging"": ""Cut tape / bulk individual; no optional reeling"", ""manufacturer_lead_time_weeks_observed"": null, ""actual_dispatch_lead_time"": null, ""unit_price_net_eur_observed"": 0.08, ""unit_price_gross_eur_scenario"": 0.0952, ""private_germany_route"": ""See seller_contracts; subject to acceptance and current inventory; no checkout performed"", ""delivered_cost_eur"": null, ""substitutes_qualified"": [], ""qualification_gaps"": [""Loss/leakage/temperature/excess-noise or production population not fully validated""], ""price_and_inventory_limit"": ""TME product/group conflict; net EUR0.08\u20130.09, gross rounded0.09\u20130.11; calculation0.08 is a labelled lower observed-price scenario, not invoice price""}",
candidate_0014,Qinvert,"BC846B,215",1,BC846B,device,,NPN bipolar,SOT-23,"{""vceo_v"": 65, ""ic_a"": 0.1, ""note"": ""Package power/SOA and maximum temperature require mounting-specific evaluation""}","../../research/procurement/architecture_parts_2026-10-09.yaml#parts/BC846B,215",2026-10-09,https://assets.nexperia.com/documents/data-sheet/BC846_SER.pdf,"{""exact_mpn"": ""BC846B,215"", ""nominal"": ""BC846B"", ""unit"": ""device"", ""tolerance_fraction"": null, ""technology"": ""NPN bipolar"", ""package"": ""SOT-23"", ""ratings"": {""vceo_v"": 65, ""ic_a"": 0.1, ""note"": ""Package power/SOA and maximum temperature require mounting-specific evaluation""}, ""manufacturer_document"": ""https://assets.nexperia.com/documents/data-sheet/BC846_SER.pdf"", ""manufacturer_lifecycle"": ""Documented production series; exact current notices/orderability require refresh"", ""observation_date"": ""2026-10-09"", ""evidence_kind"": ""Indexed primary seller catalogue; reported crawl age retained; not live stock or accepted quote"", ""seller"": ""TME Germany"", ""url"": ""https://www.tme.eu/de/details/bc846b.215/npn-smd-transistoren/nexperia/bc846b-215/"", ""reported_crawl_age"": ""product2 months; group1 week"", ""stock_observed"": 178360, ""live_stock"": null, ""moq_observed"": 1, ""order_multiple_observed"": 1, ""retail_pack_size_observed"": 1, ""factory_pack"": 3000, ""packaging"": ""Cut tape / bulk individual; no optional reeling"", ""manufacturer_lead_time_weeks_observed"": null, ""actual_dispatch_lead_time"": null, ""unit_price_net_eur_observed"": 0.08, ""unit_price_gross_eur_scenario"": 0.0952, ""private_germany_route"": ""See seller_contracts; subject to acceptance and current inventory; no checkout performed"", ""delivered_cost_eur"": null, ""substitutes_qualified"": [], ""qualification_gaps"": [""Loss/leakage/temperature/excess-noise or production population not fully validated""], ""price_and_inventory_limit"": ""TME product/group conflict; net EUR0.08\u20130.09, gross rounded0.09\u20130.11; calculation0.08 is a labelled lower observed-price scenario, not invoice price""}",
candidate_0014,Rinvemitter,AC0603FR-0710KL,1,10000,ohm,0.01,Thick film,0603 / 1608,"{""power_w_at_70C"": 0.1, ""working_voltage_v"": 75, ""tcr_ppm_per_C"": 100}",../../research/procurement/architecture_parts_2026-10-09.yaml#parts/AC0603FR-0710KL,2026-10-09,https://yageogroup.com/component-documentation/download/specsheet/AC0603FR-0710KL,"{""exact_mpn"": ""AC0603FR-0710KL"", ""nominal"": 10000, ""unit"": ""ohm"", ""tolerance_fraction"": 0.01, ""technology"": ""Thick film"", ""package"": ""0603 / 1608"", ""ratings"": {""power_w_at_70C"": 0.1, ""working_voltage_v"": 75, ""tcr_ppm_per_C"": 100}, ""manufacturer_document"": ""https://yageogroup.com/component-documentation/download/specsheet/AC0603FR-0710KL"", ""manufacturer_lifecycle"": ""Documented production series; exact current notices/orderability require refresh"", ""observation_date"": ""2026-10-09"", ""evidence_kind"": ""Indexed primary seller catalogue; reported crawl age retained; not live stock or accepted quote"", ""seller"": ""DigiKey Germany"", ""url"": ""https://www.digikey.de/de/products/detail/yageo/AC0603FR-0710KL/2828135"", ""reported_crawl_age"": ""last week"", ""stock_observed"": 1303493, ""live_stock"": null, ""moq_observed"": 1, ""order_multiple_observed"": 1, ""retail_pack_size_observed"": 1, ""factory_pack"": 5000, ""packaging"": ""Cut tape / bulk individual; no optional reeling"", ""manufacturer_lead_time_weeks_observed"": 22, ""actual_dispatch_lead_time"": null, ""unit_price_net_eur_observed"": 0.09, ""unit_price_gross_eur_scenario"": 0.1071, ""private_germany_route"": ""See seller_contracts; subject to acceptance and current inventory; no checkout performed"", ""delivered_cost_eur"": null, ""substitutes_qualified"": [], ""qualification_gaps"": [""Loss/leakage/temperature/excess-noise or production population not fully validated""], ""conflicting_observation"": ""Other catalogue alias shows backorder; exact current shared inventory unconfirmed""}",
candidate_0014,Rinvcollector,AC0603FR-0710KL,1,10000,ohm,0.01,Thick film,0603 / 1608,"{""power_w_at_70C"": 0.1, ""working_voltage_v"": 75, ""tcr_ppm_per_C"": 100}",../../research/procurement/architecture_parts_2026-10-09.yaml#parts/AC0603FR-0710KL,2026-10-09,https://yageogroup.com/component-documentation/download/specsheet/AC0603FR-0710KL,"{""exact_mpn"": ""AC0603FR-0710KL"", ""nominal"": 10000, ""unit"": ""ohm"", ""tolerance_fraction"": 0.01, ""technology"": ""Thick film"", ""package"": ""0603 / 1608"", ""ratings"": {""power_w_at_70C"": 0.1, ""working_voltage_v"": 75, ""tcr_ppm_per_C"": 100}, ""manufacturer_document"": ""https://yageogroup.com/component-documentation/download/specsheet/AC0603FR-0710KL"", ""manufacturer_lifecycle"": ""Documented production series; exact current notices/orderability require refresh"", ""observation_date"": ""2026-10-09"", ""evidence_kind"": ""Indexed primary seller catalogue; reported crawl age retained; not live stock or accepted quote"", ""seller"": ""DigiKey Germany"", ""url"": ""https://www.digikey.de/de/products/detail/yageo/AC0603FR-0710KL/2828135"", ""reported_crawl_age"": ""last week"", ""stock_observed"": 1303493, ""live_stock"": null, ""moq_observed"": 1, ""order_multiple_observed"": 1, ""retail_pack_size_observed"": 1, ""factory_pack"": 5000, ""packaging"": ""Cut tape / bulk individual; no optional reeling"", ""manufacturer_lead_time_weeks_observed"": 22, ""actual_dispatch_lead_time"": null, ""unit_price_net_eur_observed"": 0.09, ""unit_price_gross_eur_scenario"": 0.1071, ""private_germany_route"": ""See seller_contracts; subject to acceptance and current inventory; no checkout performed"", ""delivered_cost_eur"": null, ""substitutes_qualified"": [], ""qualification_gaps"": [""Loss/leakage/temperature/excess-noise or production population not fully validated""], ""conflicting_observation"": ""Other catalogue alias shows backorder; exact current shared inventory unconfirmed""}",
candidate_0014,Qoutn,"BC846B,215",1,BC846B,device,,NPN bipolar,SOT-23,"{""vceo_v"": 65, ""ic_a"": 0.1, ""note"": ""Package power/SOA and maximum temperature require mounting-specific evaluation""}","../../research/procurement/architecture_parts_2026-10-09.yaml#parts/BC846B,215",2026-10-09,https://assets.nexperia.com/documents/data-sheet/BC846_SER.pdf,"{""exact_mpn"": ""BC846B,215"", ""nominal"": ""BC846B"", ""unit"": ""device"", ""tolerance_fraction"": null, ""technology"": ""NPN bipolar"", ""package"": ""SOT-23"", ""ratings"": {""vceo_v"": 65, ""ic_a"": 0.1, ""note"": ""Package power/SOA and maximum temperature require mounting-specific evaluation""}, ""manufacturer_document"": ""https://assets.nexperia.com/documents/data-sheet/BC846_SER.pdf"", ""manufacturer_lifecycle"": ""Documented production series; exact current notices/orderability require refresh"", ""observation_date"": ""2026-10-09"", ""evidence_kind"": ""Indexed primary seller catalogue; reported crawl age retained; not live stock or accepted quote"", ""seller"": ""TME Germany"", ""url"": ""https://www.tme.eu/de/details/bc846b.215/npn-smd-transistoren/nexperia/bc846b-215/"", ""reported_crawl_age"": ""product2 months; group1 week"", ""stock_observed"": 178360, ""live_stock"": null, ""moq_observed"": 1, ""order_multiple_observed"": 1, ""retail_pack_size_observed"": 1, ""factory_pack"": 3000, ""packaging"": ""Cut tape / bulk individual; no optional reeling"", ""manufacturer_lead_time_weeks_observed"": null, ""actual_dispatch_lead_time"": null, ""unit_price_net_eur_observed"": 0.08, ""unit_price_gross_eur_scenario"": 0.0952, ""private_germany_route"": ""See seller_contracts; subject to acceptance and current inventory; no checkout performed"", ""delivered_cost_eur"": null, ""substitutes_qualified"": [], ""qualification_gaps"": [""Loss/leakage/temperature/excess-noise or production population not fully validated""], ""price_and_inventory_limit"": ""TME product/group conflict; net EUR0.08\u20130.09, gross rounded0.09\u20130.11; calculation0.08 is a labelled lower observed-price scenario, not invoice price""}",
candidate_0014,Routloadp,AC0603FR-0710KL,1,10000,ohm,0.01,Thick film,0603 / 1608,"{""power_w_at_70C"": 0.1, ""working_voltage_v"": 75, ""tcr_ppm_per_C"": 100}",../../research/procurement/architecture_parts_2026-10-09.yaml#parts/AC0603FR-0710KL,2026-10-09,https://yageogroup.com/component-documentation/download/specsheet/AC0603FR-0710KL,"{""exact_mpn"": ""AC0603FR-0710KL"", ""nominal"": 10000, ""unit"": ""ohm"", ""tolerance_fraction"": 0.01, ""technology"": ""Thick film"", ""package"": ""0603 / 1608"", ""ratings"": {""power_w_at_70C"": 0.1, ""working_voltage_v"": 75, ""tcr_ppm_per_C"": 100}, ""manufacturer_document"": ""https://yageogroup.com/component-documentation/download/specsheet/AC0603FR-0710KL"", ""manufacturer_lifecycle"": ""Documented production series; exact current notices/orderability require refresh"", ""observation_date"": ""2026-10-09"", ""evidence_kind"": ""Indexed primary seller catalogue; reported crawl age retained; not live stock or accepted quote"", ""seller"": ""DigiKey Germany"", ""url"": ""https://www.digikey.de/de/products/detail/yageo/AC0603FR-0710KL/2828135"", ""reported_crawl_age"": ""last week"", ""stock_observed"": 1303493, ""live_stock"": null, ""moq_observed"": 1, ""order_multiple_observed"": 1, ""retail_pack_size_observed"": 1, ""factory_pack"": 5000, ""packaging"": ""Cut tape / bulk individual; no optional reeling"", ""manufacturer_lead_time_weeks_observed"": 22, ""actual_dispatch_lead_time"": null, ""unit_price_net_eur_observed"": 0.09, ""unit_price_gross_eur_scenario"": 0.1071, ""private_germany_route"": ""See seller_contracts; subject to acceptance and current inventory; no checkout performed"", ""delivered_cost_eur"": null, ""substitutes_qualified"": [], ""qualification_gaps"": [""Loss/leakage/temperature/excess-noise or production population not fully validated""], ""conflicting_observation"": ""Other catalogue alias shows backorder; exact current shared inventory unconfirmed""}",
candidate_0014,Routloadn,AC0603FR-0710KL,1,10000,ohm,0.01,Thick film,0603 / 1608,"{""power_w_at_70C"": 0.1, ""working_voltage_v"": 75, ""tcr_ppm_per_C"": 100}",../../research/procurement/architecture_parts_2026-10-09.yaml#parts/AC0603FR-0710KL,2026-10-09,https://yageogroup.com/component-documentation/download/specsheet/AC0603FR-0710KL,"{""exact_mpn"": ""AC0603FR-0710KL"", ""nominal"": 10000, ""unit"": ""ohm"", ""tolerance_fraction"": 0.01, ""technology"": ""Thick film"", ""package"": ""0603 / 1608"", ""ratings"": {""power_w_at_70C"": 0.1, ""working_voltage_v"": 75, ""tcr_ppm_per_C"": 100}, ""manufacturer_document"": ""https://yageogroup.com/component-documentation/download/specsheet/AC0603FR-0710KL"", ""manufacturer_lifecycle"": ""Documented production series; exact current notices/orderability require refresh"", ""observation_date"": ""2026-10-09"", ""evidence_kind"": ""Indexed primary seller catalogue; reported crawl age retained; not live stock or accepted quote"", ""seller"": ""DigiKey Germany"", ""url"": ""https://www.digikey.de/de/products/detail/yageo/AC0603FR-0710KL/2828135"", ""reported_crawl_age"": ""last week"", ""stock_observed"": 1303493, ""live_stock"": null, ""moq_observed"": 1, ""order_multiple_observed"": 1, ""retail_pack_size_observed"": 1, ""factory_pack"": 5000, ""packaging"": ""Cut tape / bulk individual; no optional reeling"", ""manufacturer_lead_time_weeks_observed"": 22, ""actual_dispatch_lead_time"": null, ""unit_price_net_eur_observed"": 0.09, ""unit_price_gross_eur_scenario"": 0.1071, ""private_germany_route"": ""See seller_contracts; subject to acceptance and current inventory; no checkout performed"", ""delivered_cost_eur"": null, ""substitutes_qualified"": [], ""qualification_gaps"": [""Loss/leakage/temperature/excess-noise or production population not fully validated""], ""conflicting_observation"": ""Other catalogue alias shows backorder; exact current shared inventory unconfirmed""}",
candidate_0013,Rharvestp,RC0603FR-072K2L,1,2200,ohm,0.01,Thick film,0603 / 1608,"{""power_w_at_70C"": 0.1, ""working_voltage_v"": 75, ""tcr_ppm_per_C"": 100}",../../research/procurement/architecture_parts_2026-10-09.yaml#parts/RC0603FR-072K2L,2026-10-09,https://yageogroup.com/component-documentation/download/specsheet/RC0603FR-072K2L,"{""exact_mpn"": ""RC0603FR-072K2L"", ""nominal"": 2200, ""unit"": ""ohm"", ""tolerance_fraction"": 0.01, ""technology"": ""Thick film"", ""package"": ""0603 / 1608"", ""ratings"": {""power_w_at_70C"": 0.1, ""working_voltage_v"": 75, ""tcr_ppm_per_C"": 100}, ""manufacturer_document"": ""https://yageogroup.com/component-documentation/download/specsheet/RC0603FR-072K2L"", ""manufacturer_lifecycle"": ""Documented production series; exact current notices/orderability require refresh"", ""observation_date"": ""2026-10-09"", ""evidence_kind"": ""Indexed primary seller catalogue; reported crawl age retained; not live stock or accepted quote"", ""seller"": ""DigiKey Germany"", ""url"": ""https://www.digikey.de/de/products/detail/yageo/RC0603FR-072K2L/727016"", ""reported_crawl_age"": ""last week"", ""stock_observed"": 159712, ""live_stock"": null, ""moq_observed"": 1, ""order_multiple_observed"": 1, ""retail_pack_size_observed"": 1, ""factory_pack"": 5000, ""packaging"": ""Cut tape / bulk individual; no optional reeling"", ""manufacturer_lead_time_weeks_observed"": 22, ""actual_dispatch_lead_time"": null, ""unit_price_net_eur_observed"": 0.09, ""unit_price_gross_eur_scenario"": 0.1071, ""private_germany_route"": ""See seller_contracts; subject to acceptance and current inventory; no checkout performed"", ""delivered_cost_eur"": null, ""substitutes_qualified"": [], ""qualification_gaps"": [""Loss/leakage/temperature/excess-noise or production population not fully validated""]}",
candidate_0013,Rharvestn,RC0603FR-072K2L,1,2200,ohm,0.01,Thick film,0603 / 1608,"{""power_w_at_70C"": 0.1, ""working_voltage_v"": 75, ""tcr_ppm_per_C"": 100}",../../research/procurement/architecture_parts_2026-10-09.yaml#parts/RC0603FR-072K2L,2026-10-09,https://yageogroup.com/component-documentation/download/specsheet/RC0603FR-072K2L,"{""exact_mpn"": ""RC0603FR-072K2L"", ""nominal"": 2200, ""unit"": ""ohm"", ""tolerance_fraction"": 0.01, ""technology"": ""Thick film"", ""package"": ""0603 / 1608"", ""ratings"": {""power_w_at_70C"": 0.1, ""working_voltage_v"": 75, ""tcr_ppm_per_C"": 100}, ""manufacturer_document"": ""https://yageogroup.com/component-documentation/download/specsheet/RC0603FR-072K2L"", ""manufacturer_lifecycle"": ""Documented production series; exact current notices/orderability require refresh"", ""observation_date"": ""2026-10-09"", ""evidence_kind"": ""Indexed primary seller catalogue; reported crawl age retained; not live stock or accepted quote"", ""seller"": ""DigiKey Germany"", ""url"": ""https://www.digikey.de/de/products/detail/yageo/RC0603FR-072K2L/727016"", ""reported_crawl_age"": ""last week"", ""stock_observed"": 159712, ""live_stock"": null, ""moq_observed"": 1, ""order_multiple_observed"": 1, ""retail_pack_size_observed"": 1, ""factory_pack"": 5000, ""packaging"": ""Cut tape / bulk individual; no optional reeling"", ""manufacturer_lead_time_weeks_observed"": 22, ""actual_dispatch_lead_time"": null, ""unit_price_net_eur_observed"": 0.09, ""unit_price_gross_eur_scenario"": 0.1071, ""private_germany_route"": ""See seller_contracts; subject to acceptance and current inventory; no checkout performed"", ""delivered_cost_eur"": null, ""substitutes_qualified"": [], ""qualification_gaps"": [""Loss/leakage/temperature/excess-noise or production population not fully validated""]}",
candidate_0013,Craw,EEU-FR1J470,1,4.7e-05,F,0.2,Polar aluminium electrolytic FR-A,Radial 6.3 x 12.7mm; 2.5mm pitch,"{""voltage_v"": 63, ""temperature_C"": 105, ""life_hours_at_105C"": 5000}",../../research/procurement/architecture_parts_2026-10-09.yaml#parts/EEU-FR1J470,2026-10-09,,"{""exact_mpn"": ""EEU-FR1J470"", ""nominal"": 4.7e-05, ""unit"": ""F"", ""tolerance_fraction"": 0.2, ""technology"": ""Polar aluminium electrolytic FR-A"", ""package"": ""Radial 6.3 x 12.7mm; 2.5mm pitch"", ""ratings"": {""voltage_v"": 63, ""temperature_C"": 105, ""life_hours_at_105C"": 5000}, ""manufacturer_document"": null, ""manufacturer_lifecycle"": ""Documented production series; exact current notices/orderability require refresh"", ""observation_date"": ""2026-10-09"", ""evidence_kind"": ""Indexed primary seller catalogue; reported crawl age retained; not live stock or accepted quote"", ""seller"": ""DigiKey Germany"", ""url"": ""https://www.digikey.de/de/products/detail/panasonic-electronic-components/EEU-FR1J470/3072280"", ""reported_crawl_age"": ""4 months"", ""stock_observed"": 68724, ""live_stock"": null, ""moq_observed"": 1, ""order_multiple_observed"": 1, ""retail_pack_size_observed"": 1, ""factory_pack"": null, ""packaging"": ""Cut tape / bulk individual; no optional reeling"", ""manufacturer_lead_time_weeks_observed"": 31, ""actual_dispatch_lead_time"": null, ""unit_price_net_eur_observed"": 0.4, ""unit_price_gross_eur_scenario"": 0.476, ""private_germany_route"": ""See seller_contracts; subject to acceptance and current inventory; no checkout performed"", ""delivered_cost_eur"": null, ""substitutes_qualified"": [], ""qualification_gaps"": [""Loss/leakage/temperature/excess-noise or production population not fully validated""], ""evidence_limit"": ""Older German stock/price; frequency/temperature ESR, leakage, reversal and startup stress remain unqualified. No live stock inference.""}","{""exact_mpn"": ""EEU-FR1J470"", ""manufacturer"": ""Panasonic"", ""nominal_f"": 4.7e-05, ""tolerance_fraction"": 0.2, ""voltage_v"": 63, ""technology"": ""Polar aluminum electrolytic FR-A"", ""package"": ""Radial 6.3mm diameter, 11.2mm body, 2.5mm pitch"", ""primary_url"": ""https://industrial.panasonic.com/ww/products/pt/aluminum-cap-lead/models/EEUFR1J470"", ""manufacturer_document"": ""https://industrial.panasonic.com/cdbs/www-data/pdf/RDF0000/ABA0000C1259.pdf"", ""datasheet_version"": ""01-Sep-25"", ""temperature_c"": [-40, 105], ""tan_delta_max_at_120hz_20c"": 0.09, ""leakage_max_a_at_63v_20c_after_2min"": 2.96e-05, ""supplier_url"": ""https://www.digikey.de/en/products/detail/panasonic-industry/EEU-FR1J470/3072280"", ""supplier"": ""DigiKey Germany"", ""manufacturer_lifecycle"": ""Current primary product listing; supplier Active observation"", ""stock_observed"": 65991, ""reported_crawl_age"": ""4 months"", ""live_stock"": null, ""direct_retrieval"": ""Failed internal error; preserved observation, no accepted quote"", ""moq_observed"": 1, ""order_multiple_observed"": 1, ""retail_pack_size_observed"": 1, ""factory_pack_not_ordered"": 5000, ""actual_dispatch_lead_time"": null, ""manufacturer_lead_time"": null, ""private_germany_route"": ""Parent seller_contracts/digikey public consumer EUR terms; subject to acceptance, no checkout/contact"", ""unit_price_net_eur_scenario"": 0.4, ""vat_fraction_scenario"": 0.19, ""unit_price_gross_eur_scenario"": 0.476, ""price_tax_basis"": ""Retain parent's net-price interpretation as scenario, not invoice confirmation"", ""shipping_eur_per_basket_scenario"": [25, 29.75], ""shipping_tax_basis"": ""Parent public EUR25 summary may be gross or net; neither accepted quote"", ""import_payment_fees_eur"": null, ""confirmed_delivered_eur"": null, ""substitutes_qualified"": []}"
candidate_0013,Rregtop,RC0603FR-07100KL,1,100000,ohm,0.01,Thick film,0603 / 1608,"{""power_w_at_70C"": 0.1, ""working_voltage_v"": 75, ""tcr_ppm_per_C"": 100}",../../research/procurement/architecture_parts_2026-10-09.yaml#parts/RC0603FR-07100KL,2026-10-09,https://yageogroup.com/component-documentation/download/specsheet/RC0603FR-07100KL,"{""exact_mpn"": ""RC0603FR-07100KL"", ""nominal"": 100000, ""unit"": ""ohm"", ""tolerance_fraction"": 0.01, ""technology"": ""Thick film"", ""package"": ""0603 / 1608"", ""ratings"": {""power_w_at_70C"": 0.1, ""working_voltage_v"": 75, ""tcr_ppm_per_C"": 100}, ""manufacturer_document"": ""https://yageogroup.com/component-documentation/download/specsheet/RC0603FR-07100KL"", ""manufacturer_lifecycle"": ""Documented production series; exact current notices/orderability require refresh"", ""observation_date"": ""2026-10-09"", ""evidence_kind"": ""Indexed primary seller catalogue; reported crawl age retained; not live stock or accepted quote"", ""seller"": ""DigiKey Germany"", ""url"": ""https://www.digikey.de/de/products/detail/yageo/RC0603FR-07100KL/726889"", ""reported_crawl_age"": ""3 days"", ""stock_observed"": 548272, ""live_stock"": null, ""moq_observed"": 1, ""order_multiple_observed"": 1, ""retail_pack_size_observed"": 1, ""factory_pack"": 5000, ""packaging"": ""Cut tape / bulk individual; no optional reeling"", ""manufacturer_lead_time_weeks_observed"": null, ""actual_dispatch_lead_time"": null, ""unit_price_net_eur_observed"": 0.09, ""unit_price_gross_eur_scenario"": 0.1071, ""private_germany_route"": ""See seller_contracts; subject to acceptance and current inventory; no checkout performed"", ""delivered_cost_eur"": null, ""substitutes_qualified"": [], ""qualification_gaps"": [""Loss/leakage/temperature/excess-noise or production population not fully validated""]}",
candidate_0013,Rregbottom,RC0603FR-07100KL,1,100000,ohm,0.01,Thick film,0603 / 1608,"{""power_w_at_70C"": 0.1, ""working_voltage_v"": 75, ""tcr_ppm_per_C"": 100}",../../research/procurement/architecture_parts_2026-10-09.yaml#parts/RC0603FR-07100KL,2026-10-09,https://yageogroup.com/component-documentation/download/specsheet/RC0603FR-07100KL,"{""exact_mpn"": ""RC0603FR-07100KL"", ""nominal"": 100000, ""unit"": ""ohm"", ""tolerance_fraction"": 0.01, ""technology"": ""Thick film"", ""package"": ""0603 / 1608"", ""ratings"": {""power_w_at_70C"": 0.1, ""working_voltage_v"": 75, ""tcr_ppm_per_C"": 100}, ""manufacturer_document"": ""https://yageogroup.com/component-documentation/download/specsheet/RC0603FR-07100KL"", ""manufacturer_lifecycle"": ""Documented production series; exact current notices/orderability require refresh"", ""observation_date"": ""2026-10-09"", ""evidence_kind"": ""Indexed primary seller catalogue; reported crawl age retained; not live stock or accepted quote"", ""seller"": ""DigiKey Germany"", ""url"": ""https://www.digikey.de/de/products/detail/yageo/RC0603FR-07100KL/726889"", ""reported_crawl_age"": ""3 days"", ""stock_observed"": 548272, ""live_stock"": null, ""moq_observed"": 1, ""order_multiple_observed"": 1, ""retail_pack_size_observed"": 1, ""factory_pack"": 5000, ""packaging"": ""Cut tape / bulk individual; no optional reeling"", ""manufacturer_lead_time_weeks_observed"": null, ""actual_dispatch_lead_time"": null, ""unit_price_net_eur_observed"": 0.09, ""unit_price_gross_eur_scenario"": 0.1071, ""private_germany_route"": ""See seller_contracts; subject to acceptance and current inventory; no checkout performed"", ""delivered_cost_eur"": null, ""substitutes_qualified"": [], ""qualification_gaps"": [""Loss/leakage/temperature/excess-noise or production population not fully validated""]}",
candidate_0013,Cregbase,R82EC4100DQ70J,1,1e-06,F,0.05,Metallized PET film R82,Radial 7.2 x 6 x 11.1mm; 5mm pitch,"{""voltage_dc_v"": 100, ""voltage_ac_v"": 63}",../../research/procurement/architecture_parts_2026-10-09.yaml#parts/R82EC4100DQ70J,2026-10-09,https://www.digikey.com/htmldatasheets/production/3447437/0/0/1/r82dc3680dq60j.pdf,"{""exact_mpn"": ""R82EC4100DQ70J"", ""nominal"": 1e-06, ""unit"": ""F"", ""tolerance_fraction"": 0.05, ""technology"": ""Metallized PET film R82"", ""package"": ""Radial 7.2 x 6 x 11.1mm; 5mm pitch"", ""ratings"": {""voltage_dc_v"": 100, ""voltage_ac_v"": 63}, ""manufacturer_document"": ""https://www.digikey.com/htmldatasheets/production/3447437/0/0/1/r82dc3680dq60j.pdf"", ""manufacturer_lifecycle"": ""Documented production series; exact current notices/orderability require refresh"", ""observation_date"": ""2026-10-09"", ""evidence_kind"": ""Indexed primary seller catalogue; reported crawl age retained; not live stock or accepted quote"", ""seller"": ""DigiKey Germany"", ""url"": ""https://www.digikey.de/de/products/detail/kemet/R82EC4100DQ70J/1930809"", ""reported_crawl_age"": ""3 weeks"", ""stock_observed"": 314884, ""live_stock"": null, ""moq_observed"": 1, ""order_multiple_observed"": 1, ""retail_pack_size_observed"": 1, ""factory_pack"": 1400, ""packaging"": ""Cut tape / bulk individual; no optional reeling"", ""manufacturer_lead_time_weeks_observed"": 26, ""actual_dispatch_lead_time"": null, ""unit_price_net_eur_observed"": 0.78, ""unit_price_gross_eur_scenario"": 0.9282, ""private_germany_route"": ""See seller_contracts; subject to acceptance and current inventory; no checkout performed"", ""delivered_cost_eur"": null, ""substitutes_qualified"": [], ""qualification_gaps"": [""Loss/leakage/temperature/excess-noise or production population not fully validated""]}",
candidate_0013,Qreg,"BC846B,215",1,BC846B,device,,NPN bipolar,SOT-23,"{""vceo_v"": 65, ""ic_a"": 0.1, ""note"": ""Package power/SOA and maximum temperature require mounting-specific evaluation""}","../../research/procurement/architecture_parts_2026-10-09.yaml#parts/BC846B,215",2026-10-09,https://assets.nexperia.com/documents/data-sheet/BC846_SER.pdf,"{""exact_mpn"": ""BC846B,215"", ""nominal"": ""BC846B"", ""unit"": ""device"", ""tolerance_fraction"": null, ""technology"": ""NPN bipolar"", ""package"": ""SOT-23"", ""ratings"": {""vceo_v"": 65, ""ic_a"": 0.1, ""note"": ""Package power/SOA and maximum temperature require mounting-specific evaluation""}, ""manufacturer_document"": ""https://assets.nexperia.com/documents/data-sheet/BC846_SER.pdf"", ""manufacturer_lifecycle"": ""Documented production series; exact current notices/orderability require refresh"", ""observation_date"": ""2026-10-09"", ""evidence_kind"": ""Indexed primary seller catalogue; reported crawl age retained; not live stock or accepted quote"", ""seller"": ""TME Germany"", ""url"": ""https://www.tme.eu/de/details/bc846b.215/npn-smd-transistoren/nexperia/bc846b-215/"", ""reported_crawl_age"": ""product2 months; group1 week"", ""stock_observed"": 178360, ""live_stock"": null, ""moq_observed"": 1, ""order_multiple_observed"": 1, ""retail_pack_size_observed"": 1, ""factory_pack"": 3000, ""packaging"": ""Cut tape / bulk individual; no optional reeling"", ""manufacturer_lead_time_weeks_observed"": null, ""actual_dispatch_lead_time"": null, ""unit_price_net_eur_observed"": 0.08, ""unit_price_gross_eur_scenario"": 0.0952, ""private_germany_route"": ""See seller_contracts; subject to acceptance and current inventory; no checkout performed"", ""delivered_cost_eur"": null, ""substitutes_qualified"": [], ""qualification_gaps"": [""Loss/leakage/temperature/excess-noise or production population not fully validated""], ""price_and_inventory_limit"": ""TME product/group conflict; net EUR0.08\u20130.09, gross rounded0.09\u20130.11; calculation0.08 is a labelled lower observed-price scenario, not invoice price""}",
candidate_0013,Crail,EEU-FR1J470,1,4.7e-05,F,0.2,Polar aluminium electrolytic FR-A,Radial 6.3 x 12.7mm; 2.5mm pitch,"{""voltage_v"": 63, ""temperature_C"": 105, ""life_hours_at_105C"": 5000}",../../research/procurement/architecture_parts_2026-10-09.yaml#parts/EEU-FR1J470,2026-10-09,,"{""exact_mpn"": ""EEU-FR1J470"", ""nominal"": 4.7e-05, ""unit"": ""F"", ""tolerance_fraction"": 0.2, ""technology"": ""Polar aluminium electrolytic FR-A"", ""package"": ""Radial 6.3 x 12.7mm; 2.5mm pitch"", ""ratings"": {""voltage_v"": 63, ""temperature_C"": 105, ""life_hours_at_105C"": 5000}, ""manufacturer_document"": null, ""manufacturer_lifecycle"": ""Documented production series; exact current notices/orderability require refresh"", ""observation_date"": ""2026-10-09"", ""evidence_kind"": ""Indexed primary seller catalogue; reported crawl age retained; not live stock or accepted quote"", ""seller"": ""DigiKey Germany"", ""url"": ""https://www.digikey.de/de/products/detail/panasonic-electronic-components/EEU-FR1J470/3072280"", ""reported_crawl_age"": ""4 months"", ""stock_observed"": 68724, ""live_stock"": null, ""moq_observed"": 1, ""order_multiple_observed"": 1, ""retail_pack_size_observed"": 1, ""factory_pack"": null, ""packaging"": ""Cut tape / bulk individual; no optional reeling"", ""manufacturer_lead_time_weeks_observed"": 31, ""actual_dispatch_lead_time"": null, ""unit_price_net_eur_observed"": 0.4, ""unit_price_gross_eur_scenario"": 0.476, ""private_germany_route"": ""See seller_contracts; subject to acceptance and current inventory; no checkout performed"", ""delivered_cost_eur"": null, ""substitutes_qualified"": [], ""qualification_gaps"": [""Loss/leakage/temperature/excess-noise or production population not fully validated""], ""evidence_limit"": ""Older German stock/price; frequency/temperature ESR, leakage, reversal and startup stress remain unqualified. No live stock inference.""}","{""exact_mpn"": ""EEU-FR1J470"", ""manufacturer"": ""Panasonic"", ""nominal_f"": 4.7e-05, ""tolerance_fraction"": 0.2, ""voltage_v"": 63, ""technology"": ""Polar aluminum electrolytic FR-A"", ""package"": ""Radial 6.3mm diameter, 11.2mm body, 2.5mm pitch"", ""primary_url"": ""https://industrial.panasonic.com/ww/products/pt/aluminum-cap-lead/models/EEUFR1J470"", ""manufacturer_document"": ""https://industrial.panasonic.com/cdbs/www-data/pdf/RDF0000/ABA0000C1259.pdf"", ""datasheet_version"": ""01-Sep-25"", ""temperature_c"": [-40, 105], ""tan_delta_max_at_120hz_20c"": 0.09, ""leakage_max_a_at_63v_20c_after_2min"": 2.96e-05, ""supplier_url"": ""https://www.digikey.de/en/products/detail/panasonic-industry/EEU-FR1J470/3072280"", ""supplier"": ""DigiKey Germany"", ""manufacturer_lifecycle"": ""Current primary product listing; supplier Active observation"", ""stock_observed"": 65991, ""reported_crawl_age"": ""4 months"", ""live_stock"": null, ""direct_retrieval"": ""Failed internal error; preserved observation, no accepted quote"", ""moq_observed"": 1, ""order_multiple_observed"": 1, ""retail_pack_size_observed"": 1, ""factory_pack_not_ordered"": 5000, ""actual_dispatch_lead_time"": null, ""manufacturer_lead_time"": null, ""private_germany_route"": ""Parent seller_contracts/digikey public consumer EUR terms; subject to acceptance, no checkout/contact"", ""unit_price_net_eur_scenario"": 0.4, ""vat_fraction_scenario"": 0.19, ""unit_price_gross_eur_scenario"": 0.476, ""price_tax_basis"": ""Retain parent's net-price interpretation as scenario, not invoice confirmation"", ""shipping_eur_per_basket_scenario"": [25, 29.75], ""shipping_tax_basis"": ""Parent public EUR25 summary may be gross or net; neither accepted quote"", ""import_payment_fees_eur"": null, ""confirmed_delivered_eur"": null, ""substitutes_qualified"": []}"
candidate_0013,Rmidtop,AC0603FR-0710KL,1,10000,ohm,0.01,Thick film,0603 / 1608,"{""power_w_at_70C"": 0.1, ""working_voltage_v"": 75, ""tcr_ppm_per_C"": 100}",../../research/procurement/architecture_parts_2026-10-09.yaml#parts/AC0603FR-0710KL,2026-10-09,https://yageogroup.com/component-documentation/download/specsheet/AC0603FR-0710KL,"{""exact_mpn"": ""AC0603FR-0710KL"", ""nominal"": 10000, ""unit"": ""ohm"", ""tolerance_fraction"": 0.01, ""technology"": ""Thick film"", ""package"": ""0603 / 1608"", ""ratings"": {""power_w_at_70C"": 0.1, ""working_voltage_v"": 75, ""tcr_ppm_per_C"": 100}, ""manufacturer_document"": ""https://yageogroup.com/component-documentation/download/specsheet/AC0603FR-0710KL"", ""manufacturer_lifecycle"": ""Documented production series; exact current notices/orderability require refresh"", ""observation_date"": ""2026-10-09"", ""evidence_kind"": ""Indexed primary seller catalogue; reported crawl age retained; not live stock or accepted quote"", ""seller"": ""DigiKey Germany"", ""url"": ""https://www.digikey.de/de/products/detail/yageo/AC0603FR-0710KL/2828135"", ""reported_crawl_age"": ""last week"", ""stock_observed"": 1303493, ""live_stock"": null, ""moq_observed"": 1, ""order_multiple_observed"": 1, ""retail_pack_size_observed"": 1, ""factory_pack"": 5000, ""packaging"": ""Cut tape / bulk individual; no optional reeling"", ""manufacturer_lead_time_weeks_observed"": 22, ""actual_dispatch_lead_time"": null, ""unit_price_net_eur_observed"": 0.09, ""unit_price_gross_eur_scenario"": 0.1071, ""private_germany_route"": ""See seller_contracts; subject to acceptance and current inventory; no checkout performed"", ""delivered_cost_eur"": null, ""substitutes_qualified"": [], ""qualification_gaps"": [""Loss/leakage/temperature/excess-noise or production population not fully validated""], ""conflicting_observation"": ""Other catalogue alias shows backorder; exact current shared inventory unconfirmed""}",
candidate_0013,Rmidbottom,AC0603FR-0710KL,1,10000,ohm,0.01,Thick film,0603 / 1608,"{""power_w_at_70C"": 0.1, ""working_voltage_v"": 75, ""tcr_ppm_per_C"": 100}",../../research/procurement/architecture_parts_2026-10-09.yaml#parts/AC0603FR-0710KL,2026-10-09,https://yageogroup.com/component-documentation/download/specsheet/AC0603FR-0710KL,"{""exact_mpn"": ""AC0603FR-0710KL"", ""nominal"": 10000, ""unit"": ""ohm"", ""tolerance_fraction"": 0.01, ""technology"": ""Thick film"", ""package"": ""0603 / 1608"", ""ratings"": {""power_w_at_70C"": 0.1, ""working_voltage_v"": 75, ""tcr_ppm_per_C"": 100}, ""manufacturer_document"": ""https://yageogroup.com/component-documentation/download/specsheet/AC0603FR-0710KL"", ""manufacturer_lifecycle"": ""Documented production series; exact current notices/orderability require refresh"", ""observation_date"": ""2026-10-09"", ""evidence_kind"": ""Indexed primary seller catalogue; reported crawl age retained; not live stock or accepted quote"", ""seller"": ""DigiKey Germany"", ""url"": ""https://www.digikey.de/de/products/detail/yageo/AC0603FR-0710KL/2828135"", ""reported_crawl_age"": ""last week"", ""stock_observed"": 1303493, ""live_stock"": null, ""moq_observed"": 1, ""order_multiple_observed"": 1, ""retail_pack_size_observed"": 1, ""factory_pack"": 5000, ""packaging"": ""Cut tape / bulk individual; no optional reeling"", ""manufacturer_lead_time_weeks_observed"": 22, ""actual_dispatch_lead_time"": null, ""unit_price_net_eur_observed"": 0.09, ""unit_price_gross_eur_scenario"": 0.1071, ""private_germany_route"": ""See seller_contracts; subject to acceptance and current inventory; no checkout performed"", ""delivered_cost_eur"": null, ""substitutes_qualified"": [], ""qualification_gaps"": [""Loss/leakage/temperature/excess-noise or production population not fully validated""], ""conflicting_observation"": ""Other catalogue alias shows backorder; exact current shared inventory unconfirmed""}",
candidate_0013,Cmid,EEU-FR1J470,1,4.7e-05,F,0.2,Polar aluminium electrolytic FR-A,Radial 6.3 x 12.7mm; 2.5mm pitch,"{""voltage_v"": 63, ""temperature_C"": 105, ""life_hours_at_105C"": 5000}",../../research/procurement/architecture_parts_2026-10-09.yaml#parts/EEU-FR1J470,2026-10-09,,"{""exact_mpn"": ""EEU-FR1J470"", ""nominal"": 4.7e-05, ""unit"": ""F"", ""tolerance_fraction"": 0.2, ""technology"": ""Polar aluminium electrolytic FR-A"", ""package"": ""Radial 6.3 x 12.7mm; 2.5mm pitch"", ""ratings"": {""voltage_v"": 63, ""temperature_C"": 105, ""life_hours_at_105C"": 5000}, ""manufacturer_document"": null, ""manufacturer_lifecycle"": ""Documented production series; exact current notices/orderability require refresh"", ""observation_date"": ""2026-10-09"", ""evidence_kind"": ""Indexed primary seller catalogue; reported crawl age retained; not live stock or accepted quote"", ""seller"": ""DigiKey Germany"", ""url"": ""https://www.digikey.de/de/products/detail/panasonic-electronic-components/EEU-FR1J470/3072280"", ""reported_crawl_age"": ""4 months"", ""stock_observed"": 68724, ""live_stock"": null, ""moq_observed"": 1, ""order_multiple_observed"": 1, ""retail_pack_size_observed"": 1, ""factory_pack"": null, ""packaging"": ""Cut tape / bulk individual; no optional reeling"", ""manufacturer_lead_time_weeks_observed"": 31, ""actual_dispatch_lead_time"": null, ""unit_price_net_eur_observed"": 0.4, ""unit_price_gross_eur_scenario"": 0.476, ""private_germany_route"": ""See seller_contracts; subject to acceptance and current inventory; no checkout performed"", ""delivered_cost_eur"": null, ""substitutes_qualified"": [], ""qualification_gaps"": [""Loss/leakage/temperature/excess-noise or production population not fully validated""], ""evidence_limit"": ""Older German stock/price; frequency/temperature ESR, leakage, reversal and startup stress remain unqualified. No live stock inference.""}","{""exact_mpn"": ""EEU-FR1J470"", ""manufacturer"": ""Panasonic"", ""nominal_f"": 4.7e-05, ""tolerance_fraction"": 0.2, ""voltage_v"": 63, ""technology"": ""Polar aluminum electrolytic FR-A"", ""package"": ""Radial 6.3mm diameter, 11.2mm body, 2.5mm pitch"", ""primary_url"": ""https://industrial.panasonic.com/ww/products/pt/aluminum-cap-lead/models/EEUFR1J470"", ""manufacturer_document"": ""https://industrial.panasonic.com/cdbs/www-data/pdf/RDF0000/ABA0000C1259.pdf"", ""datasheet_version"": ""01-Sep-25"", ""temperature_c"": [-40, 105], ""tan_delta_max_at_120hz_20c"": 0.09, ""leakage_max_a_at_63v_20c_after_2min"": 2.96e-05, ""supplier_url"": ""https://www.digikey.de/en/products/detail/panasonic-industry/EEU-FR1J470/3072280"", ""supplier"": ""DigiKey Germany"", ""manufacturer_lifecycle"": ""Current primary product listing; supplier Active observation"", ""stock_observed"": 65991, ""reported_crawl_age"": ""4 months"", ""live_stock"": null, ""direct_retrieval"": ""Failed internal error; preserved observation, no accepted quote"", ""moq_observed"": 1, ""order_multiple_observed"": 1, ""retail_pack_size_observed"": 1, ""factory_pack_not_ordered"": 5000, ""actual_dispatch_lead_time"": null, ""manufacturer_lead_time"": null, ""private_germany_route"": ""Parent seller_contracts/digikey public consumer EUR terms; subject to acceptance, no checkout/contact"", ""unit_price_net_eur_scenario"": 0.4, ""vat_fraction_scenario"": 0.19, ""unit_price_gross_eur_scenario"": 0.476, ""price_tax_basis"": ""Retain parent's net-price interpretation as scenario, not invoice confirmation"", ""shipping_eur_per_basket_scenario"": [25, 29.75], ""shipping_tax_basis"": ""Parent public EUR25 summary may be gross or net; neither accepted quote"", ""import_payment_fees_eur"": null, ""confirmed_delivered_eur"": null, ""substitutes_qualified"": []}"
candidate_0013,Rpolar0,RC0603FR-071ML,1,1000000,ohm,0.01,Thick film,0603 / 1608,"{""power_w_at_70C"": 0.1, ""working_voltage_v"": 75, ""tcr_ppm_per_C"": 100}",../../research/procurement/architecture_parts_2026-10-09.yaml#parts/RC0603FR-071ML,2026-10-09,https://yageogroup.com/component-documentation/download/specsheet/RC0603FR-071ML,"{""exact_mpn"": ""RC0603FR-071ML"", ""nominal"": 1000000, ""unit"": ""ohm"", ""tolerance_fraction"": 0.01, ""technology"": ""Thick film"", ""package"": ""0603 / 1608"", ""ratings"": {""power_w_at_70C"": 0.1, ""working_voltage_v"": 75, ""tcr_ppm_per_C"": 100}, ""manufacturer_document"": ""https://yageogroup.com/component-documentation/download/specsheet/RC0603FR-071ML"", ""manufacturer_lifecycle"": ""Documented production series; exact current notices/orderability require refresh"", ""observation_date"": ""2026-10-09"", ""evidence_kind"": ""Indexed primary seller catalogue; reported crawl age retained; not live stock or accepted quote"", ""seller"": ""DigiKey Germany"", ""url"": ""https://www.digikey.de/de/products/detail/yageo/RC0603FR-071ML/729791"", ""reported_crawl_age"": ""last week"", ""stock_observed"": 1566554, ""live_stock"": null, ""moq_observed"": 1, ""order_multiple_observed"": 1, ""retail_pack_size_observed"": 1, ""factory_pack"": 5000, ""packaging"": ""Cut tape / bulk individual; no optional reeling"", ""manufacturer_lead_time_weeks_observed"": 22, ""actual_dispatch_lead_time"": null, ""unit_price_net_eur_observed"": 0.09, ""unit_price_gross_eur_scenario"": 0.1071, ""private_germany_route"": ""See seller_contracts; subject to acceptance and current inventory; no checkout performed"", ""delivered_cost_eur"": null, ""substitutes_qualified"": [], ""qualification_gaps"": [""Loss/leakage/temperature/excess-noise or production population not fully validated""], ""conflicting_observation"": ""Different catalogue alias/older snapshot has different inventory; do not infer live stock""}",
candidate_0013,Rpolar1,RC0603FR-071ML,1,1000000,ohm,0.01,Thick film,0603 / 1608,"{""power_w_at_70C"": 0.1, ""working_voltage_v"": 75, ""tcr_ppm_per_C"": 100}",../../research/procurement/architecture_parts_2026-10-09.yaml#parts/RC0603FR-071ML,2026-10-09,https://yageogroup.com/component-documentation/download/specsheet/RC0603FR-071ML,"{""exact_mpn"": ""RC0603FR-071ML"", ""nominal"": 1000000, ""unit"": ""ohm"", ""tolerance_fraction"": 0.01, ""technology"": ""Thick film"", ""package"": ""0603 / 1608"", ""ratings"": {""power_w_at_70C"": 0.1, ""working_voltage_v"": 75, ""tcr_ppm_per_C"": 100}, ""manufacturer_document"": ""https://yageogroup.com/component-documentation/download/specsheet/RC0603FR-071ML"", ""manufacturer_lifecycle"": ""Documented production series; exact current notices/orderability require refresh"", ""observation_date"": ""2026-10-09"", ""evidence_kind"": ""Indexed primary seller catalogue; reported crawl age retained; not live stock or accepted quote"", ""seller"": ""DigiKey Germany"", ""url"": ""https://www.digikey.de/de/products/detail/yageo/RC0603FR-071ML/729791"", ""reported_crawl_age"": ""last week"", ""stock_observed"": 1566554, ""live_stock"": null, ""moq_observed"": 1, ""order_multiple_observed"": 1, ""retail_pack_size_observed"": 1, ""factory_pack"": 5000, ""packaging"": ""Cut tape / bulk individual; no optional reeling"", ""manufacturer_lead_time_weeks_observed"": 22, ""actual_dispatch_lead_time"": null, ""unit_price_net_eur_observed"": 0.09, ""unit_price_gross_eur_scenario"": 0.1071, ""private_germany_route"": ""See seller_contracts; subject to acceptance and current inventory; no checkout performed"", ""delivered_cost_eur"": null, ""substitutes_qualified"": [], ""qualification_gaps"": [""Loss/leakage/temperature/excess-noise or production population not fully validated""], ""conflicting_observation"": ""Different catalogue alias/older snapshot has different inventory; do not infer live stock""}",
candidate_0013,Rpolar2,RC0603FR-071ML,1,1000000,ohm,0.01,Thick film,0603 / 1608,"{""power_w_at_70C"": 0.1, ""working_voltage_v"": 75, ""tcr_ppm_per_C"": 100}",../../research/procurement/architecture_parts_2026-10-09.yaml#parts/RC0603FR-071ML,2026-10-09,https://yageogroup.com/component-documentation/download/specsheet/RC0603FR-071ML,"{""exact_mpn"": ""RC0603FR-071ML"", ""nominal"": 1000000, ""unit"": ""ohm"", ""tolerance_fraction"": 0.01, ""technology"": ""Thick film"", ""package"": ""0603 / 1608"", ""ratings"": {""power_w_at_70C"": 0.1, ""working_voltage_v"": 75, ""tcr_ppm_per_C"": 100}, ""manufacturer_document"": ""https://yageogroup.com/component-documentation/download/specsheet/RC0603FR-071ML"", ""manufacturer_lifecycle"": ""Documented production series; exact current notices/orderability require refresh"", ""observation_date"": ""2026-10-09"", ""evidence_kind"": ""Indexed primary seller catalogue; reported crawl age retained; not live stock or accepted quote"", ""seller"": ""DigiKey Germany"", ""url"": ""https://www.digikey.de/de/products/detail/yageo/RC0603FR-071ML/729791"", ""reported_crawl_age"": ""last week"", ""stock_observed"": 1566554, ""live_stock"": null, ""moq_observed"": 1, ""order_multiple_observed"": 1, ""retail_pack_size_observed"": 1, ""factory_pack"": 5000, ""packaging"": ""Cut tape / bulk individual; no optional reeling"", ""manufacturer_lead_time_weeks_observed"": 22, ""actual_dispatch_lead_time"": null, ""unit_price_net_eur_observed"": 0.09, ""unit_price_gross_eur_scenario"": 0.1071, ""private_germany_route"": ""See seller_contracts; subject to acceptance and current inventory; no checkout performed"", ""delivered_cost_eur"": null, ""substitutes_qualified"": [], ""qualification_gaps"": [""Loss/leakage/temperature/excess-noise or production population not fully validated""], ""conflicting_observation"": ""Different catalogue alias/older snapshot has different inventory; do not infer live stock""}",
candidate_0013,Rpolar3,RC0603FR-071ML,1,1000000,ohm,0.01,Thick film,0603 / 1608,"{""power_w_at_70C"": 0.1, ""working_voltage_v"": 75, ""tcr_ppm_per_C"": 100}",../../research/procurement/architecture_parts_2026-10-09.yaml#parts/RC0603FR-071ML,2026-10-09,https://yageogroup.com/component-documentation/download/specsheet/RC0603FR-071ML,"{""exact_mpn"": ""RC0603FR-071ML"", ""nominal"": 1000000, ""unit"": ""ohm"", ""tolerance_fraction"": 0.01, ""technology"": ""Thick film"", ""package"": ""0603 / 1608"", ""ratings"": {""power_w_at_70C"": 0.1, ""working_voltage_v"": 75, ""tcr_ppm_per_C"": 100}, ""manufacturer_document"": ""https://yageogroup.com/component-documentation/download/specsheet/RC0603FR-071ML"", ""manufacturer_lifecycle"": ""Documented production series; exact current notices/orderability require refresh"", ""observation_date"": ""2026-10-09"", ""evidence_kind"": ""Indexed primary seller catalogue; reported crawl age retained; not live stock or accepted quote"", ""seller"": ""DigiKey Germany"", ""url"": ""https://www.digikey.de/de/products/detail/yageo/RC0603FR-071ML/729791"", ""reported_crawl_age"": ""last week"", ""stock_observed"": 1566554, ""live_stock"": null, ""moq_observed"": 1, ""order_multiple_observed"": 1, ""retail_pack_size_observed"": 1, ""factory_pack"": 5000, ""packaging"": ""Cut tape / bulk individual; no optional reeling"", ""manufacturer_lead_time_weeks_observed"": 22, ""actual_dispatch_lead_time"": null, ""unit_price_net_eur_observed"": 0.09, ""unit_price_gross_eur_scenario"": 0.1071, ""private_germany_route"": ""See seller_contracts; subject to acceptance and current inventory; no checkout performed"", ""delivered_cost_eur"": null, ""substitutes_qualified"": [], ""qualification_gaps"": [""Loss/leakage/temperature/excess-noise or production population not fully validated""], ""conflicting_observation"": ""Different catalogue alias/older snapshot has different inventory; do not infer live stock""}",
candidate_0013,Rpolar4,RC0603FR-071ML,1,1000000,ohm,0.01,Thick film,0603 / 1608,"{""power_w_at_70C"": 0.1, ""working_voltage_v"": 75, ""tcr_ppm_per_C"": 100}",../../research/procurement/architecture_parts_2026-10-09.yaml#parts/RC0603FR-071ML,2026-10-09,https://yageogroup.com/component-documentation/download/specsheet/RC0603FR-071ML,"{""exact_mpn"": ""RC0603FR-071ML"", ""nominal"": 1000000, ""unit"": ""ohm"", ""tolerance_fraction"": 0.01, ""technology"": ""Thick film"", ""package"": ""0603 / 1608"", ""ratings"": {""power_w_at_70C"": 0.1, ""working_voltage_v"": 75, ""tcr_ppm_per_C"": 100}, ""manufacturer_document"": ""https://yageogroup.com/component-documentation/download/specsheet/RC0603FR-071ML"", ""manufacturer_lifecycle"": ""Documented production series; exact current notices/orderability require refresh"", ""observation_date"": ""2026-10-09"", ""evidence_kind"": ""Indexed primary seller catalogue; reported crawl age retained; not live stock or accepted quote"", ""seller"": ""DigiKey Germany"", ""url"": ""https://www.digikey.de/de/products/detail/yageo/RC0603FR-071ML/729791"", ""reported_crawl_age"": ""last week"", ""stock_observed"": 1566554, ""live_stock"": null, ""moq_observed"": 1, ""order_multiple_observed"": 1, ""retail_pack_size_observed"": 1, ""factory_pack"": 5000, ""packaging"": ""Cut tape / bulk individual; no optional reeling"", ""manufacturer_lead_time_weeks_observed"": 22, ""actual_dispatch_lead_time"": null, ""unit_price_net_eur_observed"": 0.09, ""unit_price_gross_eur_scenario"": 0.1071, ""private_germany_route"": ""See seller_contracts; subject to acceptance and current inventory; no checkout performed"", ""delivered_cost_eur"": null, ""substitutes_qualified"": [], ""qualification_gaps"": [""Loss/leakage/temperature/excess-noise or production population not fully validated""], ""conflicting_observation"": ""Different catalogue alias/older snapshot has different inventory; do not infer live stock""}",
candidate_0013,Rpolar5,RC0603FR-071ML,1,1000000,ohm,0.01,Thick film,0603 / 1608,"{""power_w_at_70C"": 0.1, ""working_voltage_v"": 75, ""tcr_ppm_per_C"": 100}",../../research/procurement/architecture_parts_2026-10-09.yaml#parts/RC0603FR-071ML,2026-10-09,https://yageogroup.com/component-documentation/download/specsheet/RC0603FR-071ML,"{""exact_mpn"": ""RC0603FR-071ML"", ""nominal"": 1000000, ""unit"": ""ohm"", ""tolerance_fraction"": 0.01, ""technology"": ""Thick film"", ""package"": ""0603 / 1608"", ""ratings"": {""power_w_at_70C"": 0.1, ""working_voltage_v"": 75, ""tcr_ppm_per_C"": 100}, ""manufacturer_document"": ""https://yageogroup.com/component-documentation/download/specsheet/RC0603FR-071ML"", ""manufacturer_lifecycle"": ""Documented production series; exact current notices/orderability require refresh"", ""observation_date"": ""2026-10-09"", ""evidence_kind"": ""Indexed primary seller catalogue; reported crawl age retained; not live stock or accepted quote"", ""seller"": ""DigiKey Germany"", ""url"": ""https://www.digikey.de/de/products/detail/yageo/RC0603FR-071ML/729791"", ""reported_crawl_age"": ""last week"", ""stock_observed"": 1566554, ""live_stock"": null, ""moq_observed"": 1, ""order_multiple_observed"": 1, ""retail_pack_size_observed"": 1, ""factory_pack"": 5000, ""packaging"": ""Cut tape / bulk individual; no optional reeling"", ""manufacturer_lead_time_weeks_observed"": 22, ""actual_dispatch_lead_time"": null, ""unit_price_net_eur_observed"": 0.09, ""unit_price_gross_eur_scenario"": 0.1071, ""private_germany_route"": ""See seller_contracts; subject to acceptance and current inventory; no checkout performed"", ""delivered_cost_eur"": null, ""substitutes_qualified"": [], ""qualification_gaps"": [""Loss/leakage/temperature/excess-noise or production population not fully validated""], ""conflicting_observation"": ""Different catalogue alias/older snapshot has different inventory; do not infer live stock""}",
candidate_0013,Rpolar6,RC0603FR-071ML,1,1000000,ohm,0.01,Thick film,0603 / 1608,"{""power_w_at_70C"": 0.1, ""working_voltage_v"": 75, ""tcr_ppm_per_C"": 100}",../../research/procurement/architecture_parts_2026-10-09.yaml#parts/RC0603FR-071ML,2026-10-09,https://yageogroup.com/component-documentation/download/specsheet/RC0603FR-071ML,"{""exact_mpn"": ""RC0603FR-071ML"", ""nominal"": 1000000, ""unit"": ""ohm"", ""tolerance_fraction"": 0.01, ""technology"": ""Thick film"", ""package"": ""0603 / 1608"", ""ratings"": {""power_w_at_70C"": 0.1, ""working_voltage_v"": 75, ""tcr_ppm_per_C"": 100}, ""manufacturer_document"": ""https://yageogroup.com/component-documentation/download/specsheet/RC0603FR-071ML"", ""manufacturer_lifecycle"": ""Documented production series; exact current notices/orderability require refresh"", ""observation_date"": ""2026-10-09"", ""evidence_kind"": ""Indexed primary seller catalogue; reported crawl age retained; not live stock or accepted quote"", ""seller"": ""DigiKey Germany"", ""url"": ""https://www.digikey.de/de/products/detail/yageo/RC0603FR-071ML/729791"", ""reported_crawl_age"": ""last week"", ""stock_observed"": 1566554, ""live_stock"": null, ""moq_observed"": 1, ""order_multiple_observed"": 1, ""retail_pack_size_observed"": 1, ""factory_pack"": 5000, ""packaging"": ""Cut tape / bulk individual; no optional reeling"", ""manufacturer_lead_time_weeks_observed"": 22, ""actual_dispatch_lead_time"": null, ""unit_price_net_eur_observed"": 0.09, ""unit_price_gross_eur_scenario"": 0.1071, ""private_germany_route"": ""See seller_contracts; subject to acceptance and current inventory; no checkout performed"", ""delivered_cost_eur"": null, ""substitutes_qualified"": [], ""qualification_gaps"": [""Loss/leakage/temperature/excess-noise or production population not fully validated""], ""conflicting_observation"": ""Different catalogue alias/older snapshot has different inventory; do not infer live stock""}",
candidate_0013,Rpolar7,RC0603FR-071ML,1,1000000,ohm,0.01,Thick film,0603 / 1608,"{""power_w_at_70C"": 0.1, ""working_voltage_v"": 75, ""tcr_ppm_per_C"": 100}",../../research/procurement/architecture_parts_2026-10-09.yaml#parts/RC0603FR-071ML,2026-10-09,https://yageogroup.com/component-documentation/download/specsheet/RC0603FR-071ML,"{""exact_mpn"": ""RC0603FR-071ML"", ""nominal"": 1000000, ""unit"": ""ohm"", ""tolerance_fraction"": 0.01, ""technology"": ""Thick film"", ""package"": ""0603 / 1608"", ""ratings"": {""power_w_at_70C"": 0.1, ""working_voltage_v"": 75, ""tcr_ppm_per_C"": 100}, ""manufacturer_document"": ""https://yageogroup.com/component-documentation/download/specsheet/RC0603FR-071ML"", ""manufacturer_lifecycle"": ""Documented production series; exact current notices/orderability require refresh"", ""observation_date"": ""2026-10-09"", ""evidence_kind"": ""Indexed primary seller catalogue; reported crawl age retained; not live stock or accepted quote"", ""seller"": ""DigiKey Germany"", ""url"": ""https://www.digikey.de/de/products/detail/yageo/RC0603FR-071ML/729791"", ""reported_crawl_age"": ""last week"", ""stock_observed"": 1566554, ""live_stock"": null, ""moq_observed"": 1, ""order_multiple_observed"": 1, ""retail_pack_size_observed"": 1, ""factory_pack"": 5000, ""packaging"": ""Cut tape / bulk individual; no optional reeling"", ""manufacturer_lead_time_weeks_observed"": 22, ""actual_dispatch_lead_time"": null, ""unit_price_net_eur_observed"": 0.09, ""unit_price_gross_eur_scenario"": 0.1071, ""private_germany_route"": ""See seller_contracts; subject to acceptance and current inventory; no checkout performed"", ""delivered_cost_eur"": null, ""substitutes_qualified"": [], ""qualification_gaps"": [""Loss/leakage/temperature/excess-noise or production population not fully validated""], ""conflicting_observation"": ""Different catalogue alias/older snapshot has different inventory; do not infer live stock""}",
candidate_0013,Rpolar8,RC0603FR-071ML,1,1000000,ohm,0.01,Thick film,0603 / 1608,"{""power_w_at_70C"": 0.1, ""working_voltage_v"": 75, ""tcr_ppm_per_C"": 100}",../../research/procurement/architecture_parts_2026-10-09.yaml#parts/RC0603FR-071ML,2026-10-09,https://yageogroup.com/component-documentation/download/specsheet/RC0603FR-071ML,"{""exact_mpn"": ""RC0603FR-071ML"", ""nominal"": 1000000, ""unit"": ""ohm"", ""tolerance_fraction"": 0.01, ""technology"": ""Thick film"", ""package"": ""0603 / 1608"", ""ratings"": {""power_w_at_70C"": 0.1, ""working_voltage_v"": 75, ""tcr_ppm_per_C"": 100}, ""manufacturer_document"": ""https://yageogroup.com/component-documentation/download/specsheet/RC0603FR-071ML"", ""manufacturer_lifecycle"": ""Documented production series; exact current notices/orderability require refresh"", ""observation_date"": ""2026-10-09"", ""evidence_kind"": ""Indexed primary seller catalogue; reported crawl age retained; not live stock or accepted quote"", ""seller"": ""DigiKey Germany"", ""url"": ""https://www.digikey.de/de/products/detail/yageo/RC0603FR-071ML/729791"", ""reported_crawl_age"": ""last week"", ""stock_observed"": 1566554, ""live_stock"": null, ""moq_observed"": 1, ""order_multiple_observed"": 1, ""retail_pack_size_observed"": 1, ""factory_pack"": 5000, ""packaging"": ""Cut tape / bulk individual; no optional reeling"", ""manufacturer_lead_time_weeks_observed"": 22, ""actual_dispatch_lead_time"": null, ""unit_price_net_eur_observed"": 0.09, ""unit_price_gross_eur_scenario"": 0.1071, ""private_germany_route"": ""See seller_contracts; subject to acceptance and current inventory; no checkout performed"", ""delivered_cost_eur"": null, ""substitutes_qualified"": [], ""qualification_gaps"": [""Loss/leakage/temperature/excess-noise or production population not fully validated""], ""conflicting_observation"": ""Different catalogue alias/older snapshot has different inventory; do not infer live stock""}",
candidate_0013,Rpolar9,RC0603FR-071ML,1,1000000,ohm,0.01,Thick film,0603 / 1608,"{""power_w_at_70C"": 0.1, ""working_voltage_v"": 75, ""tcr_ppm_per_C"": 100}",../../research/procurement/architecture_parts_2026-10-09.yaml#parts/RC0603FR-071ML,2026-10-09,https://yageogroup.com/component-documentation/download/specsheet/RC0603FR-071ML,"{""exact_mpn"": ""RC0603FR-071ML"", ""nominal"": 1000000, ""unit"": ""ohm"", ""tolerance_fraction"": 0.01, ""technology"": ""Thick film"", ""package"": ""0603 / 1608"", ""ratings"": {""power_w_at_70C"": 0.1, ""working_voltage_v"": 75, ""tcr_ppm_per_C"": 100}, ""manufacturer_document"": ""https://yageogroup.com/component-documentation/download/specsheet/RC0603FR-071ML"", ""manufacturer_lifecycle"": ""Documented production series; exact current notices/orderability require refresh"", ""observation_date"": ""2026-10-09"", ""evidence_kind"": ""Indexed primary seller catalogue; reported crawl age retained; not live stock or accepted quote"", ""seller"": ""DigiKey Germany"", ""url"": ""https://www.digikey.de/de/products/detail/yageo/RC0603FR-071ML/729791"", ""reported_crawl_age"": ""last week"", ""stock_observed"": 1566554, ""live_stock"": null, ""moq_observed"": 1, ""order_multiple_observed"": 1, ""retail_pack_size_observed"": 1, ""factory_pack"": 5000, ""packaging"": ""Cut tape / bulk individual; no optional reeling"", ""manufacturer_lead_time_weeks_observed"": 22, ""actual_dispatch_lead_time"": null, ""unit_price_net_eur_observed"": 0.09, ""unit_price_gross_eur_scenario"": 0.1071, ""private_germany_route"": ""See seller_contracts; subject to acceptance and current inventory; no checkout performed"", ""delivered_cost_eur"": null, ""substitutes_qualified"": [], ""qualification_gaps"": [""Loss/leakage/temperature/excess-noise or production population not fully validated""], ""conflicting_observation"": ""Different catalogue alias/older snapshot has different inventory; do not infer live stock""}",
candidate_0013,Cpol,R82EC3100DQ70J,1,1e-07,F,0.05,Metallized PET film R82,Radial 7.2 x 2.5 x 6.6mm; 5mm pitch,"{""voltage_dc_v"": 100}",../../research/procurement/architecture_parts_2026-10-09.yaml#parts/R82EC3100DQ70J,2026-10-09,https://www.digikey.com/htmldatasheets/production/3447437/0/0/1/r82dc3680dq60j.pdf,"{""exact_mpn"": ""R82EC3100DQ70J"", ""nominal"": 1e-07, ""unit"": ""F"", ""tolerance_fraction"": 0.05, ""technology"": ""Metallized PET film R82"", ""package"": ""Radial 7.2 x 2.5 x 6.6mm; 5mm pitch"", ""ratings"": {""voltage_dc_v"": 100}, ""manufacturer_document"": ""https://www.digikey.com/htmldatasheets/production/3447437/0/0/1/r82dc3680dq60j.pdf"", ""manufacturer_lifecycle"": ""Documented production series; exact current notices/orderability require refresh"", ""observation_date"": ""2026-10-09"", ""evidence_kind"": ""Indexed primary seller catalogue; reported crawl age retained; not live stock or accepted quote"", ""seller"": ""DigiKey Germany"", ""url"": ""https://www.digikey.de/en/products/detail/kemet/R82EC3100DQ70J/1930807"", ""reported_crawl_age"": ""German exact price unavailable"", ""stock_observed"": null, ""live_stock"": null, ""moq_observed"": 1, ""order_multiple_observed"": 1, ""retail_pack_size_observed"": 1, ""factory_pack"": null, ""packaging"": ""Cut tape / bulk individual; no optional reeling"", ""manufacturer_lead_time_weeks_observed"": 26, ""actual_dispatch_lead_time"": null, ""unit_price_net_eur_observed"": null, ""unit_price_gross_eur_scenario"": null, ""private_germany_route"": ""See seller_contracts; subject to acceptance and current inventory; no checkout performed"", ""delivered_cost_eur"": null, ""substitutes_qualified"": [], ""qualification_gaps"": [""Loss/leakage/temperature/excess-noise or production population not fully validated""], ""other_territory_observation"": {""seller"": ""DigiKey US"", ""stock"": 64236, ""crawl_age"": ""yesterday"", ""unit_price_usd"": 0.34, ""limitation"": ""Same exact MPN catalogue evidence only; not a German EUR quote or live Germany inventory""}}",
candidate_0013,Rback,RC0603FR-071ML,1,1000000,ohm,0.01,Thick film,0603 / 1608,"{""power_w_at_70C"": 0.1, ""working_voltage_v"": 75, ""tcr_ppm_per_C"": 100}",../../research/procurement/architecture_parts_2026-10-09.yaml#parts/RC0603FR-071ML,2026-10-09,https://yageogroup.com/component-documentation/download/specsheet/RC0603FR-071ML,"{""exact_mpn"": ""RC0603FR-071ML"", ""nominal"": 1000000, ""unit"": ""ohm"", ""tolerance_fraction"": 0.01, ""technology"": ""Thick film"", ""package"": ""0603 / 1608"", ""ratings"": {""power_w_at_70C"": 0.1, ""working_voltage_v"": 75, ""tcr_ppm_per_C"": 100}, ""manufacturer_document"": ""https://yageogroup.com/component-documentation/download/specsheet/RC0603FR-071ML"", ""manufacturer_lifecycle"": ""Documented production series; exact current notices/orderability require refresh"", ""observation_date"": ""2026-10-09"", ""evidence_kind"": ""Indexed primary seller catalogue; reported crawl age retained; not live stock or accepted quote"", ""seller"": ""DigiKey Germany"", ""url"": ""https://www.digikey.de/de/products/detail/yageo/RC0603FR-071ML/729791"", ""reported_crawl_age"": ""last week"", ""stock_observed"": 1566554, ""live_stock"": null, ""moq_observed"": 1, ""order_multiple_observed"": 1, ""retail_pack_size_observed"": 1, ""factory_pack"": 5000, ""packaging"": ""Cut tape / bulk individual; no optional reeling"", ""manufacturer_lead_time_weeks_observed"": 22, ""actual_dispatch_lead_time"": null, ""unit_price_net_eur_observed"": 0.09, ""unit_price_gross_eur_scenario"": 0.1071, ""private_germany_route"": ""See seller_contracts; subject to acceptance and current inventory; no checkout performed"", ""delivered_cost_eur"": null, ""substitutes_qualified"": [], ""qualification_gaps"": [""Loss/leakage/temperature/excess-noise or production population not fully validated""], ""conflicting_observation"": ""Different catalogue alias/older snapshot has different inventory; do not infer live stock""}",
candidate_0013,Cexcite,R82EC3100DQ70J,1,1e-07,F,0.05,Metallized PET film R82,Radial 7.2 x 2.5 x 6.6mm; 5mm pitch,"{""voltage_dc_v"": 100}",../../research/procurement/architecture_parts_2026-10-09.yaml#parts/R82EC3100DQ70J,2026-10-09,https://www.digikey.com/htmldatasheets/production/3447437/0/0/1/r82dc3680dq60j.pdf,"{""exact_mpn"": ""R82EC3100DQ70J"", ""nominal"": 1e-07, ""unit"": ""F"", ""tolerance_fraction"": 0.05, ""technology"": ""Metallized PET film R82"", ""package"": ""Radial 7.2 x 2.5 x 6.6mm; 5mm pitch"", ""ratings"": {""voltage_dc_v"": 100}, ""manufacturer_document"": ""https://www.digikey.com/htmldatasheets/production/3447437/0/0/1/r82dc3680dq60j.pdf"", ""manufacturer_lifecycle"": ""Documented production series; exact current notices/orderability require refresh"", ""observation_date"": ""2026-10-09"", ""evidence_kind"": ""Indexed primary seller catalogue; reported crawl age retained; not live stock or accepted quote"", ""seller"": ""DigiKey Germany"", ""url"": ""https://www.digikey.de/en/products/detail/kemet/R82EC3100DQ70J/1930807"", ""reported_crawl_age"": ""German exact price unavailable"", ""stock_observed"": null, ""live_stock"": null, ""moq_observed"": 1, ""order_multiple_observed"": 1, ""retail_pack_size_observed"": 1, ""factory_pack"": null, ""packaging"": ""Cut tape / bulk individual; no optional reeling"", ""manufacturer_lead_time_weeks_observed"": 26, ""actual_dispatch_lead_time"": null, ""unit_price_net_eur_observed"": null, ""unit_price_gross_eur_scenario"": null, ""private_germany_route"": ""See seller_contracts; subject to acceptance and current inventory; no checkout performed"", ""delivered_cost_eur"": null, ""substitutes_qualified"": [], ""qualification_gaps"": [""Loss/leakage/temperature/excess-noise or production population not fully validated""], ""other_territory_observation"": {""seller"": ""DigiKey US"", ""stock"": 64236, ""crawl_age"": ""yesterday"", ""unit_price_usd"": 0.34, ""limitation"": ""Same exact MPN catalogue evidence only; not a German EUR quote or live Germany inventory""}}",
candidate_0013,Cbridgef,CC0603JRNPO0BN101,1,1e-10,F,0.05,C0G MLCC,0603 / 1608,"{""voltage_v"": 100, ""insulation_resistance_min_ohm"": 10000000000.0, ""dissipation_factor_max"": 0.001, ""temperature_C"": [-55, 125]}",../../research/procurement/architecture_parts_2026-10-09.yaml#parts/CC0603JRNPO0BN101,2026-10-09,https://yageogroup.com/download/specsheet/CC0603JRNPO0BN101,"{""exact_mpn"": ""CC0603JRNPO0BN101"", ""nominal"": 1e-10, ""unit"": ""F"", ""tolerance_fraction"": 0.05, ""technology"": ""C0G MLCC"", ""package"": ""0603 / 1608"", ""ratings"": {""voltage_v"": 100, ""insulation_resistance_min_ohm"": 10000000000.0, ""dissipation_factor_max"": 0.001, ""temperature_C"": [-55, 125]}, ""manufacturer_document"": ""https://yageogroup.com/download/specsheet/CC0603JRNPO0BN101"", ""manufacturer_lifecycle"": ""Documented production series; exact current notices/orderability require refresh"", ""observation_date"": ""2026-10-09"", ""evidence_kind"": ""Indexed primary seller catalogue; reported crawl age retained; not live stock or accepted quote"", ""seller"": ""DigiKey Germany"", ""url"": ""https://www.digikey.de/de/products/detail/yageo/CC0603JRNPO0BN101/5195647"", ""reported_crawl_age"": ""3 months replacement table; direct exact page inaccessible"", ""stock_observed"": 45850, ""live_stock"": null, ""moq_observed"": null, ""order_multiple_observed"": null, ""retail_pack_size_observed"": null, ""factory_pack"": 4000, ""packaging"": ""Cut tape / bulk individual; no optional reeling"", ""manufacturer_lead_time_weeks_observed"": null, ""actual_dispatch_lead_time"": null, ""unit_price_net_eur_observed"": 0.08, ""unit_price_gross_eur_scenario"": 0.0952, ""private_germany_route"": ""See seller_contracts; subject to acceptance and current inventory; no checkout performed"", ""delivered_cost_eur"": null, ""substitutes_qualified"": [], ""qualification_gaps"": [""Loss/leakage/temperature/excess-noise or production population not fully validated""], ""evidence_limit"": ""Exact primary manufacturer sheet retrieved 2026-10-09, generated2026-10-01. Seller replacement table sku311-1745-1-ND is CT; exact MOQ/retail pack/dispatch not independently established. Intended qty1/2 only; no claim of resolved private orderability.""}",
candidate_0013,Cbridger,CC0603JRNPO0BN101,1,1e-10,F,0.05,C0G MLCC,0603 / 1608,"{""voltage_v"": 100, ""insulation_resistance_min_ohm"": 10000000000.0, ""dissipation_factor_max"": 0.001, ""temperature_C"": [-55, 125]}",../../research/procurement/architecture_parts_2026-10-09.yaml#parts/CC0603JRNPO0BN101,2026-10-09,https://yageogroup.com/download/specsheet/CC0603JRNPO0BN101,"{""exact_mpn"": ""CC0603JRNPO0BN101"", ""nominal"": 1e-10, ""unit"": ""F"", ""tolerance_fraction"": 0.05, ""technology"": ""C0G MLCC"", ""package"": ""0603 / 1608"", ""ratings"": {""voltage_v"": 100, ""insulation_resistance_min_ohm"": 10000000000.0, ""dissipation_factor_max"": 0.001, ""temperature_C"": [-55, 125]}, ""manufacturer_document"": ""https://yageogroup.com/download/specsheet/CC0603JRNPO0BN101"", ""manufacturer_lifecycle"": ""Documented production series; exact current notices/orderability require refresh"", ""observation_date"": ""2026-10-09"", ""evidence_kind"": ""Indexed primary seller catalogue; reported crawl age retained; not live stock or accepted quote"", ""seller"": ""DigiKey Germany"", ""url"": ""https://www.digikey.de/de/products/detail/yageo/CC0603JRNPO0BN101/5195647"", ""reported_crawl_age"": ""3 months replacement table; direct exact page inaccessible"", ""stock_observed"": 45850, ""live_stock"": null, ""moq_observed"": null, ""order_multiple_observed"": null, ""retail_pack_size_observed"": null, ""factory_pack"": 4000, ""packaging"": ""Cut tape / bulk individual; no optional reeling"", ""manufacturer_lead_time_weeks_observed"": null, ""actual_dispatch_lead_time"": null, ""unit_price_net_eur_observed"": 0.08, ""unit_price_gross_eur_scenario"": 0.0952, ""private_germany_route"": ""See seller_contracts; subject to acceptance and current inventory; no checkout performed"", ""delivered_cost_eur"": null, ""substitutes_qualified"": [], ""qualification_gaps"": [""Loss/leakage/temperature/excess-noise or production population not fully validated""], ""evidence_limit"": ""Exact primary manufacturer sheet retrieved 2026-10-09, generated2026-10-01. Seller replacement table sku311-1745-1-ND is CT; exact MOQ/retail pack/dispatch not independently established. Intended qty1/2 only; no claim of resolved private orderability.""}",
candidate_0013,Rbias,HVA12JA1G00,1,1000000000.0,ohm,0.05,High-voltage metal film,Axial 4 x 11mm,"{""power_w"": 1.2, ""voltage_limit_v"": 8000, ""power_limited_voltage_v"": 34641, ""tcr_ppm_per_C"": 200, ""vcr_ppm_per_v_max"": 20}",../../research/procurement/architecture_parts_2026-10-09.yaml#parts/HVA12JA1G00,2026-10-09,https://www.mouser.com/datasheet/2/385/SEI_HVA-3077810.pdf,"{""exact_mpn"": ""HVA12JA1G00"", ""nominal"": 1000000000.0, ""unit"": ""ohm"", ""tolerance_fraction"": 0.05, ""technology"": ""High-voltage metal film"", ""package"": ""Axial 4 x 11mm"", ""ratings"": {""power_w"": 1.2, ""voltage_limit_v"": 8000, ""power_limited_voltage_v"": 34641, ""tcr_ppm_per_C"": 200, ""vcr_ppm_per_v_max"": 20}, ""manufacturer_document"": ""https://www.mouser.com/datasheet/2/385/SEI_HVA-3077810.pdf"", ""manufacturer_lifecycle"": ""Documented production series; exact current notices/orderability require refresh"", ""observation_date"": ""2026-10-09"", ""evidence_kind"": ""Indexed primary seller catalogue; reported crawl age retained; not live stock or accepted quote"", ""seller"": ""DigiKey Germany"", ""url"": ""https://www.digikey.de/en/products/detail/stackpole-electronics-inc/HVA12JA1G00/6195865"", ""reported_crawl_age"": ""last week filter listing"", ""stock_observed"": 1148, ""live_stock"": null, ""moq_observed"": 1, ""order_multiple_observed"": 1, ""retail_pack_size_observed"": 1, ""factory_pack"": 1000, ""packaging"": ""Cut tape / bulk individual; no optional reeling"", ""manufacturer_lead_time_weeks_observed"": null, ""actual_dispatch_lead_time"": null, ""unit_price_net_eur_observed"": 0.73, ""unit_price_gross_eur_scenario"": 0.8687, ""private_germany_route"": ""See seller_contracts; subject to acceptance and current inventory; no checkout performed"", ""delivered_cost_eur"": null, ""substitutes_qualified"": [], ""qualification_gaps"": [""Loss/leakage/temperature/excess-noise or production population not fully validated""], ""evidence_limit"": ""German distributor filter showed stock/CT price; direct exact product cache miss. CT MOQ1, factory tape-and-box1000 is not a required private pack.""}",
candidate_0013,Rrearbias,HVA12JA1G00,1,1000000000.0,ohm,0.05,High-voltage metal film,Axial 4 x 11mm,"{""power_w"": 1.2, ""voltage_limit_v"": 8000, ""power_limited_voltage_v"": 34641, ""tcr_ppm_per_C"": 200, ""vcr_ppm_per_v_max"": 20}",../../research/procurement/architecture_parts_2026-10-09.yaml#parts/HVA12JA1G00,2026-10-09,https://www.mouser.com/datasheet/2/385/SEI_HVA-3077810.pdf,"{""exact_mpn"": ""HVA12JA1G00"", ""nominal"": 1000000000.0, ""unit"": ""ohm"", ""tolerance_fraction"": 0.05, ""technology"": ""High-voltage metal film"", ""package"": ""Axial 4 x 11mm"", ""ratings"": {""power_w"": 1.2, ""voltage_limit_v"": 8000, ""power_limited_voltage_v"": 34641, ""tcr_ppm_per_C"": 200, ""vcr_ppm_per_v_max"": 20}, ""manufacturer_document"": ""https://www.mouser.com/datasheet/2/385/SEI_HVA-3077810.pdf"", ""manufacturer_lifecycle"": ""Documented production series; exact current notices/orderability require refresh"", ""observation_date"": ""2026-10-09"", ""evidence_kind"": ""Indexed primary seller catalogue; reported crawl age retained; not live stock or accepted quote"", ""seller"": ""DigiKey Germany"", ""url"": ""https://www.digikey.de/en/products/detail/stackpole-electronics-inc/HVA12JA1G00/6195865"", ""reported_crawl_age"": ""last week filter listing"", ""stock_observed"": 1148, ""live_stock"": null, ""moq_observed"": 1, ""order_multiple_observed"": 1, ""retail_pack_size_observed"": 1, ""factory_pack"": 1000, ""packaging"": ""Cut tape / bulk individual; no optional reeling"", ""manufacturer_lead_time_weeks_observed"": null, ""actual_dispatch_lead_time"": null, ""unit_price_net_eur_observed"": 0.73, ""unit_price_gross_eur_scenario"": 0.8687, ""private_germany_route"": ""See seller_contracts; subject to acceptance and current inventory; no checkout performed"", ""delivered_cost_eur"": null, ""substitutes_qualified"": [], ""qualification_gaps"": [""Loss/leakage/temperature/excess-noise or production population not fully validated""], ""evidence_limit"": ""German distributor filter showed stock/CT price; direct exact product cache miss. CT MOQ1, factory tape-and-box1000 is not a required private pack.""}",
candidate_0013,Rfilter1,RC0603FR-071KL,1,1000,ohm,0.01,Thick film,0603 / 1608,"{""power_w_at_70C"": 0.1, ""working_voltage_v"": 75, ""tcr_ppm_per_C"": 100}",../../research/procurement/architecture_parts_2026-10-09.yaml#parts/RC0603FR-071KL,2026-10-09,https://yageogroup.com/component-documentation/download/specsheet/RC0603FR-071KL,"{""exact_mpn"": ""RC0603FR-071KL"", ""nominal"": 1000, ""unit"": ""ohm"", ""tolerance_fraction"": 0.01, ""technology"": ""Thick film"", ""package"": ""0603 / 1608"", ""ratings"": {""power_w_at_70C"": 0.1, ""working_voltage_v"": 75, ""tcr_ppm_per_C"": 100}, ""manufacturer_document"": ""https://yageogroup.com/component-documentation/download/specsheet/RC0603FR-071KL"", ""manufacturer_lifecycle"": ""Documented production series; exact current notices/orderability require refresh"", ""observation_date"": ""2026-10-09"", ""evidence_kind"": ""Indexed primary seller catalogue; reported crawl age retained; not live stock or accepted quote"", ""seller"": ""DigiKey Germany"", ""url"": ""https://www.digikey.de/de/products/detail/yageo/RC0603FR-071KL/726843"", ""reported_crawl_age"": ""today"", ""stock_observed"": 2937396, ""live_stock"": null, ""moq_observed"": 1, ""order_multiple_observed"": 1, ""retail_pack_size_observed"": 1, ""factory_pack"": 5000, ""packaging"": ""Cut tape / bulk individual; no optional reeling"", ""manufacturer_lead_time_weeks_observed"": null, ""actual_dispatch_lead_time"": null, ""unit_price_net_eur_observed"": 0.09, ""unit_price_gross_eur_scenario"": 0.1071, ""private_germany_route"": ""See seller_contracts; subject to acceptance and current inventory; no checkout performed"", ""delivered_cost_eur"": null, ""substitutes_qualified"": [], ""qualification_gaps"": [""Loss/leakage/temperature/excess-noise or production population not fully validated""]}",
candidate_0013,Cfilter1,R82EC3100DQ70J,1,1e-07,F,0.05,Metallized PET film R82,Radial 7.2 x 2.5 x 6.6mm; 5mm pitch,"{""voltage_dc_v"": 100}",../../research/procurement/architecture_parts_2026-10-09.yaml#parts/R82EC3100DQ70J,2026-10-09,https://www.digikey.com/htmldatasheets/production/3447437/0/0/1/r82dc3680dq60j.pdf,"{""exact_mpn"": ""R82EC3100DQ70J"", ""nominal"": 1e-07, ""unit"": ""F"", ""tolerance_fraction"": 0.05, ""technology"": ""Metallized PET film R82"", ""package"": ""Radial 7.2 x 2.5 x 6.6mm; 5mm pitch"", ""ratings"": {""voltage_dc_v"": 100}, ""manufacturer_document"": ""https://www.digikey.com/htmldatasheets/production/3447437/0/0/1/r82dc3680dq60j.pdf"", ""manufacturer_lifecycle"": ""Documented production series; exact current notices/orderability require refresh"", ""observation_date"": ""2026-10-09"", ""evidence_kind"": ""Indexed primary seller catalogue; reported crawl age retained; not live stock or accepted quote"", ""seller"": ""DigiKey Germany"", ""url"": ""https://www.digikey.de/en/products/detail/kemet/R82EC3100DQ70J/1930807"", ""reported_crawl_age"": ""German exact price unavailable"", ""stock_observed"": null, ""live_stock"": null, ""moq_observed"": 1, ""order_multiple_observed"": 1, ""retail_pack_size_observed"": 1, ""factory_pack"": null, ""packaging"": ""Cut tape / bulk individual; no optional reeling"", ""manufacturer_lead_time_weeks_observed"": 26, ""actual_dispatch_lead_time"": null, ""unit_price_net_eur_observed"": null, ""unit_price_gross_eur_scenario"": null, ""private_germany_route"": ""See seller_contracts; subject to acceptance and current inventory; no checkout performed"", ""delivered_cost_eur"": null, ""substitutes_qualified"": [], ""qualification_gaps"": [""Loss/leakage/temperature/excess-noise or production population not fully validated""], ""other_territory_observation"": {""seller"": ""DigiKey US"", ""stock"": 64236, ""crawl_age"": ""yesterday"", ""unit_price_usd"": 0.34, ""limitation"": ""Same exact MPN catalogue evidence only; not a German EUR quote or live Germany inventory""}}",
candidate_0013,Rfilter2,RC0603FR-071KL,1,1000,ohm,0.01,Thick film,0603 / 1608,"{""power_w_at_70C"": 0.1, ""working_voltage_v"": 75, ""tcr_ppm_per_C"": 100}",../../research/procurement/architecture_parts_2026-10-09.yaml#parts/RC0603FR-071KL,2026-10-09,https://yageogroup.com/component-documentation/download/specsheet/RC0603FR-071KL,"{""exact_mpn"": ""RC0603FR-071KL"", ""nominal"": 1000, ""unit"": ""ohm"", ""tolerance_fraction"": 0.01, ""technology"": ""Thick film"", ""package"": ""0603 / 1608"", ""ratings"": {""power_w_at_70C"": 0.1, ""working_voltage_v"": 75, ""tcr_ppm_per_C"": 100}, ""manufacturer_document"": ""https://yageogroup.com/component-documentation/download/specsheet/RC0603FR-071KL"", ""manufacturer_lifecycle"": ""Documented production series; exact current notices/orderability require refresh"", ""observation_date"": ""2026-10-09"", ""evidence_kind"": ""Indexed primary seller catalogue; reported crawl age retained; not live stock or accepted quote"", ""seller"": ""DigiKey Germany"", ""url"": ""https://www.digikey.de/de/products/detail/yageo/RC0603FR-071KL/726843"", ""reported_crawl_age"": ""today"", ""stock_observed"": 2937396, ""live_stock"": null, ""moq_observed"": 1, ""order_multiple_observed"": 1, ""retail_pack_size_observed"": 1, ""factory_pack"": 5000, ""packaging"": ""Cut tape / bulk individual; no optional reeling"", ""manufacturer_lead_time_weeks_observed"": null, ""actual_dispatch_lead_time"": null, ""unit_price_net_eur_observed"": 0.09, ""unit_price_gross_eur_scenario"": 0.1071, ""private_germany_route"": ""See seller_contracts; subject to acceptance and current inventory; no checkout performed"", ""delivered_cost_eur"": null, ""substitutes_qualified"": [], ""qualification_gaps"": [""Loss/leakage/temperature/excess-noise or production population not fully validated""]}",
candidate_0013,Cfilter2,R82EC3100DQ70J,1,1e-07,F,0.05,Metallized PET film R82,Radial 7.2 x 2.5 x 6.6mm; 5mm pitch,"{""voltage_dc_v"": 100}",../../research/procurement/architecture_parts_2026-10-09.yaml#parts/R82EC3100DQ70J,2026-10-09,https://www.digikey.com/htmldatasheets/production/3447437/0/0/1/r82dc3680dq60j.pdf,"{""exact_mpn"": ""R82EC3100DQ70J"", ""nominal"": 1e-07, ""unit"": ""F"", ""tolerance_fraction"": 0.05, ""technology"": ""Metallized PET film R82"", ""package"": ""Radial 7.2 x 2.5 x 6.6mm; 5mm pitch"", ""ratings"": {""voltage_dc_v"": 100}, ""manufacturer_document"": ""https://www.digikey.com/htmldatasheets/production/3447437/0/0/1/r82dc3680dq60j.pdf"", ""manufacturer_lifecycle"": ""Documented production series; exact current notices/orderability require refresh"", ""observation_date"": ""2026-10-09"", ""evidence_kind"": ""Indexed primary seller catalogue; reported crawl age retained; not live stock or accepted quote"", ""seller"": ""DigiKey Germany"", ""url"": ""https://www.digikey.de/en/products/detail/kemet/R82EC3100DQ70J/1930807"", ""reported_crawl_age"": ""German exact price unavailable"", ""stock_observed"": null, ""live_stock"": null, ""moq_observed"": 1, ""order_multiple_observed"": 1, ""retail_pack_size_observed"": 1, ""factory_pack"": null, ""packaging"": ""Cut tape / bulk individual; no optional reeling"", ""manufacturer_lead_time_weeks_observed"": 26, ""actual_dispatch_lead_time"": null, ""unit_price_net_eur_observed"": null, ""unit_price_gross_eur_scenario"": null, ""private_germany_route"": ""See seller_contracts; subject to acceptance and current inventory; no checkout performed"", ""delivered_cost_eur"": null, ""substitutes_qualified"": [], ""qualification_gaps"": [""Loss/leakage/temperature/excess-noise or production population not fully validated""], ""other_territory_observation"": {""seller"": ""DigiKey US"", ""stock"": 64236, ""crawl_age"": ""yesterday"", ""unit_price_usd"": 0.34, ""limitation"": ""Same exact MPN catalogue evidence only; not a German EUR quote or live Germany inventory""}}",
candidate_0013,Routp,RC0603FR-0747RL,1,47,ohm,0.01,Thick film,0603 / 1608,"{""power_w_at_70C"": 0.1, ""working_voltage_v"": 75, ""tcr_ppm_per_C"": 100}",../../research/procurement/architecture_parts_2026-10-09.yaml#parts/RC0603FR-0747RL,2026-10-09,https://yageogroup.com/component-documentation/download/specsheet/RC0603FR-0747RL,"{""exact_mpn"": ""RC0603FR-0747RL"", ""nominal"": 47, ""unit"": ""ohm"", ""tolerance_fraction"": 0.01, ""technology"": ""Thick film"", ""package"": ""0603 / 1608"", ""ratings"": {""power_w_at_70C"": 0.1, ""working_voltage_v"": 75, ""tcr_ppm_per_C"": 100}, ""manufacturer_document"": ""https://yageogroup.com/component-documentation/download/specsheet/RC0603FR-0747RL"", ""manufacturer_lifecycle"": ""Documented production series; exact current notices/orderability require refresh"", ""observation_date"": ""2026-10-09"", ""evidence_kind"": ""Indexed primary seller catalogue; reported crawl age retained; not live stock or accepted quote"", ""seller"": ""DigiKey Germany"", ""url"": ""https://www.digikey.de/de/products/detail/yageo/RC0603FR-0747RL/727252"", ""reported_crawl_age"": ""2 weeks"", ""stock_observed"": 543536, ""live_stock"": null, ""moq_observed"": 1, ""order_multiple_observed"": 1, ""retail_pack_size_observed"": 1, ""factory_pack"": 5000, ""packaging"": ""Cut tape / bulk individual; no optional reeling"", ""manufacturer_lead_time_weeks_observed"": 17, ""actual_dispatch_lead_time"": null, ""unit_price_net_eur_observed"": 0.09, ""unit_price_gross_eur_scenario"": 0.1071, ""private_germany_route"": ""See seller_contracts; subject to acceptance and current inventory; no checkout performed"", ""delivered_cost_eur"": null, ""substitutes_qualified"": [], ""qualification_gaps"": [""Loss/leakage/temperature/excess-noise or production population not fully validated""]}",
candidate_0013,Routn,RC0603FR-0747RL,1,47,ohm,0.01,Thick film,0603 / 1608,"{""power_w_at_70C"": 0.1, ""working_voltage_v"": 75, ""tcr_ppm_per_C"": 100}",../../research/procurement/architecture_parts_2026-10-09.yaml#parts/RC0603FR-0747RL,2026-10-09,https://yageogroup.com/component-documentation/download/specsheet/RC0603FR-0747RL,"{""exact_mpn"": ""RC0603FR-0747RL"", ""nominal"": 47, ""unit"": ""ohm"", ""tolerance_fraction"": 0.01, ""technology"": ""Thick film"", ""package"": ""0603 / 1608"", ""ratings"": {""power_w_at_70C"": 0.1, ""working_voltage_v"": 75, ""tcr_ppm_per_C"": 100}, ""manufacturer_document"": ""https://yageogroup.com/component-documentation/download/specsheet/RC0603FR-0747RL"", ""manufacturer_lifecycle"": ""Documented production series; exact current notices/orderability require refresh"", ""observation_date"": ""2026-10-09"", ""evidence_kind"": ""Indexed primary seller catalogue; reported crawl age retained; not live stock or accepted quote"", ""seller"": ""DigiKey Germany"", ""url"": ""https://www.digikey.de/de/products/detail/yageo/RC0603FR-0747RL/727252"", ""reported_crawl_age"": ""2 weeks"", ""stock_observed"": 543536, ""live_stock"": null, ""moq_observed"": 1, ""order_multiple_observed"": 1, ""retail_pack_size_observed"": 1, ""factory_pack"": 5000, ""packaging"": ""Cut tape / bulk individual; no optional reeling"", ""manufacturer_lead_time_weeks_observed"": 17, ""actual_dispatch_lead_time"": null, ""unit_price_net_eur_observed"": 0.09, ""unit_price_gross_eur_scenario"": 0.1071, ""private_germany_route"": ""See seller_contracts; subject to acceptance and current inventory; no checkout performed"", ""delivered_cost_eur"": null, ""substitutes_qualified"": [], ""qualification_gaps"": [""Loss/leakage/temperature/excess-noise or production population not fully validated""]}",
candidate_0013,Coutp,EEU-FR1J470,1,4.7e-05,F,0.2,Polar aluminium electrolytic FR-A,Radial 6.3 x 12.7mm; 2.5mm pitch,"{""voltage_v"": 63, ""temperature_C"": 105, ""life_hours_at_105C"": 5000}",../../research/procurement/architecture_parts_2026-10-09.yaml#parts/EEU-FR1J470,2026-10-09,,"{""exact_mpn"": ""EEU-FR1J470"", ""nominal"": 4.7e-05, ""unit"": ""F"", ""tolerance_fraction"": 0.2, ""technology"": ""Polar aluminium electrolytic FR-A"", ""package"": ""Radial 6.3 x 12.7mm; 2.5mm pitch"", ""ratings"": {""voltage_v"": 63, ""temperature_C"": 105, ""life_hours_at_105C"": 5000}, ""manufacturer_document"": null, ""manufacturer_lifecycle"": ""Documented production series; exact current notices/orderability require refresh"", ""observation_date"": ""2026-10-09"", ""evidence_kind"": ""Indexed primary seller catalogue; reported crawl age retained; not live stock or accepted quote"", ""seller"": ""DigiKey Germany"", ""url"": ""https://www.digikey.de/de/products/detail/panasonic-electronic-components/EEU-FR1J470/3072280"", ""reported_crawl_age"": ""4 months"", ""stock_observed"": 68724, ""live_stock"": null, ""moq_observed"": 1, ""order_multiple_observed"": 1, ""retail_pack_size_observed"": 1, ""factory_pack"": null, ""packaging"": ""Cut tape / bulk individual; no optional reeling"", ""manufacturer_lead_time_weeks_observed"": 31, ""actual_dispatch_lead_time"": null, ""unit_price_net_eur_observed"": 0.4, ""unit_price_gross_eur_scenario"": 0.476, ""private_germany_route"": ""See seller_contracts; subject to acceptance and current inventory; no checkout performed"", ""delivered_cost_eur"": null, ""substitutes_qualified"": [], ""qualification_gaps"": [""Loss/leakage/temperature/excess-noise or production population not fully validated""], ""evidence_limit"": ""Older German stock/price; frequency/temperature ESR, leakage, reversal and startup stress remain unqualified. No live stock inference.""}","{""exact_mpn"": ""EEU-FR1J470"", ""manufacturer"": ""Panasonic"", ""nominal_f"": 4.7e-05, ""tolerance_fraction"": 0.2, ""voltage_v"": 63, ""technology"": ""Polar aluminum electrolytic FR-A"", ""package"": ""Radial 6.3mm diameter, 11.2mm body, 2.5mm pitch"", ""primary_url"": ""https://industrial.panasonic.com/ww/products/pt/aluminum-cap-lead/models/EEUFR1J470"", ""manufacturer_document"": ""https://industrial.panasonic.com/cdbs/www-data/pdf/RDF0000/ABA0000C1259.pdf"", ""datasheet_version"": ""01-Sep-25"", ""temperature_c"": [-40, 105], ""tan_delta_max_at_120hz_20c"": 0.09, ""leakage_max_a_at_63v_20c_after_2min"": 2.96e-05, ""supplier_url"": ""https://www.digikey.de/en/products/detail/panasonic-industry/EEU-FR1J470/3072280"", ""supplier"": ""DigiKey Germany"", ""manufacturer_lifecycle"": ""Current primary product listing; supplier Active observation"", ""stock_observed"": 65991, ""reported_crawl_age"": ""4 months"", ""live_stock"": null, ""direct_retrieval"": ""Failed internal error; preserved observation, no accepted quote"", ""moq_observed"": 1, ""order_multiple_observed"": 1, ""retail_pack_size_observed"": 1, ""factory_pack_not_ordered"": 5000, ""actual_dispatch_lead_time"": null, ""manufacturer_lead_time"": null, ""private_germany_route"": ""Parent seller_contracts/digikey public consumer EUR terms; subject to acceptance, no checkout/contact"", ""unit_price_net_eur_scenario"": 0.4, ""vat_fraction_scenario"": 0.19, ""unit_price_gross_eur_scenario"": 0.476, ""price_tax_basis"": ""Retain parent's net-price interpretation as scenario, not invoice confirmation"", ""shipping_eur_per_basket_scenario"": [25, 29.75], ""shipping_tax_basis"": ""Parent public EUR25 summary may be gross or net; neither accepted quote"", ""import_payment_fees_eur"": null, ""confirmed_delivered_eur"": null, ""substitutes_qualified"": []}"
candidate_0013,Coutn,EEU-FR1J470,1,4.7e-05,F,0.2,Polar aluminium electrolytic FR-A,Radial 6.3 x 12.7mm; 2.5mm pitch,"{""voltage_v"": 63, ""temperature_C"": 105, ""life_hours_at_105C"": 5000}",../../research/procurement/architecture_parts_2026-10-09.yaml#parts/EEU-FR1J470,2026-10-09,,"{""exact_mpn"": ""EEU-FR1J470"", ""nominal"": 4.7e-05, ""unit"": ""F"", ""tolerance_fraction"": 0.2, ""technology"": ""Polar aluminium electrolytic FR-A"", ""package"": ""Radial 6.3 x 12.7mm; 2.5mm pitch"", ""ratings"": {""voltage_v"": 63, ""temperature_C"": 105, ""life_hours_at_105C"": 5000}, ""manufacturer_document"": null, ""manufacturer_lifecycle"": ""Documented production series; exact current notices/orderability require refresh"", ""observation_date"": ""2026-10-09"", ""evidence_kind"": ""Indexed primary seller catalogue; reported crawl age retained; not live stock or accepted quote"", ""seller"": ""DigiKey Germany"", ""url"": ""https://www.digikey.de/de/products/detail/panasonic-electronic-components/EEU-FR1J470/3072280"", ""reported_crawl_age"": ""4 months"", ""stock_observed"": 68724, ""live_stock"": null, ""moq_observed"": 1, ""order_multiple_observed"": 1, ""retail_pack_size_observed"": 1, ""factory_pack"": null, ""packaging"": ""Cut tape / bulk individual; no optional reeling"", ""manufacturer_lead_time_weeks_observed"": 31, ""actual_dispatch_lead_time"": null, ""unit_price_net_eur_observed"": 0.4, ""unit_price_gross_eur_scenario"": 0.476, ""private_germany_route"": ""See seller_contracts; subject to acceptance and current inventory; no checkout performed"", ""delivered_cost_eur"": null, ""substitutes_qualified"": [], ""qualification_gaps"": [""Loss/leakage/temperature/excess-noise or production population not fully validated""], ""evidence_limit"": ""Older German stock/price; frequency/temperature ESR, leakage, reversal and startup stress remain unqualified. No live stock inference.""}","{""exact_mpn"": ""EEU-FR1J470"", ""manufacturer"": ""Panasonic"", ""nominal_f"": 4.7e-05, ""tolerance_fraction"": 0.2, ""voltage_v"": 63, ""technology"": ""Polar aluminum electrolytic FR-A"", ""package"": ""Radial 6.3mm diameter, 11.2mm body, 2.5mm pitch"", ""primary_url"": ""https://industrial.panasonic.com/ww/products/pt/aluminum-cap-lead/models/EEUFR1J470"", ""manufacturer_document"": ""https://industrial.panasonic.com/cdbs/www-data/pdf/RDF0000/ABA0000C1259.pdf"", ""datasheet_version"": ""01-Sep-25"", ""temperature_c"": [-40, 105], ""tan_delta_max_at_120hz_20c"": 0.09, ""leakage_max_a_at_63v_20c_after_2min"": 2.96e-05, ""supplier_url"": ""https://www.digikey.de/en/products/detail/panasonic-industry/EEU-FR1J470/3072280"", ""supplier"": ""DigiKey Germany"", ""manufacturer_lifecycle"": ""Current primary product listing; supplier Active observation"", ""stock_observed"": 65991, ""reported_crawl_age"": ""4 months"", ""live_stock"": null, ""direct_retrieval"": ""Failed internal error; preserved observation, no accepted quote"", ""moq_observed"": 1, ""order_multiple_observed"": 1, ""retail_pack_size_observed"": 1, ""factory_pack_not_ordered"": 5000, ""actual_dispatch_lead_time"": null, ""manufacturer_lead_time"": null, ""private_germany_route"": ""Parent seller_contracts/digikey public consumer EUR terms; subject to acceptance, no checkout/contact"", ""unit_price_net_eur_scenario"": 0.4, ""vat_fraction_scenario"": 0.19, ""unit_price_gross_eur_scenario"": 0.476, ""price_tax_basis"": ""Retain parent's net-price interpretation as scenario, not invoice confirmation"", ""shipping_eur_per_basket_scenario"": [25, 29.75], ""shipping_tax_basis"": ""Parent public EUR25 summary may be gross or net; neither accepted quote"", ""import_payment_fees_eur"": null, ""confirmed_delivered_eur"": null, ""substitutes_qualified"": []}"
