candidate,capsule Johnson surrogate (excluded),electronics_output_asd_v_sqrt_hz,electronics_pressure_asd_pa_sqrt_hz,environment (excluded),frequency_hz,"input bias, reset and degeneration",input semiconductor,output drive and coupling,polarization network,power and midpoint,servo
candidate_0019,2.0627698743893118e-08,6.580194110589343e-07,5.350199510441797e-05,2.1133086833038776e-09,20.0,6.52757628772646e-07,7.864341371028133e-08,2.024987043168429e-08,1.4245783665470187e-08,9.961791240001533e-09,
candidate_0019,1.9998967488656052e-08,6.379798003474996e-07,5.1604721664376724e-05,2.053459038089498e-09,20.73265856875396,6.328619803425374e-07,7.624848805798615e-08,2.0137132733125938e-08,1.3823698315934144e-08,9.669995211313619e-09,
candidate_0019,1.938337245752469e-08,6.183593062752176e-07,4.97887341037881e-05,1.995132451294687e-09,21.49215656642635,6.133819778581581e-07,7.390363164072146e-08,2.0029478571128317e-08,1.3409151477387696e-08,9.383430669016807e-09,
candidate_0019,1.8781206361856e-08,5.991672833165907e-07,4.802405267766913e-05,1.938346870383228e-09,22.27947719989605,5.943268884636373e-07,7.160996151421873e-08,1.9926828689189593e-08,1.3002492383558665e-08,9.10237047445365e-09,
candidate_0019,1.8192698349199466e-08,5.804110587377644e-07,4.6333639971288737e-05,1.8831149973300778e-09,23.09563969378917,5.757039675030236e-07,6.936835251776389e-08,1.982908695604581e-08,1.2604014557409328e-08,8.827043835143087e-09,
candidate_0019,1.7618018512651688e-08,5.620960764454063e-07,4.46922548528808e-05,1.8294446540045994e-09,23.94170060991461,5.575186012361899e-07,6.717945445904683e-08,1.9736142583305372e-08,1.2213959628993377e-08,8.55763960796718e-09,
candidate_0019,1.7057282381860153e-08,5.442260402515347e-07,4.311879159548781e-05,1.7773391460226262e-09,24.8187552150344,5.397744489742406e-07,6.504370922932561e-08,1.9647872276940973e-08,1.1832521134653548e-08,8.294309537141178e-09,
candidate_0019,1.6510555347722078e-08,5.268030550244907e-07,4.1592058782235296e-05,1.7267976207766014e-09,25.7279388987395,5.224735831166687e-07,6.296136766613937e-08,1.9564142297301346e-08,1.1459848257719266e-08,8.037171396470324e-09,
candidate_0019,1.5977856980440725e-08,5.098277644392578e-07,4.0127510396508515e-05,1.6778154160654068e-09,26.67042864326649,5.056166258135834e-07,6.093250600983104e-08,1.948481040764716e-08,1.1096049477399596e-08,7.786312012318923e-09,
candidate_0019,1.545916520782055e-08,4.932994842706721e-07,3.87073941787033e-05,1.6303843964187018e-09,27.647444547158,4.892028812048094e-07,5.895704182765065e-08,1.9409727696698392e-08,1.0741196098697007e-08,7.541790149969585e-09,
candidate_0019,1.4954420328010413e-08,4.772163304067517e-07,3.734427565251224e-05,1.5844932748345481e-09,28.66025140473927,4.732304624195814e-07,5.703474930713806e-08,1.933874026398358e-08,1.0395325642244861e-08,7.303639250466809e-09,
candidate_0019,1.4463528836932293e-08,4.615753409517939e-07,3.602330732489301e-05,1.5401279182179953e-09,29.71016034345552,4.576964127113478e-07,5.5165273843456505e-08,1.927169076313368e-08,1.0058445078023774e-08,7.0718700106368755e-09,
candidate_0019,1.3986367056192192e-08,4.4637259196612125e-07,3.475464528681767e-05,1.4972716353180992e-09,30.79853052118986,4.4259682027814943e-07,5.334814586653577e-08,1.9208419799481712e-08,9.730533891520735e-09,6.8464728014186395e-09,
candidate_0019,1.3522784552588668e-08,4.316033065590952e-07,3.352588406700862e-05,1.455905446417423e-09,31.92677088575886,4.2792692648737345e-07,5.158279387415563e-08,1.9148767183297056e-08,9.411546975228184e-09,6.627419923600786e-09,
candidate_0019,1.3072607343057444e-08,4.172619571388332e-07,3.234518180789406e-05,1.4160083344178918e-09,33.09634199886365,4.136812273098602e-07,4.986855664747193e-08,1.9092573040332788e-08,9.101417340806655e-09,6.414667701696085e-09,
candidate_0019,1.2635640884649933e-08,4.033423608058286e-07,3.120217800961429e-05,1.3775574773198253e-09,34.3087579268576,3.9985356795063036e-07,4.820469464744615e-08,1.903967878615479e-08,8.80005865168285e-09,6.208158419636664e-09,
candidate_0019,1.221167285060169e-08,3.89837767924138e-07,3.010338311878769e-05,1.3405284623774216e-09,35.56558820077849,3.864372307096421e-07,4.6590400596192317e-08,1.8989927970150384e-08,8.507367577230645e-09,6.00782210269691e-09,
candidate_0019,1.1800475695711091e-08,3.7674094397285006e-07,2.9040143586083222e-05,1.3048954824556683e-09,36.86845984818224,3.734250161744912e-07,4.502480925550006e-08,1.8943166996108985e-08,8.22322597147392e-09,5.813578151240992e-09,
candidate_0019,1.1401809017920346e-08,3.6404424489769453e-07,2.801761792855458e-05,1.270631515326136e-09,38.21905949940884,3.608093179631723e-07,4.350700642879662e-08,1.8899245729344808e-08,7.947502882031514e-09,5.625336833433226e-09,
candidate_0019,1.1015421722724794e-08,3.5173968617414206e-07,2.7028573698823463e-05,1.2377084867902873e-09,39.61913557100681,3.4858219122660447e-07,4.203603721178754e-08,1.8858017998519633e-08,7.680056395006972e-09,5.443000643866582e-09,
candidate_0019,1.0641053998848913e-08,3.3981900585111313e-07,2.6077065501911964e-05,1.2060974186482298e-09,41.07050052914295,3.3673541517797727e-07,4.061091352392704e-08,1.8819342000650612e-08,7.4207353229096305e-09,5.266465535455151e-09,
candidate_0019,1.0278439115244484e-08,3.282737218960919e-07,2.5157041636884848e-05,1.1757685626293809e-09,42.57503323592749,3.2526054996715765e-07,3.9230620959036405e-08,1.8783080620337297e-08,7.169380743902496e-09,5.095622032894677e-09,
candidate_0019,9.92730504815779e-09,3.1709518412056376e-07,2.427165949611288e-05,1.146691521451513e-09,44.13468138169183,3.141489881769849e-07,3.789412498839264e-08,1.8749101669734413e-08,6.925827399808244e-09,4.9303562346876465e-09,
candidate_0019,9.587375949519616e-09,3.062746210448227e-07,2.3415846995114076e-05,1.1188353582265736e-09,45.75146400636795,3.0339200129761273e-07,3.660037655917555e-08,1.8717278060826012e-08,6.689904962073719e-09,4.7705507122148405e-09,
candidate_0019,9.258373465979118e-09,2.9580318199929875e-07,2.2592035637667964e-05,1.0921686954243482e-09,47.42747411323315,2.929807814739027e-07,3.534831712378508e-08,1.8687487914757804e-08,6.461439173544484e-09,4.616085312278528e-09,
candidate_0019,8.940017919555086e-09,2.856719748125797e-07,2.1795965330808003e-05,1.066659804610864e-09,49.16488137840399,2.8290647887315954e-07,3.4136883141848434e-08,1.8659614619704202e-08,6.240252875034429e-09,4.4668378713831375e-09,
candidate_0019,8.632029359453718e-09,2.7587209939054247e-07,2.1029482999635114e-05,1.0422766881299349e-09,50.96593495958697,2.731602349754277e-07,3.296501009130098e-08,1.8633546841593845e-08,6.026166924649364e-09,4.322684847788637e-09,
candidate_0019,8.334128494813085e-09,2.6639467749794575e-07,2.0289001310761072e-05,1.0189871538529572e-09,52.8329664077219,2.63733212095243e-07,3.18316360257318e-08,1.860917849540374e-08,5.819001017926986e-09,4.183501878213467e-09,
candidate_0019,8.046037518397708e-09,2.5723087906218354e-07,1.9575898649228834e-05,9.96758884055393e-10,54.76839268528728,2.546166194520663e-07,3.073570471619349e-08,1.8586408684180152e-08,5.618574416988654e-09,4.049164265586982e-09,
candidate_0019,7.76748082924438e-09,2.483719452542654e-07,1.8887145112004712e-05,9.755594993825096e-10,56.77471929517515,2.4580173604262713e-07,2.9676168407956393e-08,1.856514160866563e-08,5.42470659543011e-09,3.919547403050551e-09,
candidate_0019,7.498185663716912e-09,2.3980920864877193e-07,1.8223745445879698e-05,9.553566187883977e-10,58.8545435241857,2.3727993061449374e-07,2.8651990228252805e-08,1.854528645554471e-08,5.237217806634928e-09,3.794527140374673e-09,
candidate_0019,7.237882642479963e-09,2.3153411070213043e-07,1.758313185722696e-05,9.361179162089118e-10,61.01055780534058,2.2904267897856246e-07,2.7662146273623025e-08,1.8526757266059146e-08,5.055929581772911e-09,3.6739800972427504e-09,
candidate_0019,6.98630624124944e-09,2.2353821679988181e-07,1.6966012778384545e-05,9.178111746285448e-10,63.24555320336766,2.2108157890914052e-07,2.6705627406805306e-08,1.8509472790881646e-08,4.880665163925484e-09,3.5577839285956885e-09,
candidate_0019,6.743195192243667e-09,2.1581322909363312e-07,1.6370203874970814e-05,9.004043380741045e-10,65.56242302786926,2.1338836285076587e-07,2.5781440789550637e-08,1.8493356333406835e-08,4.7112498840660854e-09,3.44581754613972e-09,
candidate_0019,6.508292823292781e-09,2.0835099734957164e-07,1.57961800424976e-05,8.838655619548591e-10,67.96416657885128,2.0595490865195705e-07,2.488861117787511e-08,1.8478335585672867e-08,4.54751148458583e-09,3.3379613003451146e-09,
candidate_0019,6.281347340130378e-09,2.0114352798453842e-07,1.5242075591162428e-05,8.681632620405114e-10,70.45389302946212,1.9877324850072363e-07,2.4026182000788417e-08,1.8464342457632303e-08,4.3892803949939944e-09,3.234097126363108e-09,
candidate_0019,6.062112058081389e-09,1.9418299148784273e-07,1.4708182671933548e-05,8.532661622666123e-10,73.03482545096765,1.9183557625849944e-07,2.3193216246178255e-08,1.8451312904019757e-08,4.236389964847958e-09,3.1341086577753303e-09,
candidate_0019,5.850345588389582e-09,1.874617283958754e-07,1.4192900868435551e-05,8.391433414442109e-10,75.71030498517271,1.8513425335844453e-07,2.238879717382668e-08,1.8439186750291594e-08,4.088676658234742e-09,3.0378813113332184e-09,
candidate_0019,5.645811983287003e-09,1.8097225395009246e-07,1.3696380543614497e-05,8.257642788451809e-10,78.48379516969084,1.7866181339795373e-07,2.161202887117226e-08,1.8427907516967863e-08,3.945980213277095e-09,2.945302345368139e-09,
candidate_0019,5.448280845304863e-09,1.7470726161380724e-07,1.3217242622939345e-05,8.130988985749881e-10,81.35888642166107,1.724109655994167e-07,2.0862036672782312e-08,1.841742224774512e-08,3.808143771064898e-09,2.8562608954161825e-09,
candidate_0019,5.257527403895576e-09,1.6865962554531893e-07,1.2755528592603877e-05,8.011176125478991e-10,84.33930068571658,1.6637459723639072e-07,2.013796745520861e-08,1.8407681339061342e-08,3.6750139766687113e-09,2.770647989149985e-09,
candidate_0019,5.073332563578388e-09,1.6282240216152109e-07,1.2310044558562478e-05,7.897913618429479e-10,87.42889625222193,1.6054577515849688e-07,1.9438989823274526e-08,1.8398638373277572e-08,3.546441055648071e-09,2.6883565433691123e-09,
candidate_0019,4.8954829266885766e-09,1.5718883089002025e-07,1.1880749480867965e-05,7.79091656176254e-10,90.6316727520165,1.5491774651252343e-07,1.8764294199512724e-08,1.8390249956228035e-08,3.4222788686357794e-09,2.6092813454655774e-09,
candidate_0019,4.723770794115441e-09,1.517523342173792e-07,1.146660486860489e-05,7.689906112057875e-10,93.95177633412999,1.494839387668705e-07,1.8113092829644844e-08,1.838247555984422e-08,3.3023849467557706e-09,2.5333190216603896e-09,
candidate_0019,4.557994146223792e-09,1.465065171031282e-07,1.1067508173093992e-05,7.594609833715814e-10,97.39350503317279,1.4423795910880017e-07,1.7484619712437405e-08,1.8375277369044168e-08,3.1866205097655012e-09,2.460367994052896e-09,
candidate_0019,4.397956607071273e-09,1.414451658585096e-07,1.0682551766422744e-05,7.504762019972517e-10,100.9613143333496,1.3917359331298966e-07,1.687813046578742e-08,1.836862013501803e-08,3.074850469423707e-09,2.3903284288569073e-09,
candidate_0019,4.243467393740152e-09,1.365622465474689e-07,1.0311588282983862e-05,7.420103983855944e-10,104.6598229362991,1.3428480413894923e-07,1.6292902135936917e-08,1.8362471033637657e-08,2.9669434196506837e-09,2.3231021776732085e-09,
candidate_0019,4.094341252882794e-09,1.3185190297629136e-07,9.95382071159412e-06,7.340384316788574e-10,108.4938187402267,1.295657293237412e-07,1.5728232957791354e-08,1.835679952863101e-08,2.8627716152176303e-09,2.2585927137458126e-09,
candidate_0019,3.9503983865861855e-09,1.2730845433873946e-07,9.609070062382683e-06,7.265359113048003e-10,112.46826503807,1.2501067923663232e-07,1.5183442074345752e-08,1.83515772418705e-08,2.762210940681127e-09,2.1967050654473626e-09,
candidate_0019,3.8114643688041125e-09,1.2292639255573717e-07,9.276633211214268e-06,7.19479215859623e-10,116.5883069427217,1.2061413423519866e-07,1.4657869219934994e-08,1.8346777828343047e-08,2.6651408706574226e-09,2.137345748569675e-09,
candidate_0019,3.677370053919505e-09,1.1870037935869668e-07,8.956309912514412e-06,7.128455083374789e-10,120.8592780476268,1.163707417723339e-07,1.415087437322985e-08,1.8342376855296237e-08,2.571444422729842e-09,2.080422699226825e-09,
candidate_0019,3.5479514790587312e-09,1.1462524316783026e-07,8.647477078528645e-06,7.066127476810629e-10,125.2867073313774,1.1227531330548868e-07,1.366183738613178e-08,1.8338351688387023e-08,2.4810081043053362e-09,2.0258452095043186e-09,
candidate_0019,3.4230497609253817e-09,1.1069597578887685e-07,8.349921303001963e-06,7.007596966586109e-10,129.8763263152426,1.0832282103243442e-07,1.3190157591437142e-08,1.8334681381755224e-08,2.3937218541217137e-09,1.9735238672138676e-09,
candidate_0019,3.3025109883549715e-09,1.0690772896569459e-07,8.063088041375228e-06,6.952659261334364e-10,134.6340764829,1.0450839449157545e-07,1.2735253393807328e-08,1.8331346572172564e-08,2.3094789793946975e-09,1.9233705014395117e-09,
candidate_0019,3.186186111552903e-09,1.0325581081866786e-07,7.78675699389258e-06,6.90111815843431e-10,139.5661169719736,1.0082731705726665e-07,1.2296561847663909e-08,1.832832937825733e-08,2.2281760894126627e-09,1.875298135552657e-09,
candidate_0019,3.0739308287798244e-09,9.973568219205986e-08,7.520432596197039e-06,6.852785518354548e-10,144.6788325473353,9.727502235432144e-08,1.1873538224863454e-08,1.8325613302951042e-08,2.1497130262352546e-09,1.8292209489498588e-09,
candidate_0019,2.9656054711949604e-09,9.634295293202142e-08,7.263892457227103e-06,6.807481207467643e-10,149.9788418664915,9.384709061420041e-08,1.1465655574799128e-08,1.8323183139793937e-08,2.073992793102915e-09,1.78505424891095e-09,
candidate_0019,2.8610748865839244e-09,9.307337811715524e-08,7.016692010491925e-06,6.765033011481088e-10,155.4730060477555,9.05392449958715e-08,1.1072404279636945e-08,1.8321024882463826e-08,2.000921481164818e-09,1.7427144537021703e-09,
candidate_0019,2.7602083223802485e-09,8.992285425351617e-08,6.778610403372996e-06,6.725276521874172e-10,161.1684375522968,8.73473478842978e-08,1.0693291606168101e-08,1.8319125637311206e-08,1.930408194901113e-09,1.7021190879278145e-09,
candidate_0019,2.662879308631016e-09,8.6887415453186e-08,6.549247380248167e-06,6.688054997861828e-10,167.0725093915657,8.426739718713435e-08,1.032784125668813e-08,1.831747353782455e-08,1.8623649767753472e-09,1.6631867908676044e-09,
candidate_0019,2.5689655411617277e-09,8.396322960345647e-08,6.32838632014675e-06,6.65321920657072e-10,173.1928646720135,8.129552263771075e-08,9.975592919783282e-09,1.8316057661872337e-08,1.796706731368462e-09,1.6258373385428926e-09,
candidate_0019,2.4783487654764995e-09,8.114659454184145e-08,6.115665653061775e-06,6.620627244063872e-10,179.5374264894633,7.842798212126584e-08,9.636101822989385e-09,1.8314867950174087e-08,1.7333511494351806e-09,1.5899916798010155e-09,
candidate_0019,2.390914661637617e-09,7.843393424354943e-08,5.910874936430487e-06,6.590144339965577e-10,186.1144081859403,7.566115803215842e-08,9.308938288155721e-09,1.8313895127521142e-08,1.6722186321127884e-09,1.555571986783639e-09,
candidate_0019,2.306552730383056e-09,7.58217950276766e-08,5.713686531850852e-06,6.561642648234355e-10,192.9323239822404,7.299155367023875e-08,8.993687290399175e-09,1.8313130624741454e-08,1.613232215516642e-09,1.5225017195884608e-09,
candidate_0019,2.225156180673146e-09,7.330684178652964e-08,5.5238975278466465e-06,6.535001026606217e-10,200.0000000000006,7.041578968243262e-08,8.689948021268129e-09,1.831256650106106e-08,1.5563174959043114e-09,1.490705704865783e-09,
candidate_0019,2.146621819021346e-09,7.088585424818823e-08,5.341210177905561e-06,6.510104807224898e-10,207.3265856875402,6.793060056077069e-08,8.397333457372246e-09,1.8312195369254304e-08,1.5014025556999926e-09,1.4601102280653385e-09,
candidate_0019,2.0708499406129064e-09,6.855572327025209e-08,5.165429982615057e-06,6.486845560601314e-10,214.9215656642642,6.553283119698522e-08,8.115469934365468e-09,1.8312010320677286e-08,1.4484178904209032e-09,1.4306431383656756e-09,
candidate_0019,1.9977442224205124e-09,6.631344717019796e-08,4.9962856344031895e-06,6.465120855077408e-10,222.7947719989612,6.321943350028994e-08,7.843996726966217e-09,1.83120048519534e-08,1.3972963366870738e-09,1.4022339654681745e-09,
candidate_0019,1.9272116183980144e-09,6.415612809322762e-08,4.833591552788783e-06,6.444834013679326e-10,230.9563969378924,6.09874630809116e-08,7.582565635199638e-09,1.8312172792453834e-08,1.3479730014029266e-09,1.3748140469769495e-09,
candidate_0019,1.8591622568999894e-09,6.208096842116505e-08,4.677099897514326e-06,6.42589387014504e-10,239.4170060991468,5.883407600404893e-08,7.3308405773086045e-09,1.8312508233779375e-08,1.300385192242432e-09,1.3483166650053143e-09,
candidate_0019,1.7935093403528038e-09,6.008526722209848e-08,4.526634218595397e-06,6.408214525683377e-10,248.1875521503447,5.675652561507112e-08,7.088497189304292e-09,1.831300546138069e-08,1.2544723494814726e-09,1.322677190327075e-09,
candidate_0019,1.7301690471421858e-09,5.816641673817372e-08,4.381967566648489e-06,6.391715107749121e-10,257.2793889873957,5.4752159434850304e-08,6.855222430888336e-09,1.8313658886306177e-08,1.2101759791759502e-09,1.2978332320135766e-09,
candidate_0019,1.6690604359780406e-09,5.632189892045401e-08,4.242932601104173e-06,6.376319532233377e-10,266.7042864326657,5.281841613347782e-08,6.630714198652086e-09,1.8314462982526637e-08,1.1674395878887529e-09,1.2737247907983038e-09,
candidate_0019,1.6101053525391201e-09,5.454928200334164e-08,4.109321011594988e-06,6.361956269926268e-10,276.4744454715809,5.0952822576119983e-08,6.414680945660574e-09,1.8315412225725954e-08,1.1262086188461948e-09,1.2502944135180116e-09,
candidate_0019,1.553228338488738e-09,5.284621712222097e-08,3.980974364870055e-06,6.348558118189699e-10,286.6025140473935,4.915299094389865e-08,6.206841307674764e-09,1.8316501036022244e-08,1.0864303896044365e-09,1.2274873462568595e-09,
candidate_0019,1.4983565429532729e-09,5.121043497849377e-08,3.857701004317031e-06,6.336061978637934e-10,297.1016034345561,4.7416615932700496e-08,6.006923736288859e-09,1.831772372677225e-08,1.048054031305173e-09,1.2052516836045807e-09,
candidate_0019,1.4454196362686253e-09,4.9639742546523356e-08,3.739351063043872e-06,6.324408641265417e-10,307.9853052118995,4.574147202375031e-08,5.814666138134894e-09,1.8319074456736514e-08,1.011030429397834e-09,1.1835385109879378e-09,
candidate_0019,1.394349726202515e-09,4.8132019832604356e-08,3.6257477731282898e-06,6.313542575683419e-10,319.2677088575896,4.4125410832527764e-08,5.629815520935178e-09,1.832054719105594e-08,9.753121659859208e-10,1.1623020374540708e-09,
candidate_0019,1.3450812764497838e-09,4.66852166812106e-08,3.516749389703881e-06,6.303411729617936e-10,330.9634199886376,4.2566358529609204e-08,5.452127645570755e-09,1.8322135666889157e-08,9.408534636665079e-10,1.1414997156231767e-09,
candidate_0019,1.2975510274675024e-09,4.529734963566104e-08,3.4121924518599692e-06,6.293967335056127e-10,343.0875792685771,4.106231333555015e-08,5.2813666844425075e-09,1.832383336790441e-08,9.07610130919545e-10,1.1210923460657359e-09,
candidate_0019,1.2516979196912898e-09,4.396649885922994e-08,3.311942819893438e-06,6.285163722208635e-10,355.655882007786,3.961134309111918e-08,5.117304886346368e-09,1.83256335081552e-08,8.755395090846962e-10,1.1010441631919193e-09,
candidate_0019,1.2074630189023627e-09,4.269080511435763e-08,3.2158489134709423e-06,6.276958141227842e-10,368.6845984818236,3.821158289559122e-08,4.959722247022343e-09,1.8327529022581596e-08,8.446004207724983e-10,1.081322899727847e-09,
candidate_0019,1.1647894439316164e-09,4.1468466813607916e-08,3.1237836360891434e-06,6.269310591863879e-10,382.1905949940897,3.6861232818996854e-08,4.808406186277122e-09,1.8329512568337782e-08,8.147531198472694e-10,1.0618998274925814e-09,
candidate_0019,1.1236222965632676e-09,4.029773714527902e-08,3.035605996140477e-06,6.262183660946025e-10,396.1913557100694,3.5558555683978974e-08,4.663151231326449e-09,1.8331576535428e-08,7.859592428920436e-10,1.0427497721909226e-09,
candidate_0019,1.0839085935830426e-09,3.91769212802461e-08,2.951195358910925e-06,6.255542367567132e-10,410.705005291431,3.430187491551698e-08,4.523758706393268e-09,1.8333713065959165e-08,7.58181762122797e-10,1.023851100414488e-09,
candidate_0019,1.0455972010116912e-09,3.810437367095598e-08,2.8704201508233233e-06,6.249354015903113e-10,425.7503323592763,3.308957245981034e-08,4.390036429062834e-09,1.8335914082958697e-08,7.313849397856831e-10,1.0051856776322122e-09,
candidate_0019,1.0086387704067035e-09,3.707849544888678e-08,2.793165621376139e-06,6.243588055468433e-10,441.3468138169198,3.1920086768617196e-08,4.261798413315652e-09,1.8338171327673958e-08,7.055342839600029e-10,9.867387964204163e-10,
candidate_0019,9.729856772575685e-10,3.609773193117208e-08,2.7193085582114786e-06,6.238215948593402e-10,457.5146400636811,3.079191084985003e-08,4.138864579824206e-09,1.8340476403789606e-08,6.805965057888039e-10,9.684990747900976e-10,
candidate_0019,9.385919613951427e-10,3.5160570245620266e-08,2.6487395433211747e-06,6.233211044975191e-10,474.2747411323331,2.9703590381917204e-08,4.021060473741914e-09,1.8342820829214097e-08,6.565394780853134e-10,9.504583252558634e-10,
candidate_0019,9.054132693750185e-10,3.426553708293421e-08,2.581342780197414e-06,6.22854846300767e-10,491.6488137840416,2.8653721890541083e-08,3.90821699045115e-09,1.8345196092488877e-08,6.333321952905107e-10,9.326113957884872e-10,
candidate_0019,8.734067988241158e-10,3.3411196587076064e-08,2.5170136774886742e-06,6.224204977701191e-10,509.6593495958716,2.764095098771339e-08,3.800170109940057e-09,1.8347593713832354e-08,6.109447347773394e-10,9.149559846107406e-10,
candidate_0019,8.425312446374266e-10,3.2596148390010845e-08,2.4556430217768914e-06,6.220158914895148e-10,528.3296640772209,2.6663970669209656e-08,3.6967606401086455e-09,1.8350005307817276e-08,5.893482194251769e-10,8.974924312858438e-10,
candidate_0019,8.127467470674983e-10,3.181902580228068e-08,2.397130605748457e-06,6.216390051571739e-10,547.6839268528747,2.5721519672011223e-08,3.5978339700369786e-09,1.835242264793109e-08,5.685147814967978e-10,8.802234872560601e-10,
candidate_0019,7.840148415403895e-10,3.107849416169936e-08,2.3413730819935377e-06,6.212879521913791e-10,567.7471929517535,2.481238088637331e-08,3.503239833393923e-09,1.835483772867674e-08,5.484175277037279e-10,8.631540692667717e-10,
candidate_0019,7.562984103050096e-10,3.0373249352512666e-08,2.2882742617071098e-06,6.209609729034187e-10,588.5454352418591,2.3935379825922296e-08,3.412832083397259e-09,1.8357242828299816e-08,5.290305055367283e-10,8.462909997889405e-10,
candidate_0019,7.295616356583012e-10,2.9702016489644808e-08,2.2377360653154944e-06,6.20656426185067e-10,610.105578053408,2.3089383147631866e-08,3.3264684791485282e-09,1.8359630563952936e-08,5.103286706830451e-10,8.296427383283749e-10,
candidate_0019,7.037699548935954e-10,2.9063548779468318e-08,2.189666043313501e-06,6.20372781714659e-10,632.4555320336789,2.227329722634017e-08,3.2440104849568384e-09,1.836199394527666e-08,4.922878556350626e-10,8.13219108204773e-10,
candidate_0019,6.788900167939272e-10,2.8456626550670424e-08,2.1439709058814622e-06,6.201086126360501e-10,655.6242302786949,2.1486066778167408e-08,3.16532308279979e-09,1.8364326420069572e-08,4.748847393671258e-10,7.97031022857638e-10,
candidate_0019,6.548896396325809e-10,2.7880056454361318e-08,2.1005617541384728e-06,6.198625886933551e-10,679.6416657885152,2.0726673531639226e-08,3.0902745986348663e-09,1.8366621913029526e-08,4.5809681805542323e-10,7.810902158927994e-10,
candidate_0019,6.317377706695123e-10,2.7332670830046368e-08,2.059349727787444e-06,6.196334697995561e-10,704.5389302946238,1.9994134946155674e-08,3.018736543329096e-09,1.8368874857354044e-08,4.4190237683413965e-10,7.65408978761283e-10,
candidate_0019,6.094044470509359e-10,2.681332722943692e-08,2.020249378420433e-06,6.194201000154898e-10,730.3482545096791,1.9287502974871313e-08,2.9505834684971856e-09,1.8371080218797748e-08,4.262804625240571e-10,7.499999095954978e-10,
candidate_0019,5.878607580504963e-10,2.6320908086895107e-08,1.9831760261651867e-06,6.192214019068177e-10,757.1030498517299,1.8605862870036093e-08,2.885692837542207e-09,1.8373233509616757e-08,4.112108572914564e-10,7.348756762143967e-10,
candidate_0019,5.670788086666497e-10,2.5854320530277493e-08,1.9480476534917354e-06,6.190363712799888e-10,784.8379516969113,1.794833203125987e-08,2.823944912410777e-09,1.8375330798012265e-08,3.966740532483819e-10,7.200487960895129e-10,
candidate_0019,5.470316844061785e-10,2.541249631053817e-08,1.9147836112225073e-06,6.188640722429165e-10,813.5888642166138,1.7314058891316747e-08,2.7652226555010577e-09,1.8377368705517662e-08,3.8265122787604815e-10,7.055314350900987e-10,
candidate_0019,5.276934173535849e-10,2.4994391844560095e-08,1.8833053605108348e-06,6.18703632608184e-10,843.3930068571691,1.6702221842645896e-08,2.7094116472811352e-09,1.8379344401749427e-08,3.691242203418348e-10,6.913352268407563e-10,
candidate_0019,5.09038953334843e-10,2.4598988345728068e-08,1.8535362157021972e-06,6.185542395843277e-10,874.2889625222227,1.6112028198486704e-08,2.656400018538387e-09,1.838125558901191e-08,3.5607550857649545e-10,6.77471113446318e-10,
candidate_0019,4.910441202604114e-10,2.4225292032283953e-08,1.8254012143832308e-06,6.184151357639436e-10,906.3167275201686,1.554271319133552e-08,2.6060783973399175e-09,1.838310048393153e-08,3.434881871715207e-10,6.639492082933324e-10,
candidate_0019,4.736855974841963e-10,2.387233438919971e-08,1.7988276296557335e-06,6.182856153700262e-10,939.5177633413036,1.499353900355479e-08,2.558339869317832e-09,1.8384877791934426e-08,3.313459459828972e-10,6.507786808310557e-10,
candidate_0019,4.569408862373867e-10,2.353917247017755e-08,1.7737442030004153e-06,6.18165020757281e-10,973.9350503317318,1.446379383199964e-08,2.5130799508220928e-09,1.8386586678921764e-08,3.196330494829181e-10,6.379676630713662e-10,
candidate_0019,4.4078828106878396e-10,2.3224889221348455e-08,1.7500822016752086e-06,6.180527391539195e-10,1009.6131433335,1.3952790984498151e-08,2.47019657365304e-09,1.838822674099729e-08,3.083343168126074e-10,6.255231770888855e-10,
candidate_0019,4.252068422021477e-10,2.2928593804995072e-08,1.7277742076627966e-06,6.179481996078648e-10,1046.598229362995,1.3459868005353216e-08,2.4295900797746016e-09,1.8389797968615656e-08,2.974351024725151e-10,6.134510824056579e-10,
candidate_0019,4.101763688710369e-10,2.2649421914368286e-08,1.7067555355963174e-06,6.178508701531176e-10,1084.938187402272,1.2984385831780907e-08,2.3911632250931278e-09,1.8391300712661823e-08,2.8692127769450773e-10,6.017560422020823e-10,
candidate_0019,3.9567737352940255e-10,2.2386536059504202e-08,1.6869627340655007e-06,6.177602551598162e-10,1124.682650380705,1.2525727978065541e-08,2.3548211903962564e-09,1.8392735648044334e-08,2.7677921242366716e-10,5.904415068218733e-10,
candidate_0019,3.816910569329452e-10,2.2139125813212057e-08,1.6683352160555014e-06,6.176758928648377e-10,1165.883069427222,1.208329974727408e-08,2.3204715979975612e-09,1.8394103737646757e-08,2.6699575790706156e-10,5.79509713114854e-10,
candidate_0019,3.681992840590041e-10,2.19064080054589e-08,1.6508135957502537e-06,6.17597353068368e-10,1208.592780476273,1.1656527469510413e-08,2.2880245324515175e-09,1.8395406196588648e-08,2.5755822986707105e-10,5.689616980242485e-10,
candidate_0019,3.551845608541047e-10,2.1687626858148192e-08,1.6343414162200688e-06,6.175242349898667e-10,1252.867073313779,1.1244857766366224e-08,2.2573925638387025e-09,1.8396644458430793e-08,2.4845439225186963e-10,5.587973248399318e-10,
candidate_0019,3.426300117386962e-10,2.148205405014423e-08,1.6188634168309308e-06,6.174561652625285e-10,1298.76326315243,1.0847756839338186e-08,2.2284907717932874e-09,1.839782014116357e-08,2.3967244151394884e-10,5.490153204753781e-10,
candidate_0019,3.305193579086219e-10,2.1288988711125878e-08,1.604327270799409e-06,6.173927960691831e-10,1346.340764829005,1.0464709783464595e-08,2.2012367692004985e-09,1.8398935016467648e-08,2.3120099144451432e-10,5.3961332227888e-10,
candidate_0019,3.188368963570844e-10,2.110775733902038e-08,1.5906818551306167e-06,6.173338034055279e-10,1395.661169719741,1.0095219923768449e-08,2.1755507238859104e-09,1.8399990981141384e-08,2.2302905851057177e-10,5.30587932856013e-10,
candidate_0019,3.0756747960445815e-10,2.0937713637474213e-08,1.5778789341712876e-06,6.172788854498895e-10,1446.788325473359,9.738808174107624e-09,2.1513553771309456e-09,1.840099002815314e-08,2.1514604768598983e-10,5.219347814352286e-10,
candidate_0019,2.9669649614831474e-10,2.0778238279891366e-08,1.5658714846359962e-06,6.172277610601775e-10,1499.788418664921,9.395012418824415e-09,2.128576058191794e-09,1.8401934223951922e-08,2.0754173878530805e-10,5.136485905553255e-10,
candidate_0019,2.86209851554099e-10,2.062873859408437e-08,1.5546152810637085e-06,6.171801683560452e-10,1554.730060477562,9.063386914676344e-09,2.1071406935390275e-09,1.8402825684157478e-08,2.0020627324474476e-10,5.057232466861622e-10,
candidate_0019,2.760939502242667e-10,2.0488648177867694e-08,1.5440673128763521e-06,6.17135863410369e-10,1611.684375522974,8.743501714246163e-09,2.0869798105122485e-09,1.840366655476847e-08,1.9313014137694797e-10,4.981518737472691e-10,
candidate_0019,2.663356777748369e-10,2.0357426443826135e-08,1.5341872429098438e-06,6.170946190179641e-10,1670.725093915663,8.434942108582362e-09,2.0680265345049406e-09,1.8404458992866574e-08,1.8630417004987983e-10,4.909269083621416e-10,
candidate_0019,2.5692238403708055e-10,2.02345581030283e-08,1.524935941509879e-06,6.170562235548253e-10,1731.928646720142,8.137308089632028e-09,2.050216579596537e-09,1.8405205151301374e-08,1.7971951080230917e-10,4.840401759475166e-10,
candidate_0019,2.4784186665191544e-10,2.0119552591952215e-08,1.5162768012358362e-06,6.170204799157746e-10,1795.37426489464,7.850213831439909e-09,2.0334882323644163e-09,1.8405907165683353e-08,1.7336762837329422e-10,4.77482966727124e-10,
candidate_0019,2.390823552190552e-10,2.0011943446545906e-08,1.508174403640157e-06,6.169872045151386e-10,1861.14408185941,7.573287188912539e-09,2.0177823286949032e-09,1.840656714122847e-08,1.6724028961917246e-10,4.712461108464432e-10,
candidate_0019,2.30632496013311e-10,1.9911287633459652e-08,1.5005956817710473e-06,6.169562263605138e-10,1929.323239822411,7.3061692145406204e-09,2.0030422239510676e-09,1.8407187142651384e-08,1.6132955282678646e-10,4.6532005192728147e-10,
candidate_0019,2.2248133724641065e-10,1.9817164846070642e-08,1.4935087286829458e-06,6.169273861976378e-10,2000.000000000013,7.048513692395384e-09,1.989213756729843e-09,1.8407769187969794e-08,1.5562775740786156e-10,4.5969491844453865e-10,
candidate_0019,2.1461831481775515e-10,1.9729176764953315e-08,1.4868838056810233e-06,6.169005356945446e-10,2073.26585687541,6.799986687607156e-09,1.9762452062173664e-09,1.8408315238982762e-08,1.5012751393500294e-10,4.543605923017187e-10,
candidate_0019,2.0703323858976466e-10,1.9646946298414865e-08,1.4806922958518108e-06,6.168755366969206e-10,2149.21565664265,6.5602661124560655e-09,1.964087244025295e-09,1.8408827197402187e-08,1.448216945442903e-10,4.4930677425351073e-10,
candidate_0019,1.9971627913253756e-10,1.9570116802041713e-08,1.4749075606880404e-06,6.168522605225083e-10,2227.94771998962,6.329041307324396e-09,1.952692880678516e-09,1.8409306899085992e-08,1.397034236658437e-10,4.44523045707722e-10,
candidate_0019,1.9265795495122423e-10,1.9498351289586942e-08,1.4695040386011125e-06,6.168305873155831e-10,2309.563969378932,6.1060126369356295e-09,1.942017407575958e-09,1.8409756112712132e-08,1.3476606909176226e-10,4.3999892667032793e-10,
candidate_0019,1.8584912014935655e-10,1.943133163437143e-08,1.4644579547833607e-06,6.168104054335657e-10,2394.170060991476,5.890891100399153e-09,1.932018334718147e-09,1.8410176536335142e-08,1.3000323334876456e-10,4.357239295341541e-10,
candidate_0019,1.7928095253316555e-10,1.936875777032528e-08,1.459746562139768e-06,6.167916108786288e-10,2481.875521503457,5.683397955220246e-09,1.9226553249861847e-09,1.8410569795761543e-08,1.2540874537906927e-10,4.316876085920106e-10,
candidate_0019,1.7294494214577367e-10,1.9310346897999783e-08,1.4553487108497925e-06,6.167741067744834e-10,2572.793889873967,5.483264354923697e-09,1.913890125625941e-09,1.841093744531114e-08,1.2097665252177076e-10,4.2787960518045847e-10,
candidate_0019,1.6683288018963564e-10,1.9255832694451595e-08,1.4512442279021648e-06,6.167578028643742e-10,2667.042864326667,5.29023099897185e-09,1.9056864972409357e-09,1.841128096564007e-08,1.1670121276561226e-10,4.2428968837403077e-10,
candidate_0019,1.6093684835979423e-10,1.9204964538160193e-08,1.4474143529417893e-06,6.167426150582556e-10,2764.744454715819,5.1040477956924976e-09,1.8980101412529395e-09,1.8411601766023383e-08,1.1257688728896069e-10,4.209077913166654e-10,
candidate_0019,1.5524920854573129e-10,1.9157506745628307e-08,1.4438412521565753e-06,6.167284650008024e-10,2866.025140473946,4.92447353687837e-09,1.8908286260732372e-09,1.8411901184449744e-08,1.085983332574653e-10,4.177240432063062e-10,
candidate_0019,1.4976259289872965e-10,1.9113237825821525e-08,1.4405083266687507e-06,6.167152796712704e-10,2971.016034345572,4.751275583960235e-09,1.8841113125967973e-09,1.8412180488946477e-08,1.047603968772629e-10,4.1472879708016344e-10,
candidate_0019,1.444698942568409e-10,1.9071949754215117e-08,1.4373998563396605e-06,6.167029910118301e-10,3079.853052119006,4.584229565502828e-09,1.8778292795548697e-09,1.8412440879466177e-08,1.0105810669820753e-10,4.119126535513133e-10,
candidate_0019,1.3936425690283016e-10,1.903344726698401e-08,1.4345011864968558e-06,6.166915355766282e-10,3192.677088575908,4.423119085242105e-09,1.871955249007158e-09,1.841268348899924e-08,9.748666714991485e-11,4.092664806765979e-10,
candidate_0019,1.3443906765784815e-10,1.8997547179320912e-08,1.4317984975245168e-06,6.166808542101249e-10,3309.634199886387,4.267735440750659e-09,1.8664635125446085e-09,1.8412909386295412e-08,9.404145231255176e-11,4.0678143018780585e-10,
candidate_0019,1.2968794728529403e-10,1.8964077726322727e-08,1.42927887452943e-06,6.166708917422661e-10,3430.875792685783,4.117877351920416e-09,1.8613298583706807e-09,1.8413119577463804e-08,9.071799990452054e-11,4.044489503026746e-10,
candidate_0019,1.2510474220430048e-10,1.893287792936239e-08,1.4269301995252487e-06,6.166615967066818e-10,3556.558820077872,3.9733506992437406e-09,1.8565314997001266e-09,1.841331500846535e-08,8.751200548664816e-11,4.022607953783968e-10,
candidate_0019,1.2068351649385557e-10,1.8903796987143224e-08,1.424741107187706e-06,6.166529210759213e-10,3686.845984818249,3.833968271289275e-09,1.8520470046241775e-09,1.8413496567128518e-08,8.44193168696082e-11,4.0020903265738604e-10,
candidate_0019,1.1641854418408867e-10,1.8876693692489863e-08,1.42270099759636e-06,6.166448200148912e-10,3821.90594994091,3.6995495212609393e-09,1.84785622775926e-09,1.8413665085368935e-08,8.143592872215341e-11,3.9828604637125813e-10,
candidate_0019,1.1230430182012755e-10,1.8851435875088198e-08,1.420799879645138e-06,6.166372516514473e-10,3961.913557100708,3.5699203321751624e-09,1.843940243798792e-09,1.8413821341751448e-08,7.855797736995817e-11,3.964845394644989e-10,
candidate_0019,1.0833546129119493e-10,1.882789986979881e-08,1.4190285037872977e-06,6.166301768631857e-10,4107.050052914324,3.4449127904216082e-09,1.8402812831512828e-09,1.8413966064070754e-08,7.578173577994692e-11,3.947975331932705e-10,
candidate_0019,1.0450688290978523e-10,1.880597000851883e-08,1.4173780926899593e-06,6.166235590704151e-10,4257.503323592779,3.3243649672233725e-09,1.8368626696827313e-09,1.8414099930180663e-08,7.310360871951052e-11,3.932183648386429e-10,
candidate_0019,1.0081360874266975e-10,1.8785538139475888e-08,1.4158405950606887e-06,6.1661736405295e-10,4413.468138169214,3.2081207080496557e-09,1.83366876082601e-09,1.8414223571360533e-08,7.052012809183825e-11,3.9174068379605954e-10,
candidate_0019,9.72508561761707e-11,1.8766503169590484e-08,1.4144083015971996e-06,6.166115597740501e-10,4575.146400636828,3.0960294294197947e-09,1.8306848899760318e-09,1.841433757433879e-08,6.802794843508567e-11,3.9035844624653387e-10,
candidate_0019,9.381401170846934e-11,1.874877063000526e-08,1.4130742225754388e-06,6.166061162129946e-10,4742.747411323348,2.9879459228649345e-09,1.8278973112184797e-09,1.8414442482688763e-08,6.562384258032289e-11,3.89065908626353e-10,
candidate_0019,9.0498624963161e-11,1.8732252265378046e-08,1.4118315847623182e-06,6.166010052109093e-10,4916.488137840434,2.8837301658591844e-09,1.8252931464472497e-09,1.8414538798884363e-08,6.330469746421651e-11,3.87857620099013e-10,
candidate_0019,8.7300402916976e-11,1.8716865645794825e-08,1.4106743379229782e-06,6.165962003280385e-10,5096.593495958734,2.7832471394905043e-09,1.8228603348867594e-09,1.8414626986599634e-08,6.106751009149673e-11,3.867284142091532e-10,
candidate_0019,8.421520433004488e-11,1.870253379914651e-08,1.4095965261149031e-06,6.165916767050442e-10,5283.296640772228,2.6863666524961046e-09,1.8205875849207144e-09,1.841470747189194e-08,5.890938363908198e-11,3.85673399877921e-10,
candidate_0019,8.123903437362587e-11,1.8689184864692292e-08,1.4085929302381977e-06,6.165874109351563e-10,5476.839268528767,2.592963171494571e-09,1.8184643282322933e-09,1.841478064482653e-08,5.6827523698308785e-11,3.8468795189795905e-10,
candidate_0019,7.836803945107209e-11,1.867675176695862e-08,1.4076583049035938e-06,6.165833809453593e-10,5677.471929517556,2.5029156572737686e-09,1.8164806762757467e-09,1.8414846861514127e-08,5.481923465231565e-11,3.8376770106151726e-10,
candidate_0019,7.559850219854955e-11,1.8665171907239848e-08,1.4067881667264833e-06,6.165795658796901e-10,5885.454352418613,2.4161074066970844e-09,1.8146273788800513e-09,1.8414906444701277e-08,5.2881916179146845e-11,3.8290852403492664e-10,
candidate_0019,7.292683666620294e-11,1.8654386874518806e-08,1.4059778850706537e-06,6.165759459933104e-10,6101.055780534102,2.332425900242103e-09,1.8128957850807758e-09,1.8414959685582353e-08,5.1013059881066035e-11,3.821065330950231e-10,
candidate_0019,7.034958366787988e-11,1.864434217251274e-08,1.4052236287152658e-06,6.165725025487386e-10,6324.555320336812,2.251762654783263e-09,1.811277805988225e-09,1.841500684439518e-08,4.921024603176388e-11,3.8135806581110433e-10,
candidate_0019,6.786340629996525e-11,1.8634986965202616e-08,1.404521295956142e-06,6.165692177250586e-10,6556.242302786973,2.1740130816264353e-09,1.8097658797829094e-09,1.841504815300238e-08,4.7471140441847466e-11,3.806596747634622e-10,
candidate_0019,6.546508561048794e-11,1.8626273834069116e-08,1.4038676351746877e-06,6.165660745165502e-10,6796.416657885176,2.0990763491819364e-09,1.8083529384329375e-09,1.84150838135206e-08,4.579349142943573e-11,3.8000811734499696e-10,
candidate_0019,6.315151643140785e-11,1.8618158554150007e-08,1.4032589964228173e-06,6.165630566519483e-10,7045.389302946263,2.02685525067722e-09,1.8070323765295006e-09,1.8415114000903334e-08,4.417512690489066e-11,3.7940034573300247e-10,
candidate_0019,6.09197033516417e-11,1.861059988156993e-08,1.4026926452355652e-06,6.165601485076724e-10,7303.482545096817,1.9572560761779535e-09,1.8057980217252988e-09,1.8415138862944538e-08,4.261395155398788e-11,3.788334970547807e-10,
candidate_0019,5.876675683604218e-11,1.8603559354921334e-08,1.4021653140439738e-06,6.16557335026644e-10,7571.030498517326,1.8901884890701925e-09,1.8046441069688785e-09,1.8415158520818517e-08,4.11079441231749e-11,3.7830488379773297e-10,
candidate_0019,5.668988948126449e-11,1.8597001109660056e-08,1.4016747322621837e-06,6.165546016427432e-10,7848.379516969141,1.825565406697952e-09,1.8035652443527601e-09,1.8415173070079935e-08,3.96551548005761e-11,3.778119844954409e-10,
candidate_0019,5.468641240313326e-11,1.8590891703365964e-08,1.4012179520362362e-06,6.165519342039463e-10,8135.888642166167,1.7633028849667015e-09,1.8025564004763106e-09,1.841518258067243e-08,3.825370268897711e-11,3.773524347089209e-10,
candidate_0019,5.275373175203001e-11,1.858519995179936e-08,1.4007931218511033e-06,6.165493188966334e-10,8433.93006857172,1.7033200067833123e-09,1.8016128732792075e-09,1.8415187096557613e-08,3.690177336835468e-11,3.769240183241406e-10,
candidate_0019,5.08893453544999e-11,1.8579896777394208e-08,1.4003975564969657e-06,6.165467421799389e-10,8742.889625222258,1.6455387742564082e-09,1.8007302703672475e-09,1.841518663726073e-08,3.5597616546693566e-11,3.7652465918645544e-10,
candidate_0019,4.9090839469093636e-11,1.857495506481712e-08,1.4000297866848295e-06,6.165441907104491e-10,9063.167275201718,1.589884004251092e-09,1.799904488502929e-09,1.841518119658741e-08,3.433954379070651e-11,3.7615241306474876e-10,
candidate_0019,4.735588566097917e-11,1.8570349527903658e-08,1.3996873375064726e-06,6.16541651276638e-10,9395.17763341307,1.5362832274237823e-09,1.7991316944801302e-09,1.8415170743406885e-08,3.3125926339631254e-11,3.7580545996600464e-10,
candidate_0019,4.568223778432544e-11,1.8566056583410205e-08,1.3993690922418004e-06,6.165391107270658e-10,9739.350503317351,1.4846665903606335e-09,1.798408307077135e-09,1.8415155220511286e-08,3.1955192994411144e-11,3.7548209678879974e-10,
candidate_0019,4.406772907440436e-11,1.856205423504343e-08,1.3990727377905384e-06,6.165365559072116e-10,10096.13143333503,1.4349667608606116e-09,1.7977309802333948e-09,1.841513454554549e-08,3.082582808362116e-11,3.751807303261936e-10,
candidate_0019,4.251026933891326e-11,1.855832196228364e-08,1.3987974872088145e-06,6.165339735856187e-10,10465.98229362999,1.3871188360004433e-09,1.7970965871312988e-09,1.8415108609032615e-08,2.9736369498797144e-11,3.7489987059891884e-10,
candidate_0019,4.1007842252162356e-11,1.855484061891866e-08,1.398541143593287e-06,6.165313503897653e-10,10849.38187402275,1.341060253077266e-09,1.7965022054025836e-09,1.841507727488972e-08,2.8685406801716546e-11,3.7463812452902107e-10,
candidate_0019,3.9558502742925254e-11,1.8551592336669423e-08,1.398303233475745e-06,6.165286727354159e-10,11246.82650380709,1.2967307031077175e-09,1.7959451031795965e-09,1.8415040379271293e-08,2.767157939719588e-11,3.7439418993377963e-10,
candidate_0019,3.816037447553068e-11,1.8548560435725787e-08,1.3980816327194584e-06,6.165259267572652e-10,11658.83069427226,1.2540720468478534e-09,1.795422726052143e-09,1.8414997729986588e-08,2.6693574771108316e-11,3.741668498372877e-10,
candidate_0019,3.6811647418433954e-11,1.8545729339614292e-08,1.39787617116135e-06,6.165230982326992e-10,12085.92780476277,1.2130282331251056e-09,1.794932684764245e-09,1.841494910431741e-08,2.575012678959279e-11,3.7395496708370873e-10,
candidate_0019,3.5510575502770985e-11,1.8543084499001737e-08,1.3976847552381523e-06,6.165201725178593e-10,12528.67073313783,1.173545219546281e-09,1.7944727438655783e-09,1.8414894250218323e-08,2.484001406120485e-11,3.7375747925588337e-10,
candidate_0019,3.425547435788546e-11,1.8540612315239748e-08,1.3975075141107797e-06,6.16517134459716e-10,12987.63263152435,1.1355708951379406e-09,1.7940408107969536e-09,1.841483288206789e-08,2.3962058352909312e-11,3.7357339386147906e-10,
candidate_0019,3.304471913259419e-11,1.853830007364338e-08,1.397342342964814e-06,6.165139683267329e-10,13463.40764829009,1.0990550051947091e-09,1.793634925923049e-09,1.8414764681294395e-08,2.3115123066046287e-11,3.7340178380644705e-10,
candidate_0019,3.1876742389735727e-11,1.8536135878528813e-08,1.3971896723899822e-06,6.165106577251826e-10,13956.61169719746,1.063949077916444e-09,1.7932532530022156e-09,1.841468929422992e-08,2.2298111763558496e-11,3.7324178312005384e-10,
candidate_0019,3.075003207657217e-11,1.8534108592190966e-08,1.3970473442283801e-06,6.165071855119531e-10,14467.88325473364,1.0302063529149485e-09,1.792894070309007e-09,1.8414606329652726e-08,2.150996675027704e-11,3.7309258292765633e-10,
candidate_0019,2.9663129567066865e-11,1.8532207778816242e-08,1.396916098571517e-06,6.165035337082806e-10,14997.88418664926,9.977817114614073e-10,1.7925557623082322e-09,1.841451535730959e-08,2.074966770348462e-11,3.7295342766272603e-10,
candidate_0019,2.8614627772893373e-11,1.853042365125714e-08,1.3967936806354952e-06,6.164996834062084e-10,15547.30060477567,9.666316083796838e-10,1.7922368118068874e-09,1.8414415905599226e-08,2.001623035155555e-11,3.7282361150060506e-10,
candidate_0019,2.760316932146557e-11,1.8528747020955806e-08,1.396681154524561e-06,6.164956146703935e-10,16116.8437552298,9.367140055467938e-10,1.7919357925889072e-09,1.8414307458947753e-08,1.9308705199477252e-11,3.7270247500452393e-10,
candidate_0019,2.6627444798251202e-11,1.8527169251072125e-08,1.396576123397309e-06,6.164913064348479e-10,16707.25093915669,9.079883069371278e-10,1.7916513624773722e-09,1.84141894551665e-08,1.8626176299337704e-11,3.725894019724644e-10,
candidate_0019,2.56861910517719e-11,1.8525682212872245e-08,1.3964799965495056e-06,6.164867363964441e-10,17319.28646720148,8.804152951963195e-10,1.7913822568375975e-09,1.8414061283059344e-08,1.7967760064662233e-11,3.724838164753e-10,
candidate_0019,2.4778189557203978e-11,1.8524278243085496e-08,1.3963901866842917e-06,6.164818808951778e-10,17953.74264894646,8.539570696577201e-10,1.7911272823639024e-09,1.841392227819221e-08,1.7332604125741373e-11,3.723851800687755e-10,
candidate_0019,2.3902264839219488e-11,1.8522950105442285e-08,1.3963084764924316e-06,6.164767147951041e-10,18611.44081859417,8.285769858883831e-10,1.790885311304372e-09,1.8413771720224173e-08,1.6719886226397508e-11,3.722929891789351e-10,
candidate_0019,2.305728295006864e-11,1.8521690953705063e-08,1.396232035845869e-06,6.164712113549264e-10,19293.23239822418,8.042395967078059e-10,1.790655275970057e-09,1.8413608829289066e-08,1.6128813159392786e-11,3.7220677264358397e-10,
candidate_0019,2.2242150001299733e-11,1.852049429608239e-08,1.3961630568191087e-06,6.16465342087859e-10,20000.0000000002,7.80910594718394e-10,1.7904361635230616e-09,1.841343276148055e-08,1.5558619739356743e-11,3.721260894002528e-10,
candidate_0023,1.9731077556747902e-08,6.560349948187116e-07,6.45554338156654e-05,2.1106150903041255e-09,20.0,6.243819831281507e-07,7.515713269975718e-08,1.8979110877077933e-08,1.7348347926544084e-07,1.119633142370479e-08,6.556200813748217e-08
candidate_0023,1.9116266156823858e-08,6.372662547922486e-07,6.242959258031001e-05,2.051718685871932e-09,20.73265856875396,6.049300100159341e-07,7.281733213997281e-08,1.8899871109395876e-08,1.7423016186027365e-07,1.0864759873965208e-08,6.351536178083152e-08
candidate_0023,1.851579817799198e-08,6.189854709874884e-07,6.039990656605267e-05,1.9943618578328717e-09,21.49215656642635,5.85931961219116e-07,7.053215688673597e-08,1.8824313677918813e-08,1.7493476934167388e-07,1.0539473483385723e-08,6.151712077992429e-08
candidate_0023,1.7929768290882745e-08,6.011962718712355e-07,5.843349584579686e-05,1.9385611961785413e-09,22.27947719989605,5.673908347476427e-07,6.830196841104863e-08,1.8752366762995237e-08,1.7559907254246712e-07,1.0220727527314444e-08,5.956752688542518e-08
candidate_0023,1.7358227980291048e-08,5.839008961698174e-07,5.655548405620505e-05,1.8843281135443104e-09,23.09563969378917,5.493082622228686e-07,6.612696381420155e-08,1.868394818584883e-08,1.7622484146761834e-07,9.908734091126454e-09,5.7666685156474195e-08
candidate_0023,1.68011882937058e-08,5.67100276891091e-07,5.4737952695293987e-05,1.8316692049874172e-09,23.94170060991461,5.316845958496806e-07,6.400718629083063e-08,1.861896688058311e-08,1.7681383392817316e-07,9.603665147541569e-09,5.5814572549638663e-08
candidate_0023,1.625862270189893e-08,5.507941286345946e-07,5.3001777921697785e-05,1.7805866053630912e-09,24.8187552150344,5.145189989344714e-07,6.194253601880792e-08,1.855732432095544e-08,1.7736778569912992e-07,9.305655619390143e-09,5.401104691725704e-08
candidate_0023,1.573047001607759e-08,5.349810364174468e-07,5.132331317070331e-05,1.731078340190326e-09,25.7279388987395,4.978095381929597e-07,5.993278126468611e-08,1.8498915884744897e-08,1.778884021145702e-07,9.01480639098384e-09,5.2255856228983765e-08
candidate_0023,1.521663731251484e-08,5.196585444483618e-07,4.9719813665054444e-05,1.6831386666048218e-09,26.67042864326649,4.815532762947369e-07,5.7977569517821426e-08,1.8443632139498523e-08,1.7837735098413183e-07,8.731187236949776e-09,5.0548647851559784e-08
candidate_0023,1.4717002826343995e-08,5.048232436359741e-07,4.817128539554876e-05,1.636758401683451e-09,27.647444547158,4.6574636343218807e-07,5.6076438507302755e-08,1.839136004217784e-08,1.788362567414995e-07,8.454839646679839e-09,4.8888977757888544e-08
candidate_0023,1.4231418780389804e-08,4.904708567506055e-07,4.669191933801218e-05,1.5919252360297332e-09,28.66025140473927,4.503841268339646e-07,5.422882697175437e-08,1.8341984043558072e-08,1.7926669570122678e-07,8.185779525488497e-09,4.727631955025246e-08
candidate_0023,1.3759714123432826e-08,4.765963204402008e-07,4.526482576402384e-05,1.548624031084819e-09,29.71016034345552,4.3546115741285373e-07,5.24340850845277e-08,1.8295387094269602e-08,1.7967019232210352e-07,7.923999760211283e-09,4.571007321099193e-08
candidate_0023,1.3301697157380196e-08,4.631938634682119e-07,4.39016189448741e-05,1.506837099129487e-09,30.79853052118986,4.2097139289855665e-07,5.069148445612655e-08,1.8251451550870095e-08,1.800482163697312e-07,7.669472640656141e-09,4.418957351084988e-08
candidate_0023,1.2857158038189916e-08,4.5025708072029533e-07,4.2588034021907226e-05,1.4665444653921549e-09,31.92677088575886,4.0690819697590515e-07,4.900022765616734e-08,1.8210059982667348e-08,1.804021808777793e-07,7.4221521319702915e-09,4.271409802305137e-08
candidate_0023,1.2425871139560831e-08,4.377790026664042e-07,4.1333530361334845e-05,1.427724112066253e-09,33.09634199886365,3.932644340808508e-07,4.7359457213032165e-08,1.817109588169934e-08,1.8073344080851348e-07,7.181975995968396e-09,4.1282874705059465e-08
candidate_0023,1.2007597272736828e-08,4.2575216011271855e-07,4.012605306899787e-05,1.3903522043766955e-09,34.3087579268576,3.800325396437636e-07,4.576826406588306e-08,1.8134444279729476e-08,1.8104329232582694e-07,6.948867761866039e-09,3.989508902448316e-08
candidate_0023,1.1602085758634373e-08,4.1416864417631373e-07,3.897326775252246e-05,1.3544032991176787e-09,35.56558820077849,3.672045856600966e-07,4.422569545459512e-08,1.8099992277132932e-08,1.8133297259567246e-07,6.722738548849065e-09,3.8549890611891634e-08
candidate_0023,1.120907635109891e-08,4.030201615083343e-07,3.786497350440427e-05,1.319850536315216e-09,36.86845984818224,3.5477234155060764e-07,4.273076224305055e-08,1.8067629489211215e-08,1.8160366003341598e-07,6.503488744411544e-09,3.724639945404297e-08
candidate_0023,1.0828301012928061e-08,3.922980848863551e-07,3.6807348668237845e-05,1.2866658148615278e-09,38.21905949940884,3.4272733036300873e-07,4.128244568202219e-08,1.8037248416175396e-08,1.8185647493384364e-07,6.291009543574776e-09,3.598371158440923e-08
candidate_0023,1.045948554730688e-08,3.819934993444405e-07,3.5791743144206976e-05,1.254819953108134e-09,39.61913557100681,3.310608803986922e-07,3.987970362170633e-08,1.8008744743029676e-08,1.8209248041473098e-07,6.085184354958335e-09,3.476090434174762e-08
candidate_0023,1.0102351089222362e-08,3.7209724406966275e-07,3.4823106198126514e-05,1.2242828355170304e-09,41.07050052914295,3.1976417240909287e-07,3.852147619128547e-08,1.7982017575909927e-08,1.8231268361913613e-07,5.8858900802761515e-09,3.357704116299861e-08
candidate_0023,9.756615462344132e-09,3.625999503354201e-07,3.389408195710825e-05,1.1950235465391983e-09,42.57503323592749,3.0882828253528343e-07,3.720669096640156e-08,1.7956969621256256e-08,1.8251803712583518e-07,5.692998274204317e-09,3.2431175946770356e-08
candidate_0023,9.421994407528351e-09,3.534920757657386e-07,3.300860677283594e-05,1.1670104929278837e-09,44.13468138169183,2.982442211856323e-07,3.593426764797237e-08,1.793350731402771e-08,1.827094405211346e-07,5.5063761917716215e-09,3.132235700353046e-08
candidate_0023,9.098202689842735e-09,3.4476393525297577e-07,3.216040306224424e-05,1.1402115157063764e-09,45.75146400636795,2.8800296806978154e-07,3.470312227860456e-08,1.7911540900963913e-08,1.828877420943154e-07,5.325887730487856e-09,3.024963061442562e-08
candidate_0023,8.784955091079896e-09,3.3640572885347764e-07,3.135257437235213e-05,1.1145939929890316e-09,47.42747411323315,2.7809550360940164e-07,3.35121710231201e-08,1.7890984484497783e-08,1.830537406190691e-07,5.151394274356347e-09,2.9212044220870797e-08
candidate_0023,8.481967295263282e-09,3.2840756700374116e-07,3.057974059623897e-05,1.0901249348150762e-09,49.16488137840399,2.6851283696317215e-07,3.2360333541759894e-08,1.7871756032622257e-08,1.832081871949484e-07,4.982755446761603e-09,2.8208649268986048e-08
candidate_0023,8.188956674242885e-09,3.207594933803795e-07,2.9844322022574954e-05,1.066771071088755e-09,50.96593495958697,2.5924603089055164e-07,3.1246535983075255e-08,1.785377735955219e-08,1.8335178711852088e-07,4.819829779015253e-09,2.723850373153251e-08
candidate_0023,7.905642980808972e-09,3.1345150573339845e-07,2.9141685342269864e-05,1.044498933639142e-09,52.8329664077219,2.5028622368937773e-07,3.0169713624781576e-08,1.7836974081684904e-08,1.8348520176580457e-07,4.662475301059733e-09,2.630067433132568e-08
candidate_0023,7.631748956218501e-09,3.0647357499320183e-07,2.847369149614092e-05,1.023274933312496e-09,54.76839268528728,2.4162464842545315e-07,2.9128813188814373e-08,1.7821275552868843e-08,1.836090504632709e-07,4.510550060524059e-09,2.5394238488233532e-08
candidate_0023,7.367000859189337e-09,2.9981566294677577e-07,2.7836328999602934e-05,1.0030654329024838e-09,56.77471929517515,2.3325264967734967e-07,2.8122794857440742e-08,1.7806614782691697e-08,1.8372391233623728e-07,4.363912575995793e-09,2.4518286012546427e-08
candidate_0023,7.1111289226930074e-09,2.934677387364908e-07,2.723100204882923e-05,9.838368166008627e-10,58.8545435241857,2.251616979967353e-07,2.715063401451895e-08,1.77929283408642e-08,1.8383032811610005e-07,4.222422229991576e-09,2.3671920565120516e-08
candidate_0023,6.863867745146072e-09,2.8741979443002164e-07,2.6654217827114974e-05,9.655555565315901e-10,61.01055780534058,2.1734340229306352e-07,2.6211322737027848e-08,1.778015625149567e-08,1.839288019041703e-07,4.085939607008584e-09,2.2854260905651244e-08
candidate_0023,6.624956621269505e-09,2.816618598379696e-07,2.610700881037407e-05,9.481882767934408e-10,63.24555320336766,2.0978952030933038e-07,2.5303871056911854e-08,1.7768241877619196e-08,1.8401980286697274e-07,3.954326780941553e-09,2.2064441946006666e-08
candidate_0023,6.394139819026809e-09,2.76184016783607e-07,2.5586316116091662e-05,9.317018153303237e-10,65.56242302786926,2.0249196739175496e-07,2.4427308017647117e-08,1.775713180114244e-08,1.841037668776038e-07,3.827447557076413e-09,2.1301615629495094e-08
candidate_0023,6.171166807158493e-09,2.7097641293129935e-07,2.509287109644689e-05,9.160632838091859e-10,67.96416657885128,1.9544282369629807e-07,2.3580682542710648e-08,1.7746775697912566e-08,1.8418109808015048e-07,3.70516767226531e-09,2.0564951650564992e-08
candidate_0023,5.95579243847391e-09,2.6602927528609816e-07,2.4623979540621607e-05,9.012401255894789e-10,70.45389302946212,1.886343399953119e-07,2.2763064135592353e-08,1.773712621052399e-08,1.842521703808308e-07,3.5873549573700952e-09,1.9853638031696682e-08
candidate_0023,5.747777093309509e-09,2.613329234259876e-07,2.4180130456712235e-05,8.872001717614072e-10,73.03482545096765,1.8205894222380956e-07,2.1973543428122535e-08,1.772813882005256e-08,1.8431732886026722e-07,3.473879465478042e-09,1.91668815717498e-08
candidate_0023,5.546886787366896e-09,2.5687778250154214e-07,2.375893794234745e-05,8.73911695150415e-10,75.71030498517271,1.7570923489865019e-07,2.121123259314256e-08,1.7719771717854003e-08,1.8437689110624743e-07,3.3646135691648735e-09,1.8503908179422352e-08
candidate_0023,5.352893247785195e-09,2.526543960062589e-07,2.336069775011808e-05,8.613434621157458e-10,78.48379516969084,1.6957800353257993e-07,2.0475265636178734e-08,1.7711985679235944e-08,1.8443114846648987e-07,3.259432030008889e-09,1.7863963104294222e-08
candidate_0023,5.1655739607092985e-09,2.4865343828009995e-07,2.298328658188251e-05,8.494647819119082e-10,81.35888642166107,1.636582161462887e-07,1.976479857851504e-08,1.7704743937555494e-08,1.8448036721179003e-07,3.158212042718479e-09,1.7246311074626952e-08
candidate_0023,4.984712194098777e-09,2.448657267227553e-07,2.2626848029350037e-05,8.382455533667284e-10,84.33930068571658,1.5794302399695278e-07,1.9079009545912064e-08,1.7698012063154017e-08,1.8452478962666787e-07,3.060833257208056e-09,1.665023636246858e-08
candidate_0023,4.810096998081084e-09,2.4128223361767125e-07,2.2289484402578012e-05,8.276563085854827e-10,87.42889625222193,1.5242576159610865e-07,1.8417098771710394e-08,1.7691757843338642e-08,1.8456463500582056e-07,2.9671777802369808e-09,1.6075042762405767e-08
candidate_0023,4.64152318610917e-09,2.3789409751478317e-07,2.197122157150067e-05,8.176682534184589e-10,90.6316727520165,1.4709994611996456e-07,1.7778288526717656e-08,1.7685951167566726e-08,1.8460010057670568e-07,2.87713015956183e-09,1.552005352281362e-08
candidate_0023,4.47879129896741e-09,2.346926340608477e-07,2.1670357474850323e-05,8.082533044222676e-10,93.95177633412999,1.4195927627677718e-07,1.716182298362814e-08,1.768056391578409e-08,1.8463136233502718e-07,2.7905773523144572e-09,1.4984611214301126e-08
candidate_0023,4.321707554067975e-09,2.3166934619443564e-07,2.1386829091219884e-05,7.993841220844248e-10,97.39350503317279,1.3699763070850627e-07,1.6566968025249028e-08,1.767556985139413e-08,1.846585758024289e-07,2.707408679829381e-09,1.4468077555462226e-08
candidate_0023,4.170083781834142e-09,2.288159335994963e-07,2.111910557354299e-05,7.910341401116021e-10,100.9613143333496,1.3220906598352771e-07,1.5993011003337525e-08,1.7670944517756154e-08,1.8468187669924755e-07,2.627515770643388e-09,1.396983319115752e-08
candidate_0023,4.023737351227987e-09,2.2612430134094778e-07,2.0867059051577974e-05,7.831775906366862e-10,104.6598229362991,1.275878142454348e-07,1.543926045585377e-08,1.7666665140101007e-08,1.8470138154368886e-07,2.5507924937771285e-09,1.3489277442265133e-08
candidate_0023,3.882491085745765e-09,2.2358656758293712e-07,2.0629309814715368e-05,7.757895252381674e-10,108.4938187402267,1.2312828055971098e-07,1.49050457876226e-08,1.766271053061106e-08,1.8471718816564094e-07,2.4771348837195573e-09,1.3025828021902538e-08
candidate_0023,3.746173171687628e-09,2.2119507033750807e-07,2.0405685054792795e-05,7.688458317373476e-10,112.46826503807,1.1882504001536467e-07,1.438971692125083e-08,1.7659060999341325e-08,1.8472937615134393e-07,2.4064410592325885e-09,1.2578920727696324e-08
candidate_0023,3.614617059596507e-09,2.1894237316218974e-07,2.019493943967564e-05,7.623232467712845e-10,116.5883069427217,1.1467283460971567e-07,1.3892643921649517e-08,1.7655698267458054e-08,1.8473800720094173e-07,2.338611137142623e-09,1.2148009112324062e-08
candidate_0023,3.487661360495047e-09,2.1682126978966081e-07,1.999687154327888e-05,7.561993642215769e-10,120.8592780476268,1.1066656996779095e-07,1.341321660032782e-08,1.7652605386785776e-08,1.8474312542124722e-07,2.273547143338596e-09,1.1732564137150926e-08
candidate_0023,3.3651497375568002e-09,2.1482478763880436e-07,1.9810356152125832e-05,7.504526395982703e-10,125.2867073313774,1.0680131191630716e-07,1.295084410181392e-08,1.7649766661540353e-08,1.8474475753506753e-07,2.211152922013617e-09,1.1332073813796566e-08
candidate_0023,3.2469307943507807e-09,2.1294619020766663e-07,1.963517641522494e-05,7.450623905489073e-10,129.8763263152426,1.0307228294816535e-07,1.2504954476487891e-08,1.7647167574537772e-08,1.8474291301740534e-07,2.151334045082035e-09,1.0946042829264869e-08
candidate_0023,3.132857960577879e-09,2.111789783606264e-07,1.9470314832014064e-05,7.400087936941724e-10,134.6340764829,9.947485860636767e-08,1.2074994243264946e-08,1.7644794718097285e-08,1.8473758416503335e-07,2.093997723320105e-09,1.0573992172512249e-08
candidate_0023,3.022789375653332e-09,2.0951689050400923e-07,1.9315549606219765e-05,7.352728780110178e-10,139.5661169719736,9.600456379837765e-08,1.1660427943393414e-08,1.764263572586797e-08,1.8472874607881066e-07,2.0390527203227754e-09,1.0215458742882073e-08
candidate_0023,2.916587771283492e-09,2.0795390171762227e-07,1.9169959911534397e-05,7.308365150420615e-10,144.6788325473353,9.265706907710489e-08,1.1260737689686995e-08,1.764067921068056e-08,1.8471635658731096e-07,1.9864092713620743e-09,9.869994964996987e-09
candidate_0023,2.8141203531328253e-09,2.0648422185574658e-07,1.903332715038346e-05,7.266824061927123e-10,149.9788418664915,8.942818689131134e-08,1.0875422711456884e-08,1.7638914703069794e-08,1.847003560850045e-07,1.9359790079417613e-09,9.5371683955027e-09
candidate_0023,2.7152586824456917e-09,2.0510229269881757e-07,1.8904817144005354e-05,7.227940674226885e-10,155.4730060477555,8.631386783260789e-08,1.050399889836802e-08,1.763733259406454e-08,1.8468066730676828e-07,1.8876748898237618e-09,9.216561334524773e-09
candidate_0023,2.619878557764758e-09,2.038027841988324e-07,1.878422065224021e-05,7.191558116194267e-10,161.1684375522968,8.331019688326418e-08,1.0145998343655373e-08,1.7635924079174355e-08,1.8465719502071403e-07,1.8414111454668735e-09,8.90777042963548e-09
candidate_0023,2.5278598973610043e-09,2.0258058990670766e-07,1.867078088006169e-05,7.157527289627871e-10,167.0725093915657,8.04133896840475e-08,9.800968888959403e-09,1.7634681105581297e-08,1.8462982565435403e-07,1.7971032222590443e-09,8.610406289175026e-09
candidate_0023,2.439086622532189e-09,2.0143082164377062e-07,1.8564302442894053e-05,7.125706655699985e-10,173.1928646720135,7.761978882675387e-08,9.468473671268798e-09,1.7633596320784143e-08,1.8459842684299475e-07,1.7546677474224647e-09,8.324093097416754e-09
candidate_0023,2.35344654210567e-09,2.0034880349846175e-07,1.8464097262557324e-05,7.095962007076724e-10,179.5374264894633,7.492586018176361e-08,9.148090673147758e-09,1.763266302253352e-08,1.8456284690342068e-07,1.714022500516505e-09,8.048468228795296e-09
candidate_0023,2.2708312384079865e-09,1.993300652290652e-07,1.8369986944166905e-05,7.068166228495235e-10,186.1144081859403,7.232818926859148e-08,8.83941227714042e-09,1.763187511079299e-08,1.8452291423441427e-07,1.675086398389201e-09,7.783181869856467e-09
candidate_0023,2.1911359548571035e-09,1.9837033514641326e-07,1.828134394946443e-05,7.042199048347321e-10,192.9323239822404,6.982347767400294e-08,8.542044824831433e-09,1.7631227040408723e-08,1.8447843664037235e-07,1.6377794930730987e-09,7.527896646783764e-09
candidate_0023,2.114259485374438e-09,1.974655325548674e-07,1.819800891053956e-05,7.017946783709568e-10,200.0000000000006,6.740853952356212e-08,8.25560818120168e-09,1.7630713775001115e-08,1.8442920057975528e-07,1.6020229831392094e-09,7.282287257044917e-09
candidate_0023,2.040104065714403e-09,1.966117598208948e-07,1.8119407077698265e-05,6.995302081027974e-10,207.3265856875402,6.508029800929138e-08,7.97973530453324e-09,1.763033074103703e-08,1.8437497033454522e-07,1.5677392386954807e-09,7.046040103299187e-09
candidate_0023,1.968575266874374e-09,1.9580529414360563e-07,1.804539928507446e-05,6.974163654528276e-10,214.9215656642642,6.283578197817175e-08,7.714071822374784e-09,1.763007378306339e-08,1.8431548710454598e-07,1.5348518402054285e-09,6.8188529402777815e-09
candidate_0023,1.8995818905729786e-09,1.9504257908191665e-07,1.7975456206481744e-05,6.954436024107584e-10,222.7947719989612,6.06721225806352e-08,7.458275613399833e-09,1.762993911784895e-08,1.8425046801710697e-07,1.503285630860376e-09,6.6004345198386506e-09
candidate_0023,1.833035867063499e-09,1.9432021591878944e-07,1.7909459392729018e-05,6.93602925449676e-10,230.9563969378924,5.858654998706259e-08,7.212016396089676e-09,1.7629923291262802e-08,1.8417960507046903e-07,1.4729667825434162e-09,6.390504246823996e-09
candidate_0023,1.7688521549752499e-09,1.9363495488141385e-07,1.7846917940271922e-05,6.918858696871414e-10,239.4170060991468,5.657639016197952e-08,6.9749753229328645e-09,1.763002313140903e-08,1.8410256397691568e-07,1.4438228743861494e-09,6.188791839299403e-09
candidate_0023,1.7069486436638248e-09,1.929836863131727e-07,1.7787734139983154e-05,6.902844734480219e-10,248.1875521503447,5.463906171079016e-08,6.746844581937393e-09,1.7630235705765972e-08,1.8401898294880085e-07,1.415782983916136e-09,5.99503699431596e-09
candidate_0023,1.647246057634239e-09,1.9236343179483874e-07,1.773144885807326e-05,6.887912533058814e-10,257.2793889873957,5.277207278459667e-08,6.527327003667992e-09,1.7630558274768706e-08,1.8392847138326048e-07,1.3887777893484107e-09,5.8089890584267486e-09
candidate_0023,1.5896678634095782e-09,1.9177133529416626e-07,1.767798479789837e-05,6.873991797179005e-10,266.7042864326657,5.097301805448832e-08,6.316135675220495e-09,1.763098824830781e-08,1.8383060848326012e-07,1.3627396825254209e-09,5.630406706143847e-09
candidate_0023,1.5341401785462266e-09,1.9120465434647892e-07,1.7626908277475197e-05,6.861016533087635e-10,276.4744454715809,4.92395757452216e-08,6.1129935599248665e-09,1.7631523139939774e-08,1.8372494178547616e-07,1.33760289091284e-09,5.459057621858224e-09
candidate_0023,1.4805916829806823e-09,1.9066075131968433e-07,1.757816184660166e-05,6.848924818790161e-10,286.6025140473935,4.7569504733710423e-08,5.9176331235085145e-09,1.7632160523103047e-08,1.8361098561807866e-07,1.3133036076108618e-09,5.294718186177774e-09
candidate_0023,1.428953532557437e-09,1.901370847759256e-07,1.7531331278671787e-05,6.837658581771718e-10,297.1016034345561,4.596064170702754e-08,5.729795966160465e-09,1.763289798705459e-08,1.8348821947688697e-07,1.2897801276534458e-09,5.1371731676218824e-09
candidate_0023,1.379159274734718e-09,1.8963120095599767e-07,1.748637825579981e-05,6.82716338473954e-10,307.9853052118995,4.4410898379375364e-08,5.5492324605603455e-09,1.7633733093633396e-08,1.833560863256437e-07,1.266972988947706e-09,4.986215420566343e-09
candidate_0023,1.3311447664764738e-09,1.891407254130386e-07,1.744290231738566e-05,6.817388219692442e-10,319.2677088575896,4.291825876792277e-08,5.375701396033267e-09,1.7634663336193015e-08,1.832139908306253e-07,1.2448251160387184e-09,4.8416455845025445e-09
candidate_0023,1.2848480941934766e-09,1.8866335480100273e-07,1.7400883489186553e-05,6.808285310425022e-10,330.9634199886376,4.148077652279364e-08,5.208969628462524e-09,1.7635686099488783e-08,1.830612975229023e-07,1.2232819645192826e-09,4.703271788008097e-09
candidate_0023,1.240209495736317e-09,1.8819684884003127e-07,1.735992967734052e-05,6.799809923591855e-10,343.0875792685771,4.0096572311082294e-08,5.048811736210931e-09,1.7636798622098338e-08,1.8289732890075823e-07,1.2022916639312e-09,4.5709093579159515e-09
candidate_0023,1.197171284408405e-09,1.8773902247640718e-07,1.7320038446664957e-05,6.791920188361285e-10,355.655882007786,3.8763831253788056e-08,4.895009682232833e-09,1.763799796187074e-08,1.8272136348361172e-07,1.1818051567682368e-09,4.4443805298306794e-09
candidate_0023,1.1556777748932972e-09,1.8728773824373474e-07,1.728082094505709e-05,6.784576924621132e-10,368.6845984818236,3.748080041231743e-08,4.74735248233118e-09,1.7639280965015885e-08,1.8253263382033738e-07,1.1617763310522594e-09,4.3235141631184254e-09
candidate_0023,1.1156752110965724e-09,1.8684089884763791e-07,1.7242291508476766e-05,6.777743479655093e-10,382.1905949940897,3.6245786324800445e-08,4.6056358800209005e-09,1.764064423956223e-08,1.82330324472564e-07,1.14216214384446e-09,4.2081454597876746e-09
candidate_0023,1.0771116958080833e-09,1.8639643998296834e-07,1.7204059660700117e-05,6.771385573139732e-10,396.1913557100694,3.505715258963096e-08,4.469662028157475e-09,1.764208413319512e-08,1.8211356998263346e-07,1.1229227329489128e-09,4.098115681537594e-09
candidate_0023,1.0399371221435517e-09,1.859523234020494e-07,1.7166155823434066e-05,6.765471150304482e-10,410.705005291431,3.3913317495586575e-08,4.339239177788141e-09,1.7643596716545572e-08,1.8188145284646026e-07,1.1040215140754872e-09,3.993271876930002e-09
candidate_0023,1.0041031067775215e-09,1.855065302639511e-07,1.7128183280488387e-05,6.759970243131136e-10,425.7503323592763,3.281275169992076e-08,4.214181374990906e-09,1.7645177773645983e-08,1.8163300152483612e-07,1.0854252608344555e-09,3.893466605311922e-09
candidate_0023,9.695629248366846e-10,1.850570547732302e-07,1.7090187981466155e-05,6.754854839243748e-10,441.3468138169198,3.175397595147593e-08,4.094308165956863e-09,1.764682279755558e-08,1.8136718850656377e-07,1.067104164794483e-09,3.798557665127581e-09
candidate_0023,9.362714464724934e-10,1.846018981449263e-07,1.705176260684729e-05,6.750098758340818e-10,457.5146400636811,3.0735558861104814e-08,3.979444311268767e-09,1.7648526993346698e-08,1.8108292846558213e-07,1.0490318732833153e-09,3.7084078256894746e-09
candidate_0023,9.041850750694385e-10,1.841390629260023e-07,1.7012968244155204e-05,6.745677535870883e-10,474.2747411323331,2.975611472006338e-08,3.869419510142931e-09,1.7650285287997072e-08,1.8077907654886503e-07,1.0311855027257277e-09,3.6228845604107864e-09
candidate_0023,8.73261687086986e-10,1.8366654771575816e-07,1.69733828804736e-05,6.741568313718376e-10,491.6488137840416,2.8814301368838104e-08,3.764068135637462e-09,1.7652092348152727e-08,1.8045442684456829e-07,1.0135456257479176e-09,3.5418597821055075e-09
candidate_0023,8.434605734452583e-10,1.8318234231419652e-07,1.6933082559087895e-05,6.737749737502659e-10,509.6593495958716,2.790881811644503e-08,3.6632289814981407e-09,1.765394260327668e-08,1.8010771106729002e-07,9.960962305386582e-10,3.4652095822731863e-09
candidate_0023,8.147423825535669e-10,1.8268442337046852e-07,1.6891626803548956e-05,6.734201860344574e-10,528.3296640772209,2.7038403716955232e-08,3.5667450221469246e-09,1.765583027714679e-08,1.7973759754008217e-07,9.788246517736049e-10,3.392813969499467e-09
candidate_0023,7.870690648666084e-10,1.8217075056474134e-07,1.684910667011416e-05,6.730906052623002e-10,547.6839268528747,2.6201834403445775e-08,3.4744631864030253e-09,1.765774942366891e-08,1.7934269051513188e-07,9.6172147261491e-10,3.3245566133848875e-09
candidate_0023,7.604038190687168e-10,1.8163926340660205e-07,1.6805059853683346e-05,6.727844917560141e-10,567.7471929517535,2.5397921987201152e-08,3.3862341464291513e-09,1.7659693969398684e-08,1.789215299241913e-07,9.447803982758442e-10,3.2603245886722987e-09
candidate_0023,7.347110398312145e-10,1.8108787870453476e-07,1.6759592740880623e-05,6.725002212200392e-10,588.5454352418591,2.4625512025345507e-08,3.301912122668175e-09,1.7661657759555126e-08,1.7847259162200685e-07,9.279981020058212e-10,3.200008119274011e-09
candidate_0023,7.099562672219543e-10,1.8051448879490704e-07,1.671221836878896e-05,6.722362773534772e-10,610.105578053408,2.3883482064982688e-08,3.2213547060310145e-09,1.7663634607617425e-08,1.7799428821928202e-07,9.113740451629078e-10,3.143500326983509e-09
candidate_0023,6.861061377720363e-10,1.7991696060562215e-07,1.6663059036761363e-05,6.719912449433079e-10,632.4555320336789,2.3170739969868328e-08,3.14442269814725e-09,1.766561834737958e-08,1.7748497058878375e-07,8.949102736259053e-10,3.0906969787685897e-09
candidate_0023,6.631283372676557e-10,1.7929313564663504e-07,1.6611601017237613e-05,6.71763803408616e-10,655.6242302786949,2.2486222338045206e-08,3.0709799706065523e-09,1.766760288604612e-08,1.7694293014493394e-07,8.786111933451118e-10,3.041496234377899e-09
candidate_0023,6.409915552951588e-10,1.7864083101029432e-07,1.6557983352378188e-05,6.715527207590792e-10,679.6416657885152,2.1828893017729993e-08,3.000893343738316e-09,1.7669582255941313e-08,1.7636640198797452e-07,8.624833282889428e-10,2.9957983966986418e-09
candidate_0023,6.196654416678281e-10,1.7795784149000887e-07,1.6501664409400473e-05,6.713568479499443e-10,704.5389302946238,2.1197741732195558e-08,2.934032485702763e-09,1.7671550666084783e-08,1.7575356902884181e-07,8.465350646114932e-10,2.953505658639577e-09
candidate_0023,5.991205647566553e-10,1.772419428949482e-07,1.644280100845216e-05,6.711751135947517e-10,730.3482545096791,2.0591782820678195e-08,2.87026983191256e-09,1.7673502550193424e-08,1.7510256718023571e-07,8.307763849286897e-10,2.91452185301497e-09
candidate_0023,5.793283718827882e-10,1.7649089666975248e-07,1.6380823738983118e-05,6.710065190165915e-10,757.1030498517299,2.0010054106626465e-08,2.809480525138578e-09,1.7675432611542707e-08,1.744114917301283e-07,8.152185969308106e-10,2.8787521997223292e-09
candidate_0023,5.602611518270882e-10,1.757024558924713e-07,1.6315908369212706e-05,6.708501336087536e-10,784.8379516969113,1.9451615900584187e-08,2.7515423758639936e-09,1.767733586287971e-08,1.7367840497808696e-07,7.998740604831919e-10,2.846103055358267e-09
candidate_0023,5.41891999608548e-10,1.7487437273992217e-07,1.6247459450786633e-05,6.707050904803266e-10,813.5888642166138,1.8915550147506395e-08,2.6963358425792214e-09,1.767920766055709e-08,1.7290134523051427e-07,7.847559173227901e-10,2.8164816608802895e-09
candidate_0023,5.241947836475315e-10,1.7400440748650012e-07,1.6175672906772933e-05,6.705705823717307e-10,843.3930068571691,1.840095972604576e-08,2.6437440312191254e-09,1.7681043733406646e-08,1.7207833722723487e-07,7.698778272831439e-10,2.7897958929405197e-09
candidate_0023,5.071441154481305e-10,1.7309033909039354e-07,1.609993096967915e-05,6.704458578134186e-10,874.2889625222227,1.7906967906682075e-08,2.5936527127163576e-09,1.7682840204763656e-08,1.7120740405986846e-07,7.552537145927354e-10,2.7659540167211384e-09
candidate_0023,4.907153219286819e-10,1.7212997739966457e-07,1.6020450840268735e-05,6.703302175163402e-10,906.3167275201686,1.7432717973833657e-08,2.545950357325792e-09,1.7684593608635086e-08,1.702865806203514e-07,7.408975274823101e-10,2.7448644432117776e-09
candidate_0023,4.74884420528821e-10,1.7112117698674456e-07,1.5936598479001913e-05,6.702230109724162e-10,939.5177633413036,1.697737301528724e-08,2.5005281841117246e-09,1.7686300898772337e-08,1.693139285940392e-07,7.268230137908861e-10,2.726435494620316e-09
candidate_0023,4.596280972110515e-10,1.7006185259046632e-07,1.584861326320836e-05,6.701236332545781e-10,973.9350503317318,1.6540115879951974e-08,2.457280223724291e-09,1.768795945187818e-08,1.6828755298197265e-07,7.130435148486307e-10,2.710575178029624e-09
candidate_0023,4.449236874515433e-10,1.689499961078876e-07,1.575585354046615e-05,6.700315220030658e-10,1009.6131433335,1.6120149302003565e-08,2.4161033923153463e-09,1.7689567064755734e-08,1.6720562009987018e-07,6.995717793367716e-10,2.697190971908234e-09
candidate_0023,4.307491603166403e-10,1.6778369504890593e-07,1.5658581388958503e-05,6.699461545869633e-10,1046.598229362995,1.5716696187374024e-08,2.3768975743709833e-09,1.769112194654248e-08,1.6606637697179353e-07,6.864197983438332e-10,2.6861896310879427e-09
candidate_0023,4.1708310562809023e-10,1.6656115230064193e-07,1.555615897295394e-05,6.698670454287027e-10,1084.938187402272,1.5329000052999134e-08,2.3395657117297887e-09,1.7692622705377646e-08,1.6486817197047704e-07,6.735986622987023e-10,2.6774770090145295e-09
candidate_0023,4.039047242602374e-10,1.6528070703204999e-07,1.5448871069530117e-05,6.697937434871917e-10,1124.682650380705,1.495632560857769e-08,2.304013896345905e-09,1.7694068331762183e-08,1.6360947653908417e-07,6.611184400612949e-10,2.670957909813739e-09
candidate_0023,3.9119382148421175e-10,1.6394085648981727e-07,1.5336097821004488e-05,6.697258298862048e-10,1165.883069427222,1.4597959464042374e-08,2.270151463824011e-09,1.769545817766078e-08,1.6228890775013485e-07,6.489880799689484e-10,2.6665359654942428e-09
candidate_0023,3.7893080327414423e-10,1.625402784079603e-07,1.5218146032530331e-05,6.696629156856009e-10,1208.592780476273,1.4253210944266514e-08,2.2378910849997396e-09,1.769679193333108e-08,1.6090525142790573e-07,6.372153323350797e-10,2.664113552052289e-09
candidate_0023,3.6709667539616567e-10,1.6107785369122828e-07,1.5094430420526775e-05,6.696046397868721e-10,1252.867073313779,1.3921412987799073e-08,2.2071488526536655e-09,1.769806960206667e-08,1.594574854985513e-07,6.258066925650185e-10,2.6635917407443792e-09
candidate_0023,3.556730450327852e-10,1.5955268898426968e-07,1.4965278356924734e-05,6.695506669656024e-10,1298.76326315243,1.3601923103022247e-08,2.17784436047148e-09,1.7699291473012234e-08,1.579448031835799e-07,6.147673637980556e-10,2.6648702959245587e-09
candidate_0023,3.4464212465538856e-10,1.5796413870871117e-07,1.4830157553401132e-05,6.695006860294893e-10,1346.340764829005,1.3294124353325268e-08,2.149900771629162e-09,1.7700458093941777e-08,1.5636663562235432e-07,6.041012378533423e-10,2.667847716853645e-09
candidate_0023,3.339867377347376e-10,1.5631182609158635e-07,1.4689413608208968e-05,6.694544080913409e-10,1395.661169719741,1.2997426338470674e-08,2.1232448742030885e-09,1.7701570242923435e-08,1.5472267345044707e-07,5.93810893046051e-10,2.672421331115171e-09
candidate_0023,3.2369032587297364e-10,1.545956627084521e-07,1.4542586533391914e-05,6.694115649559545e-10,1446.788325473359,1.2711266139889636e-08,2.0978071211573822e-09,1.7702628900822283e-08,1.5301288686021114e-07,5.838976074295931e-10,2.678487438245554e-09
candidate_0023,3.137369568392918e-10,1.5281586603214503e-07,1.4390036890517902e-05,6.693719076168042e-10,1499.788418664921,1.2435109195160962e-08,2.0735216526592556e-09,1.7703635224559807e-08,1.512375436374107e-07,5.743613859237654e-10,2.6859415055533176e-09
candidate_0023,3.041113329524528e-10,1.5097297448173233e-07,1.4231395931904156e-05,6.693352048494112e-10,1554.730060477562,1.2168450067320134e-08,2.050326298830068e-09,1.7704590520291623e-08,1.493972246712002e-07,5.65200999760107e-10,2.6946784169654896e-09
candidate_0023,2.947987992511702e-10,1.4906785949843446e-07,1.4067035009050749e-05,6.693012419114955e-10,1611.684375522974,1.191081307699858e-08,2.0281625616172713e-09,1.7705496219632716e-08,1.4749283646640612e-07,5.564140367699879e-10,2.7045927685492317e-09
candidate_0023,2.8578535082032615e-10,1.4710173418165874e-07,1.3896693714639815e-05,6.692698193255667e-10,1670.725093915663,1.166175276531791e-08,2.0069755745218473e-09,1.7706353854931318e-08,1.455256201937301e-07,5.479969609232574e-10,2.7155792126639458e-09
candidate_0023,2.7705763871771605e-10,1.4507615810671203e-07,1.3720749183726803e-05,6.692407517623721e-10,1731.928646720142,1.1420854161625301e-08,1.9867140398740016e-09,1.7707165039156736e-08,1.434971569008403e-07,5.399451797548835e-10,2.727532841398063e-09
candidate_0023,2.6860297389037893e-10,1.4299303797485066e-07,1.3539063050848844e-05,6.69213866996387e-10,1795.37426489464,1.1187732831200078e-08,1.96733014331574e-09,1.770793144454431e-08,1.4140936853720826e-07,5.322531181564694e-10,2.740349606074897e-09
candidate_0023,2.604093285938768e-10,1.4085462387213253e-07,1.335201253952274e-05,6.69189004947703e-10,1861.14408185941,1.0962034686394431e-08,1.9487794462178575e-09,1.770865478515453e-08,1.392645145700495e-07,5.249142972651384e-10,2.7539267625386345e-09
candidate_0023,2.5246533483428756e-10,1.386635009821442e-07,1.3159590176011e-05,6.691660167953178e-10,1929.323239822411,1.0743435548168839e-08,1.9310207568844105e-09,1.7709336800240374e-08,1.3706518403785527e-07,5.179214170997124e-10,2.7681633358880083e-09
candidate_0023,2.447602794746121e-10,1.3642257672678812e-07,1.2962167098677904e-05,6.691447641592853e-10,2000.000000000013,1.053164045298404e-08,1.91401598218618e-09,1.7709979239559874e-08,1.3481428301650436e-07,5.112664417325135e-10,2.7829605946151608e-09
candidate_0023,2.372840957304313e-10,1.3413506341682308e-07,1.2759869586567732e-05,6.691251183485892e-10,2073.26585687541,1.0326382706134701e-08,1.897729961642635e-09,1.7710583850484793e-08,1.3251501758037234e-07,5.049406858348361e-10,2.7982225227133074e-09
candidate_0023,2.3002735089620918e-10,1.3180445661454926e-07,1.255305630524345e-05,6.691069596641921e-10,2149.21565664265,1.0127422689712716e-08,1.882130286453675e-09,1.7711152366042447e-08,1.3017087246137704e-07,4.989349014933737e-10,2.813856282776846e-09
candidate_0023,2.2298123027544627e-10,1.294345095342195e-07,1.2341983528738904e-05,6.69090176767678e-10,2227.94771998962,9.934546440715124e-09,1.8671871064745056e-09,1.771168649646489e-08,1.2778558573167297e-07,4.932393643239487e-10,2.8297726559448998e-09
candidate_0023,2.1613751737191534e-10,1.2702920389232164e-07,1.2126991150821883e-05,6.690746660867653e-10,2309.563969378932,9.747564019538091e-09,1.8528729281345264e-09,1.7712187919481267e-08,1.2536311992282743e-07,4.878439578879432e-10,2.845886453592727e-09
candidate_0023,2.0948857056160076e-10,1.2459271774136746e-07,1.1908455071173114e-05,6.690603312760009e-10,2394.170060991476,9.56630769672593e-09,1.8391624068686311e-09,1.7712658273801095e-08,1.2290763011478497e-07,4.827382556315014e-10,2.862116890010864e-09
candidate_0023,2.0302729653937223e-10,1.2212939087989076e-07,1.1686690516420752e-05,6.690470827175158e-10,2481.875521503457,9.39062998914621e-09,1.8260321374615667e-09,1.7713099153384293e-08,1.2042342958775117e-07,4.779115995680412e-10,2.8783879068612533e-09
candidate_0023,1.9674712093509042e-10,1.19643688493483e-07,1.146217671069546e-05,6.69034837057862e-10,2572.793889873967,9.220401580697126e-09,1.8134604457342749e-09,1.771351210250347e-08,1.1791495369179854e-07,4.733531750538845e-10,2.8946284485521997e-09
candidate_0023,1.90641956577057e-10,1.1714016372134171e-07,1.1235199023001379e-05,6.69023516782904e-10,2667.042864326667,9.05550916543141e-09,1.801427184930213e-09,1.7713898612559384e-08,1.15386722628843e-07,4.690520811233249e-10,2.9107726772342995e-09
candidate_0023,1.8470616992197174e-10,1.1462341984610926e-07,1.1006319044129265e-05,6.690130498171069e-10,2764.744454715819,8.8958532514827e-09,1.7899135397869904e-09,1.771426011837637e-08,1.1284330384514144e-07,4.649973959150222e-10,2.9267601300730383e-09
candidate_0023,1.7893454622882002e-10,1.1209807280847955e-07,1.0775788057295433e-05,6.690033691585461e-10,2866.025140473946,8.741345965226898e-09,1.7789018411657227e-09,1.7714597996991515e-08,1.1028927473578112e-07,4.6117823688505487e-10,2.9425358154303917e-09
candidate_0023,1.7332225403525105e-10,1.0956871469542977e-07,1.0544226106232696e-05,6.689944125332891e-10,2971.016034345572,8.591908892354344e-09,1.7683753934103864e-09,1.771491356608093e-08,1.0772918631087348e-07,4.575838155460507e-10,2.9580502458703333e-09
candidate_0023,1.678648095131004e-10,1.0703987881480298e-07,1.0311847313377188e-05,6.689861220727238e-10,3079.853052119006,8.447470991390124e-09,1.7583183163879442e-09,1.771520808286925e-08,1.0516752843660577e-07,4.5420348661063926e-10,2.973259414295373e-09
candidate_0023,1.6255804124437912e-10,1.0451600689526144e-07,1.0079305193172622e-05,6.689784440132863e-10,3192.677088575908,8.307966611524487e-09,1.7487154035949047e-09,1.7715482744199357e-08,1.0260869719093002e-07,4.5102679150972214e-10,2.9881247133790443e-09
candidate_0023,1.573980559120552e-10,1.0200141886692439e-07,9.846774892291269e-06,6.689713284141799e-10,3309.634199886387,8.173333642362375e-09,1.739551997172235e-09,1.7715738687100048e-08,1.0005696479023752e-07,4.4804349633192927e-10,3.002612803288229e-09
candidate_0023,1.523812053411508e-10,9.950028558640356e-08,9.614919173913061e-06,6.689647288875879e-10,3430.875792685783,8.043511818420492e-09,1.7308138801408472e-09,1.7715976988445234e-08,9.75164524520768e-08,4.4524362430760694e-10,3.01669543322579e-09
candidate_0023,1.4750405528226647e-10,9.701660479061118e-08,9.383873669505839e-06,6.689586023509371e-10,3556.558820077872,7.918441197370441e-09,1.7224871859506668e-09,1.7716198666856074e-08,9.499110647923543e-08,4.426174830607125e-10,3.0303492218546335e-09
candidate_0023,1.4276335622221978e-10,9.455418044572403e-08,9.15428848216447e-06,6.689529087859014e-10,3686.845984818249,7.798060824039794e-09,1.7145583246271804e-09,1.7716404683097143e-08,9.24846777334719e-08,4.4015568685954396e-10,3.0435554061776242e-09
candidate_0023,1.381560164702711e-10,9.211660559081104e-08,8.926260394939578e-06,6.689476110155379e-10,3821.90594994091,7.682307589027473e-09,1.7070139248517575e-09,1.771659594179046e-08,9.000070459989324e-08,4.378491741933488e-10,3.056299559879528e-09
candidate_0023,1.3367907766654886e-10,8.970724867195154e-08,8.700408387775743e-06,6.689426744906119e-10,3961.913557100708,7.571115284383967e-09,1.6998407906967e-09,1.7716773292807742e-08,8.754249943962909e-08,4.3568922100061874e-10,3.068571293729168e-09
candidate_0023,1.293296928071696e-10,8.732924329711833e-08,8.476792126014135e-06,6.689380670883598e-10,4107.050052914324,7.464413855164095e-09,1.6930258717064204e-09,1.7716937532806914e-08,8.511313846312373e-08,4.336674499179097e-10,3.0803639399396304e-09
candidate_0023,1.2510510681038549e-10,8.498548127202716e-08,8.255985100848945e-06,6.68933758920863e-10,4257.503323592779,7.362128841229689e-09,1.6865562447914077e-09,1.7717089406877588e-08,8.271545488617475e-08,4.317758359238406e-10,3.0916742302149424e-09
candidate_0023,1.210026395926488e-10,8.267860872267145e-08,8.038012460189107e-06,6.689297221546316e-10,4413.468138169214,7.264181000180232e-09,1.680419106326897e-09,1.7717229610398136e-08,8.035203517673066e-08,4.300067087617893e-10,3.102501967865018e-09
candidate_0023,1.1701967157469415e-10,8.041102506714358e-08,7.823392126755484e-06,6.689259308386597e-10,4575.146400636828,7.170486099288292e-09,1.6746017728150483e-09,1.771735879061227e-08,7.802521815702422e-08,4.2835275251429397e-10,3.1128497079198966e-09
candidate_0023,1.1315363149851001e-10,7.818488456738663e-08,7.612117977780367e-06,6.689223607420526e-10,4742.747411323348,7.08095486197943e-09,1.6690916884996037e-09,1.7717477548345988e-08,7.573709669429613e-08,4.2680700270037864e-10,3.1227224370257905e-09
candidate_0023,1.0940198640654262e-10,7.600210017260304e-08,7.404646374114098e-06,6.689189891990878e-10,4916.488137840434,6.995493052729062e-09,1.6638764384114922e-09,1.7717586439601948e-08,7.348952169366992e-08,4.2536284124272307e-10,3.1321272703145243e-09
candidate_0023,1.0576223361106614e-10,7.386434935413618e-08,7.20094358646795e-06,6.689157949654302e-10,5096.593495958734,6.914001683044001e-09,1.6589437654169065e-09,1.771768597750953e-08,7.128410809555447e-08,4.2401398964060544e-10,3.1410731574071083e-09
candidate_0023,1.0223189446497067e-10,7.177308162888766e-08,7.001402028023897e-06,6.689127580780352e-10,5283.296640772228,6.836377320457161e-09,1.6542815899362178e-09,1.771777663352687e-08,6.912224257688283e-08,4.2275450064809487e-10,3.149570605607323e-09
candidate_0023,9.880850974259715e-11,6.972952747794682e-08,6.8059642279605e-06,6.689098597263534e-10,5476.839268528767,6.7625124826847896e-09,1.6498780312233855e-09,1.7717858839392973e-08,6.700509266473651e-08,4.215787487483449e-10,3.157631422028232e-09
candidate_0023,9.548963643267415e-11,6.773470837503207e-08,6.614959230673592e-06,6.689070821257511e-10,5677.471929517556,6.6922960991260354e-09,1.6457214291754413e-09,1.771793298803046e-08,6.493361697961305e-08,4.2048141967076107e-10,3.165268472357037e-09
candidate_0023,9.227284575219062e-11,6.578944765965051e-08,6.428309700148459e-06,6.689044084014374e-10,5885.454352418613,6.625614022817463e-09,1.6418003658474434e-09,1.7717999435111468e-08,6.290857634468937e-08,4.194574991894019e-10,3.1724954608939452e-09
candidate_0023,8.915572219797576e-11,6.389438200970862e-08,6.246284151324226e-06,6.689018224760695e-10,6101.055780534102,6.562349577031688e-09,1.6381036860123757e-09,1.771805850028179e-08,6.093054551813481e-08,4.1850226139999723e-10,3.179326728346629e-09
candidate_0023,8.613586346076607e-11,6.204997329028735e-08,6.068789116245524e-06,6.688993089649959e-10,6324.555320336812,6.502384121805139e-09,1.6346205162065327e-09,1.771811046852754e-08,5.89999253265051e-08,4.1761125665722526e-10,3.1857770725613355e-09
candidate_0023,8.321088103863236e-11,6.025652057796976e-08,5.896036995826852e-06,6.688968530715725e-10,6556.242302786973,6.445597627052826e-09,1.6313402818130472e-09,1.7718155590589583e-08,5.7116955000777566e-08,4.1678029932131343e-10,3.1918615833497798e-09
candidate_0023,8.037840141059147e-11,5.8514172193217234e-08,5.727921663664587e-06,6.688944404952696e-10,6796.416657885176,6.391869241219494e-09,1.628252722040225e-09,1.7718194084853325e-08,5.528172454770018e-08,4.160054554572259e-10,3.1975955026393448e-09
candidate_0023,7.76360676277049e-11,5.682293758241367e-08,5.564604787025629e-06,6.688920573325883e-10,7045.389302946263,6.34107784463858e-09,1.6253479024059263e-09,1.7718226136871944e-08,5.349418700059243e-08,4.152830305816039e-10,3.202994094918753e-09
candidate_0023,7.49815412179358e-11,5.518269893420675e-08,5.4059707157410845e-06,6.688896899917645e-10,7303.482545096817,6.293102580190335e-09,1.6226162248828102e-09,1.7718251900866372e-08,5.175417043328297e-08,4.1460955756941e-10,3.2080725397297e-09
candidate_0023,7.241250429490492e-11,5.359322242006303e-08,5.252136220395843e-06,6.688873251062847e-10,7571.030498517326,6.247823353826908e-09,1.6200484355297643e-09,1.7718271500406184e-08,5.0061389628354096e-08,4.139817847842652e-10,3.21284583665959e-09
candidate_0023,6.992666178540677e-11,5.205416897796484e-08,5.102978877528101e-06,6.688849494489148e-10,7848.379516969141,6.205121299799454e-09,1.6176356296859216e-09,1.7718285028197494e-08,4.8415457318264236e-08,4.133966644955308e-10,3.2173287260604514e-09
candidate_0023,6.752174370600099e-11,5.056510457872883e-08,4.9585764589069844e-06,6.688825498509562e-10,8135.888642166167,6.164879207025766e-09,1.6153692549048342e-09,1.7718292546801385e-08,4.681589493777196e-08,4.128513416361252e-10,3.221535621724921e-09
candidate_0023,6.519550742504416e-11,4.912550992644909e-08,4.818802116580868e-06,6.688801131213327e-10,8433.93006857172,6.126981903779932e-09,1.6132411117034776e-09,1.7718294088599244e-08,4.526214283820539e-08,4.12343142933052e-10,3.22548055585335e-09
candidate_0023,6.294573986162227e-11,4.773478956312714e-08,4.683700295811047e-06,6.688776259680584e-10,8742.889625222258,6.091316599328207e-09,1.611243352302085e-09,1.7718289656107055e-08,4.3753569931308564e-08,4.118695664409056e-10,3.2291771352874647e-09
candidate_0023,6.07702595823982e-11,4.639228035963251e-08,4.553141676655176e-06,6.688750749185055e-10,9063.167275201718,6.057773182082854e-09,1.6093684775332341e-09,1.771827922152975e-08,4.228948274266102e-08,4.114282714941197e-10,3.2326385056485857e-09
candidate_0023,5.866691876801521e-11,4.5097259388953324e-08,4.427142633790352e-06,6.688724462407329e-10,9395.17763341307,6.026244474863524e-09,1.6076093321506412e-09,1.7718262726654737e-08,4.08691338666658e-08,4.1101706909201674e-10,3.2358773254870516e-09
candidate_0023,5.6633605024682316e-11,4.3848951184119134e-08,4.305572954254735e-06,6.688697258643123e-10,9739.350503317351,5.9966264481936815e-09,1.6059590986714704e-09,1.7718240082408088e-08,3.949172982155945e-08,4.106339127209057e-10,3.2389057464372845e-09
candidate_0023,5.4668243027757794e-11,4.26465343952844e-08,4.188425671405095e-06,6.688668993007709e-10,10096.13143333503,5.968818393558272e-09,1.604411289995287e-09,1.771821116853246e-08,3.815643831353728e-08,4.1027688961420204e-10,3.2417354012620996e-09
candidate_0023,5.276879598591448e-11,4.148914786386925e-08,4.075570919663395e-06,6.688639515603067e-10,10465.98229362999,5.942723058598677e-09,1.60295974093065e-09,1.7718175832281686e-08,3.6862394922451546e-08,4.0994421244436924e-10,3.2443773960519103e-09
candidate_0023,5.093326692495971e-11,4.037589614286757e-08,3.966982546091098e-06,6.688608670716138e-10,10849.38187402275,5.918246747157337e-09,1.601598598913409e-09,1.7718133888580416e-08,3.560870923034504e-08,4.096342114456445e-10,3.2468423083420344e-09
candidate_0023,4.915969978526391e-11,3.930585448836858e-08,3.862531978103151e-06,6.68857629594257e-10,11246.82650380709,5.895299386326793e-09,1.6003223139251489e-09,1.771808511832647e-08,3.439447041145998e-08,4.093453269493706e-10,3.2491401872156166e-09
candidate_0023,4.74461803397522e-11,3.827807336015165e-08,3.7621774564776653e-06,6.688542221293458e-10,11658.83069427226,5.873794563847636e-09,1.5991256278906921e-09,1.7718029267275565e-08,3.3218752311922564e-08,4.0907610232544003e-10,3.2512805598257966e-09
candidate_0023,4.5790836935415886e-11,3.7291582465288486e-08,3.665792400675969e-06,6.688506268276512e-10,12085.92780476277,5.8536495385503444e-09,1.5980035636306514e-09,1.7717966044448976e-08,3.2080618044619934e-08,4.0882517731566125e-10,3.253272437595135e-09
candidate_0023,4.419184106776584e-11,3.634539438524137e-08,3.57332248279986e-06,6.688468248957573e-10,12528.67073313783,5.834785227055432e-09,1.5969514135745306e-09,1.7717895121315867e-08,3.097912412909907e-08,4.0859128174554113e-10,3.2551243269585453e-09
candidate_0023,4.2647407792497264e-11,3.543850782135091e-08,3.4846436182914777e-06,6.688427964938357e-10,12987.63263152435,5.8171261690614075e-09,1.5959647282024074e-09,1.77178161295177e-08,2.991332420224539e-08,4.0837322959436187e-10,3.2568442395695377e-09
candidate_0023,4.115579598843053e-11,3.4569910502163545e-08,3.399691459060297e-06,6.688385206308178e-10,13463.40764829009,5.8006004745327105e-09,1.5950393044663717e-09,1.7717728659033822e-08,2.8882272331697286e-08,4.081699134124146e-10,3.258439706971035e-09
candidate_0023,3.971530847884327e-11,3.373858178864055e-08,3.3183447760315785e-06,6.688339750536152e-10,13956.61169719746,5.785139755009647e-09,1.5941711741707515e-09,1.7717632256134176e-08,2.788502595827726e-08,4.07980299067204e-10,3.259917791817414e-09
candidate_0023,3.832429202357284e-11,3.294349501712352e-08,3.240531325774605e-06,6.688291361296251e-10,14467.88325473364,5.770679041723857e-09,1.5933565924483825e-09,1.771752642096181e-08,2.6920648496485196e-08,4.078034208019595e-10,3.261285104241068e-09
candidate_0023,3.6981137191621696e-11,3.2183619615575596e-08,3.1661329987179524e-06,6.688239787238061e-10,14997.88418664926,5.757156692659225e-09,1.5925920263586886e-09,1.7717410605050832e-08,2.5988211619247426e-08,4.076383765917658e-10,3.262547816199087e-09
candidate_0023,3.568427812477522e-11,3.145792302739136e-08,3.0950714264769542e-06,6.688184760641169e-10,15547.30060477567,5.744514290607515e-09,1.5918741436490796e-09,1.7717284207899502e-08,2.5086797252613557e-08,4.0748432377737366e-10,3.263711675641498e-09
candidate_0023,3.443219220474047e-11,3.07653724776398e-08,3.0272318317871066e-06,6.688125996062643e-10,16116.8437552298,5.732696534436835e-09,1.5911998018113433e-09,1.7717146574782942e-08,2.4215499306429643e-08,4.0734047496920014e-10,3.2647820215294974e-09
candidate_0023,3.322339963057323e-11,3.010493660759973e-08,2.9625312048273146e-06,6.688063188820549e-10,16707.25093915669,5.721651124761623e-09,1.5905660373237704e-09,1.7716996992721375e-08,2.3373425161908383e-08,4.072060941956515e-10,3.265763799242733e-09
candidate_0023,3.205646291884696e-11,2.947558700676737e-08,2.900858300284482e-06,6.687996013426693e-10,17319.28646720148,5.711328645955761e-09,1.5899700552213256e-09,1.7716834687121676e-08,2.255969693994975e-08,4.0708049328956993e-10,3.266661573182205e-09
candidate_0023,3.0929986334207025e-11,2.8876299663941124e-08,2.842126723936608e-06,6.687924121873371e-10,17953.74264894646,5.701682445600315e-09,1.5894092189434666e-09,1.7716658817147434e-08,2.1773452569645378e-08,4.06963028492264e-10,3.2674795414252628e-09
candidate_0023,2.984261526089782e-11,2.8306056359285274e-08,2.786228978747367e-06,6.687847141876047e-10,18611.44081859417,5.692668512876873e-09,1.588881040566382e-09,1.771646847250885e-08,2.101384667746392e-08,4.0685309726917746e-10,3.2682215488464385e-09
candidate_0023,2.8793035519804025e-11,2.7763846008581377e-08,2.733076367548775e-06,6.687764674888619e-10,19293.23239822418,5.684245356272115e-09,1.5883831712462488e-09,1.7716262667328537e-08,2.0280051312391988e-08,4.067501353117376e-10,3.268891098769368e-09
candidate_0023,2.7779972643196558e-11,2.7248665977808045e-08,2.6825653947292297e-06,6.687676294095323e-10,20000.0000000002,5.676373882301835e-09,1.5879133921102614e-09,1.7716040336270258e-08,1.957125652676571e-08,4.0665361372759796e-10,3.2694913646085883e-09
candidate_0012,1.2072951930704088e-11,7.933005350429433e-08,0.012894886824470786,2.5072752828640704e-09,20.0,2.280036155739202e-08,7.390667928788573e-08,9.759771680571759e-09,1.0614726396794905e-10,1.4694871485843825e-08,
candidate_0012,1.1746681813190355e-11,7.734102315028476e-08,0.012461268684212157,2.4391244656774895e-09,20.73265856875396,2.2537375978467922e-08,7.191572402085265e-08,9.83554086428271e-09,1.0705934295257792e-10,1.4320609578461657e-08,
candidate_0012,1.1423641787094662e-11,7.537506326330992e-08,0.012049015890756234,2.3720802203838574e-09,21.49215656642635,2.2280539803369423e-08,6.994475982917304e-08,9.907339006284943e-09,1.0792656282200262e-10,1.3947805064931449e-08,
candidate_0012,1.1104316425518255e-11,7.343538175064814e-08,0.011647301189621366,2.306208753808713e-09,22.27947719989605,2.203031881456986e-08,6.799675292545426e-08,9.975300722221502e-09,1.0875026336322768e-10,1.3577315134739606e-08,
candidate_0012,1.0789143848859839e-11,7.152488577109837e-08,0.011265092280811384,2.2415691533439904e-09,23.09563969378917,2.178710958851168e-08,6.607438485507033e-08,1.0039565168662798e-08,1.0953185977463645e-10,1.3209918257384185e-08,
candidate_0012,1.047851690366928e-11,6.964618921721536e-08,0.01089317172430823,2.1782135338659037e-09,23.94170060991461,2.1551241927094544e-08,6.418005987620434e-08,1.0100274645660793e-08,1.1027282763005834e-10,1.2846316598641931e-08,
candidate_0012,1.0172784629666812e-11,6.780162203038715e-08,0.010539064765370755,2.116187238177795e-09,24.8187552150344,2.132298175920415e-08,6.231591408731599e-08,1.0157573332608504e-08,1.1097468878504858e-10,1.2487138940586418e-08,
candidate_0012,9.872253966388541e-12,6.599324102622644e-08,0.010194969492957654,2.055529082218543e-09,25.7279388987395,2.110253443492871e-08,6.048382600417657e-08,1.0211606156597095e-08,1.1163899832099896e-10,1.2132943991520051e-08,
candidate_0012,9.577191652480728e-12,6.422284192023447e-08,0.009867153018973519,1.996271636562268e-09,26.67042864326649,2.0890048335375065e-08,5.868542829881053e-08,1.026251779030593e-08,1.122673325908935e-10,1.1784223983443896e-08,
candidate_0012,9.287826272860736e-12,6.249197225955716e-08,0.00954904632762684,1.9384415361762443e-09,27.647444547158,2.0685618721777472e-08,5.6922120426656104e-08,1.031045177389752e-08,1.1286127839877382e-10,1.14414084652958e-08,
candidate_0012,9.00435041288983e-12,6.080194499451294e-08,0.009245829610977118,1.8820598109675244e-09,28.66025140473927,2.0489291753269602e-08,5.519508189263238e-08,1.0355549755528387e-08,1.1342242332903383e-10,1.1104868213780981e-08,
candidate_0012,8.726922881213414e-12,5.9153852440932656e-08,0.008951998571451894,1.8271422302910375e-09,29.71016034345552,2.0301068604441926e-08,5.3505285922473225e-08,1.039795084264376e-08,1.1395234720783338e-10,1.077491919284297e-08,
candidate_0012,8.45567096794014e-12,5.7548580418430504e-08,0.00867180241066327,1.773699655290105e-09,30.79853052118986,2.012090962161407e-08,5.1853513336545674e-08,1.0437791056742315e-08,1.1445261467431091e-10,1.0451826504820353e-08,
candidate_0012,8.1906927078829e-12,5.598682237033099e-08,0.008400649386560016,1.7217383936577554e-09,31.92677088575886,1.9948738460413985e-08,5.024036644216632e-08,1.0475202882738816e-08,1.149247688133604e-10,1.0135808284730761e-08,
candidate_0012,7.932059123543439e-12,5.4469093304714573e-08,0.008141997327330388,1.6712605521295292e-09,33.09634199886365,1.978444615631842e-08,4.8666282790776994e-08,1.0510314905414103e-08,1.1537032580262578e-10,9.827039499794247e-09,
candidate_0012,7.679816425738271e-12,5.2995743417312e-08,0.007892031442056333,1.6222643827176897e-09,34.3087579268576,1.962789508437659e-08,4.7131548666036634e-08,1.0543251524256811e-08,1.1579077050969605e-10,9.525655622843764e-09,
candidate_0012,7.433988153565554e-12,5.1566971282386804e-08,0.007653541365717442,1.574744619367583e-09,35.56558820077849,1.9478922771005788e-08,4.5636312192095346e-08,1.0574132738152308e-08,1.161875529703469e-10,9.231756155454775e-09,
candidate_0012,7.194577239569191e-12,5.018283652642268e-08,0.007423369983436852,1.528692802343308e-09,36.86845984818224,1.933734552999466e-08,4.418059597663353e-08,1.0603073993420927e-08,1.1656208568578527e-10,8.945407984600375e-09,
candidate_0012,6.961567988047888e-12,4.8843271911922004e-08,0.007203746021790063,1.4840975882241072e-09,38.21905949940884,1.9202961896272945e-08,4.2764309216024584e-08,1.0630186085820162e-08,1.1691574165951786e-10,8.666648558621759e-09,
candidate_0012,6.7349279585660105e-12,4.754809478855021e-08,0.006992066318937333,1.4409450439195615e-09,39.61913557100681,1.907555584303295e-08,4.138725921490946e-08,1.0655575111798504e-08,1.172498531135662e-10,8.395488877185434e-09,
candidate_0012,6.514609748068874e-12,4.6297017875764467e-08,0.00679009107872813,1.3992189235742838e-09,41.07050052914295,1.895489976710943e-08,4.0049162280687266e-08,1.0679342460481775e-08,1.1756571080665436e-10,8.131916289427683e-09,
candidate_0012,6.300552668397293e-12,4.5089659365950165e-08,0.006595681789768877,1.358900927649404e-09,42.57503323592749,1.88407572379172e-08,3.874965397399043e-08,1.0701584842027289e-08,1.1786456389847298e-10,7.875897101204687e-09,
candidate_0012,6.0926843169369426e-12,4.3925552342397665e-08,0.006410208894157822,1.3199709438239476e-09,44.13468138169183,1.8732885505495442e-08,3.7488298701900774e-08,1.0722394345762682e-08,1.181476202914556e-10,7.627378992390284e-09,
candidate_0012,5.8909220403509455e-12,4.280415352237324e-08,0.006231922320546849,1.2824072696701927e-09,45.75146400636795,1.8631037769522794e-08,3.626459865406129e-08,1.0741858523612167e-08,1.184160473950436e-10,7.386293248699816e-09,
candidate_0012,5.6951742927236055e-12,4.172485134501874e-08,0.006061869298563295,1.2461868173192583e-09,47.42747411323315,1.8534965214409035e-08,3.507800209018796e-08,1.0760060494683076e-08,1.1867097326310418e-10,7.1525568139088705e-09,
candidate_0012,5.5053418901165115e-12,4.068697342828402e-08,0.005898623674893887,1.2112853005516925e-09,49.16488137840399,1.8444418816816143e-08,3.392791099150252e-08,1.0777079066503065e-08,1.189134880514646e-10,6.926074168903462e-09,
candidate_0012,5.321319164735884e-12,3.9689793427466007e-08,0.005742965252445006,1.1776774049291732e-09,50.96593495958697,1.8359150935166746e-08,3.281368809585284e-08,1.0792988869361448e-08,1.1914464575275044e-10,6.706739045318805e-09,
candidate_0012,5.142995022670997e-12,3.873253733359465e-08,0.005593737568949521,1.1453369417324732e-09,52.8329664077219,1.827891669329346e-08,3.17346633408402e-08,1.0807860501280757e-08,1.1936546617245612e-10,6.494435982578836e-09,
candidate_0012,4.9702539094237775e-12,3.781438925066973e-08,0.00545149943173485,1.1142369865833126e-09,54.76839268528728,1.8203475169895903e-08,3.069013974082053e-08,1.082176068027095e-08,1.1957693710960673e-10,6.289041736553481e-09,
candidate_0012,4.802976687991921e-12,3.693449669465917e-08,0.005315318814201786,1.0843500037201601e-09,56.77471929517515,1.813259040761995e-08,2.9679398726879026e-08,1.0834752401783097e-08,1.197800167136001e-10,6.09042654892586e-09,
candidate_0012,4.641041434271402e-12,3.609197545655131e-08,0.0051855719259358175,1.0556479569614885e-09,58.8545435241857,1.806603225543033e-08,2.8701704978833646e-08,1.0846895099256458e-08,1.19975635987624e-10,5.898455286135936e-09,
candidate_0012,4.484324155036922e-12,3.528591407404835e-08,0.0050615136720772065,1.0281024084358598e-09,61.01055780534058,1.8003577058926336e-08,2.7756310781310056e-08,1.0858244806257284e-08,1.2016470142178882e-10,5.712988456812664e-09,
candidate_0012,4.332699433271811e-12,3.451537795173174e-08,0.004943369232987182,1.0016846061814804e-09,63.24555320336766,1.7945008211480035e-08,2.6842459932881484e-08,1.086885431806482e-08,1.203480977299699e-10,5.533883115906207e-09,
candidate_0012,4.1860410061600645e-12,3.3779413172737285e-08,0.004830549593758759,9.763655617313154e-10,65.56242302786926,1.789011658162705e-08,2.5959391240551845e-08,1.0878773352551156e-08,1.2052669068220101e-10,5.360993664509097e-09,
candidate_0012,4.044222280436065e-12,3.307705003744589e-08,0.0047231547160428,9.52116118787749e-10,67.96416657885128,1.7838700828358553e-08,2.5106341628059673e-08,1.0888048708226391e-08,1.2070133001435793e-10,5.194172552717063e-09,
candidate_0012,3.907116789951622e-12,3.240730636518671e-08,0.004620726491062778,9.28907014075786e-10,70.45389302946212,1.7790567617987368e-08,2.4282548887442545e-08,1.0896724419317107e-08,1.2087285240739988e-10,5.03327089364984e-09,
candidate_0012,3.7745985999401406e-12,3.1769190589259896e-08,0.004523260647611329,9.067089314273822e-10,73.03482545096765,1.7745531753987835e-08,2.3487254100965e-08,1.0904841906852867e-08,1.210420845252415e-10,4.87813899575968e-09,
candidate_0012,3.646542662543258e-12,3.1161704674244615e-08,0.0044304096335229,8.854925501081453e-10,75.71030498517271,1.770341623193184e-08,2.271970376103921e-08,1.0912440125775545e-08,1.2120984611120718e-10,4.728626820653288e-09,
candidate_0012,3.5228251274258173e-12,3.058384687563224e-08,0.004342081903954849,8.652285883341217e-10,78.48379516969084,1.7664052227815955e-08,2.1979151611229767e-08,1.0919555706327922e-08,1.2137695312887452e-10,4.5845843723653425e-09,
candidate_0012,3.403323611624041e-12,3.003461436395699e-08,0.0042580241960990094,8.458878428710748e-10,81.35888642166107,1.762727903178702e-08,2.1264860233361154e-08,1.0926223091150095e-08,1.2154422095135865e-10,4.445862025245503e-09,
candidate_0012,3.2879174323295894e-12,2.9513005727134152e-08,0.00417807129372793,8.274412255238034e-10,84.33930068571658,1.7592943934531658e-08,2.0576102403144125e-08,1.0932474666693803e-08,1.2171246759910753e-10,4.312310795725959e-09,
candidate_0012,3.1764878056954203e-12,2.9018023360071538e-08,0.004102051397380677,8.0985979724112e-10,87.42889625222193,1.7560902073868327e-08,1.991216223284988e-08,1.093834088890195e-08,1.2188251701332743e-10,4.183782563727921e-09,
candidate_0012,3.0689180152375525e-12,2.8548675751217826e-08,0.004029736417542603,7.931148004762193e-10,90.6316727520165,1.753101624979646e-08,1.9272336122736434e-08,1.0943850403614886e-08,1.2205520237813605e-10,4.060130249226531e-09,
candidate_0012,2.9650935524215832e-12,2.810397966662582e-08,0.0039610260810976575,7.771776903382982e-10,93.95177633412999,1.7503156712669072e-08,1.8655933536814605e-08,1.0949030160763568e-08,1.222313694782384e-10,3.941207948691162e-09,
candidate_0012,2.864902232441721e-12,2.7682962234854157e-08,0.0038956378692433353,7.620201649815381e-10,97.39350503317279,1.7477200931842064e-08,1.806227762126373e-08,1.0953905523459505e-08,1.22411880102567e-10,3.826871036696815e-09,
candidate_0012,2.7682342873980914e-12,2.7284662927790975e-08,0.003833535514522829,7.476141955671468e-10,100.9613143333496,1.7453033347781724e-08,1.7490705678915227e-08,1.0958500370824293e-08,1.2259761548164653e-10,3.7169762368456066e-09,
candidate_0012,2.6749824394895396e-12,2.690813543644591e-08,0.0037743885215638278,7.339320560447319e-10,104.6598229362991,1.7430545113750585e-08,1.6940569515897435e-08,1.0962837195748007e-08,1.2278947977078508e-10,3.611381666876236e-09,
candidate_0012,2.5850419558418572e-12,2.655244943234817e-08,0.0037182191219538143,7.209463528915467e-10,108.4938187402267,1.740963382840742e-08,1.641123567041948e-08,1.0966937196335333e-08,1.2298840355644998e-10,3.5099468617568993e-09,
candidate_0012,2.4983106873715193e-12,2.621669221233117e-08,0.0036646535973138034,7.086300548703957e-10,112.46826503807,1.739020326471128e-08,1.5902085538768332e-08,1.0970820362331174e-08,1.2319534740341085e-10,3.4125327792804906e-09,
candidate_0012,2.414689093066153e-12,2.5899970217728943e-08,0.0036137688461680703,6.969565227743444e-10,116.5883069427217,1.737216309656356e-08,1.541251540730984e-08,1.0974505556054692e-08,1.2341130542220298e-10,3.3190017919393846e-09,
candidate_0012,2.334080251306333e-12,2.560141042126695e-08,0.0035651512201914123,6.858995390542359e-10,120.8592780476268,1.73554286248137e-08,1.4941936401079787e-08,1.0978010587410272e-08,1.2363730885127144e-10,3.229217668694387e-09,
candidate_0012,2.2563898597491933e-12,2.532016157818268e-08,0.0035189298439477533,6.754333371719404e-10,125.2867073313774,1.7339920506354406e-08,1.4489774359030052e-08,1.0981352284412884e-08,1.2387442964914893e-10,3.143045550780767e-09,
candidate_0012,2.1815262248609417e-12,2.505539533347135e-08,0.003474653172023354,6.655326304575065e-10,129.8763263152426,1.7325564485084866e-08,1.405546964361557e-08,1.0984546557420416e-08,1.2412378407419985e-10,3.0603519244027312e-09,
candidate_0012,2.109400242349182e-12,2.480630718463529e-08,0.003432501271264191,6.561726402295865e-10,134.6340764829,1.7312291128384625e-08,1.3638476893535017e-08,1.0987608458960013e-08,1.243865362406e-10,2.981004594301627e-09,
candidate_0012,2.03992536949848e-12,2.4572117296090707e-08,0.0033919856486811606,6.473291229026706e-10,139.5661169719736,1.7300035568292732e-08,1.323826472732067e-08,1.0990552237884952e-08,1.2466390162929188e-10,2.9048726608883642e-09,
candidate_0012,1.973017590218817e-12,2.435207116545734e-08,0.0033533369944118785,6.389783958038349e-10,144.6788325473353,1.7288737249028255e-08,1.2854315404335212e-08,1.0993391388823364e-08,1.2495715052269499e-10,2.8318265042388836e-09,
candidate_0012,1.908595373674867e-12,2.414544014134947e-08,0.0033160299001399342,6.310973614166074e-10,149.9788418664915,1.7278339679671744e-08,1.2486124450569253e-08,1.0996138695627655e-08,1.2526761133556998e-10,2.761737777258805e-09,
candidate_0012,1.846579627226525e-12,2.395152179825693e-08,0.0032803461650696628,6.236635297995299e-10,155.4730060477555,1.726879019495464e-08,1.2133200255865859e-08,1.0998806270886205e-08,1.25596673806624e-10,2.6944794111506922e-09,
candidate_0012,1.7868936442424164e-12,2.3769640170011313e-08,0.003245722746915342,6.166550389328809e-10,161.1684375522968,1.7260039721877142e-08,1.1795063648503394e-08,1.1001405589800501e-08,1.2594579200332125e-10,2.6299256348755146e-09,
candidate_0012,1.7294630473303088e-12,2.3599145847773464e-08,0.0032124937074376335,6.100506727895249e-10,167.0725093915657,1.7252042552504743e-08,1.1471247453179837e-08,1.1003947518735537e-08,1.2631648708805077e-10,2.5679520106434932e-09,
candidate_0012,1.6742157275639799e-12,2.3439415951182483e-08,0.00318005707557877,6.038298769683513e-10,173.1928646720135,1.7244756124310037e-08,1.1161296038819803e-08,1.1006442339496347e-08,1.2671034979336512e-10,2.5084354873191643e-09,
candidate_0012,1.6210817800556544e-12,2.3289853978559126e-08,0.003148800870180214,5.979727717592738e-10,179.5374264894633,1.723814080629904e-08,1.0864764861437099e-08,1.1008899768242436e-08,1.2712904253384296e-10,2.451254472679637e-09,
candidate_0012,1.5699934363216455e-12,2.3149889546197572e-08,0.0031180825120157058,5.924601625631783e-10,186.1144081859403,1.7232159691817597e-08,1.0581220007894398e-08,1.1011328969923553e-08,1.2757430108331841e-10,2.39628892565259e-09,
candidate_0012,1.5208849937039912e-12,2.3018978024552546e-08,0.003088346083769165,5.872735476249057e-10,192.9323239822404,1.7226778396658926e-08,1.0310237745337155e-08,1.101373856754416e-08,1.2804793572592984e-10,2.343420468846742e-09,
candidate_0012,1.4736927423464495e-12,2.2896600083464732e-08,0.003058906546138455,5.823951230917694e-10,200.0000000000006,1.7221964864029754e-08,1.0051404082561238e-08,1.1016136647506647e-08,1.2855183180096988e-10,2.2925325217572474e-09,
candidate_0012,1.4283548898694892e-12,2.2782261154157087e-08,0.003030266420136051,5.778077854346372e-10,207.3265856875402,1.7217689174527432e-08,9.804314347024019e-09,1.101853076021556e-08,1.2908794952604405e-10,2.2435104541288646e-09,
candidate_0012,1.3848114841261616e-12,2.2675490819075695e-08,0.003001696418102191,5.734951313134217e-10,214.9215656642642,1.7213923361713313e-08,9.568572782616658e-09,1.1020927916590944e-08,1.296583229931006e-10,2.1962417588688874e-09,
candidate_0012,1.3430043344290493e-12,2.2575842140802226e-08,0.0029737599676381,5.694414549987134e-10,222.7947719989612,1.7210641234142127e-08,9.343792172898103e-09,1.102333458139881e-08,1.3026505822621152e-10,2.1506162435216317e-09,
candidate_0012,1.3028769314251834e-12,2.2482890937767873e-08,0.0029456820672228005,5.656317434752657e-10,230.9563969378924,1.7207818202314798e-08,9.129593492564924e-09,1.1025756662826878e-08,1.309103301625926e-10,2.1065262385619142e-09,
candidate_0012,1.2643743660831032e-12,2.239623501748164e-08,0.002918089398322679,5.620516693804194e-10,239.4170060991468,1.720543111150285e-08,8.925605591292645e-09,1.1028199499198558e-08,1.3159637843662796e-10,2.063866820641575e-09,
candidate_0012,1.22744324816396e-12,2.2315493376781954e-08,0.002890160379443756,5.586875819407482e-10,248.1875521503447,1.7203458081063282e-08,8.731464912486978e-09,1.1030667843714194e-08,1.3232550183337227e-10,2.0225360485095714e-09,
candidate_0012,1.1920316246189341e-12,2.224030537804355e-08,0.00286258690759212,5.555264960765101e-10,257.2793889873957,1.7201878350788506e-08,8.546815249218354e-09,1.103316584793904e-08,1.3310005128081688e-10,1.9824352088418437e-09,
candidate_0012,1.1580888983140718e-12,2.217032990782713e-08,0.002834500839136909,5.525560798373106e-10,266.7042864326657,1.7200672133407204e-08,8.371307538295969e-09,1.103569704388759e-08,1.3392242124363642e-10,1.943469068653044e-09,
candidate_0012,1.1255657477488455e-12,2.2105244527980832e-08,0.00280666054562238,5.49764640344513e-10,276.4744454715809,1.7199820475697145e-08,8.204599694079135e-09,1.1038264326673995e-08,1.3479503941130354e-10,1.9055461309972843e-09,
candidate_0012,1.0944140482129067e-12,2.204474462402754e-08,0.002778152497261989,5.471411083931188e-10,286.6025140473935,1.719930512718941e-08,8.046356480995756e-09,1.1040869937587581e-08,1.3572035455514005e-10,1.8685788899051038e-09,
candidate_0012,1.0645867952227034e-12,2.19885425607174e-08,0.0027498017334481725,5.446750218765042e-10,297.1016034345561,1.719910841987967e-08,7.896249425342122e-09,1.1043515450148482e-08,1.3670082248470065e-10,1.8324840806819379e-09,
candidate_0012,1.0360380307458114e-12,2.1936366846720805e-08,0.002720651914324221,5.423565081615875e-10,307.9853052118995,1.719921315670358e-08,7.753956763458883e-09,1.104620175816168e-08,1.3773889001157683e-10,1.7971829207848047e-09,
candidate_0012,1.0087227731081973e-12,2.1887961316431218e-08,0.002691593484067273,5.401762655532267e-10,319.2677088575896,1.719960251175085e-08,7.619163425076145e-09,1.1048929068029728e-08,1.388369768970073e-10,1.7626013368992672e-09,
candidate_0012,9.825969513286012e-13,2.1843084333166364e-08,0.002661631449391488,5.381255439651835e-10,330.9634199886376,1.720025994279554e-08,7.491561048485565e-09,1.1051696896248284e-08,1.39997455772423e-10,1.7286701734941273e-09,
candidate_0012,9.576173447114284e-13,2.1801508017368173e-08,0.0026317185541238,5.361961249041929e-10,343.0875792685771,1.7201169116545252e-08,7.370848024313331e-09,1.1054504072517173e-08,1.4122263007020771e-10,1.695325378006295e-09,
candidate_0012,9.337415285029274e-13,2.1763017503616544e-08,0.0026008269792077683,5.343803008678379e-10,355.655882007786,1.7202313847629475e-08,7.256729563636736e-09,1.1057348749690713e-08,1.4251471004374234e-10,1.662508158100395e-09,
candidate_0012,9.10927826474553e-13,2.1727410230136524e-08,0.002569966487321449,5.326708542524611e-10,368.6845984818236,1.720367805254413e-08,7.1489177866684925e-09,1.1060228421496898e-08,1.438757870181064e-10,1.6301651065857304e-09,
candidate_0012,8.891352710317573e-13,2.1694495259393508e-08,0.002538083904970246,5.310610358471656e-10,382.1905949940897,1.720524571604091e-08,7.047131826211966e-09,1.1063139946720163e-08,1.4530780603379353e-10,1.598248289623334e-09,
candidate_0012,8.683235718198022e-13,2.1664092638564137e-08,0.0025062383336609114,5.295445430259345e-10,396.1913557100694,1.7207000875873357e-08,6.951097942913525e-09,1.1066079584049883e-08,1.4681253717130256e-10,1.5667152952625146e-09,
candidate_0012,8.484530930584898e-13,2.1636032791636042e-08,0.002473360197185607,5.281154976941478e-10,410.705005291431,1.720892761833277e-08,6.860549645443196e-09,1.1069043032574141e-08,1.4839154580390333e-10,1.53552923850339e-09,
candidate_0012,8.294848403395185e-13,2.1610155951127214e-08,0.002440547805095512,5.267684241059795e-10,425.7503323592763,1.721101009028002e-08,6.775227812453867e-09,1.1072025482043518e-08,1.5004616218194203e-10,1.5046587213927506e-09,
candidate_0012,8.113804570471083e-13,2.1586311625570187e-08,0.002406725305038078,5.254982266351839e-10,441.3468138169198,1.7213232523978794e-08,6.694880811067312e-09,1.1075021670409386e-08,1.5177745074274047e-10,1.4740777464830475e-09,
candidate_0012,7.941022304704119e-13,2.1564358101017525e-08,0.0023730178058066773,5.243001675958918e-10,457.5146400636811,1.7215579272837778e-08,6.619264607426451e-09,1.1078025947455661e-08,1.5358617960231633e-10,1.4437655832455197e-09,
candidate_0012,7.776131076506562e-13,2.154416197916878e-08,0.002338354043573062,5.231698452324753e-10,474.2747411323331,1.7218034859823595e-08,6.54814286631887e-09,1.1081032345679847e-08,1.5547279076285672e-10,1.4137065884290796e-09,
candidate_0012,7.618767204588782e-13,2.1525597744939266e-08,0.002303871667272377,5.221031719696566e-10,491.6488137840416,1.722058403243686e-08,6.481287035268206e-09,1.108403465430351e-08,1.5743737154503586e-10,1.3838899816890238e-09,
candidate_0012,7.468574195482025e-13,2.1508547366610076e-08,0.002268515062929742,5.210963530548504e-10,509.6593495958716,1.7223211826594068e-08,6.418476411297555e-09,1.1087026497948645e-08,1.5947962784999495e-10,1.354309579705394e-09,
candidate_0012,7.325203162918032e-13,2.1492899922274292e-08,0.0022334189894489234,5.201458656947468e-10,528.3296640772209,1.7225903634190886e-08,6.359498187280079e-09,1.1090001416280588e-08,1.6159885981235452e-10,1.324963492270929e-09,
candidate_0012,7.188313317664977e-13,2.147855125087495e-08,0.0021975541346239006,5.192484388028318e-10,547.6839268528747,1.7228645272885012e-08,6.3041474761174995e-09,1.1092952943626315e-08,1.6379394043845816e-10,1.295853785150164e-09,
candidate_0012,7.05757251692841e-13,2.146540362721282e-08,0.002162036652541517,5.184010334754091e-10,567.7471929517535,1.7231423057584638e-08,6.252227312104931e-09,1.1095874688018516e-08,1.6606329782671473e-10,1.2669861153050466e-09,
candidate_0012,6.932657858904049e-13,2.1453365455108262e-08,0.002125873153611553,5.176008242876852e-10,588.5454352418591,1.723422386899916e-08,6.203548627897296e-09,1.1098760406508118e-08,1.6840490150406687e-10,1.2383693443568367e-09,
candidate_0012,6.813256308079117e-13,2.1442350977123033e-08,0.002090146199482053,5.168451815068033e-10,610.105578053408,1.7237035218077823e-08,6.157930207411739e-09,1.1101604075707203e-08,1.7081625340457405e-10,1.2100151368202278e-09,
candidate_0012,6.699065336014976e-13,2.1432279999702244e-08,0.0020539063268654235,5.16131654304495e-10,632.4555320336789,1.723984530563129e-08,6.115198614841211e-09,1.1104399957185558e-08,1.7329438397182015e-10,1.181937549925941e-09,
candidate_0012,6.589793560271038e-13,2.142307762930392e-08,0.0020181892726539395,5.154579550268956e-10,655.6242302786949,1.7242643073816324e-08,6.0751881004177066e-09,1.1107142655221035e-08,1.7583585376786446e-10,1.1541526215359285e-09,
candidate_0012,6.485161365333016e-13,2.141467401934363e-08,0.0019820953866821526,5.148219445736475e-10,679.6416657885152,1.724541824974098e-08,6.037740484119655e-09,1.110982716711764e-08,1.7843676092785493e-10,1.1266779627731988e-09,
candidate_0012,6.384901488197581e-13,2.1407004124379197e-08,0.0019466030316404497,5.142216189081021e-10,704.5389302946238,1.7248161378687538e-08,6.002705018448929e-09,1.1112448924427077e-08,1.810927546736654e-10,1.0995323613390437e-09,
candidate_0012,6.288759553092415e-13,2.1400007462360937e-08,0.0019108657697668946,5.136550967156859e-10,730.3482545096791,1.72508638481985e-08,5.969938232350377e-09,1.11150038258374e-08,1.8379905502917327e-10,1.0727354011746332e-09,
candidate_0012,6.196494539436236e-13,2.139362788217898e-08,0.001875797444297136,5.131206081957294e-10,757.1030498517299,1.72535179013499e-08,5.93930375774147e-09,1.1117488260702986e-08,1.8655047873038285e-10,1.0463071032154835e-09,
candidate_0012,6.107879169009207e-13,2.1387813336278e-08,0.0018406055350798662,5.126164849628338e-10,784.8379516969113,1.7256116639668075e-08,5.9106721408539794e-09,1.1119899123568674e-08,1.8934147121347447e-10,1.020267591325712e-09,
candidate_0012,6.022700200014596e-13,2.138251565838105e-08,0.0018061360619606548,5.12141151017836e-10,813.5888642166138,1.7258654016459066e-08,5.883920640382608e-09,1.1122233820339503e-08,1.9216614443605208e-10,9.946367866615559e-10,
candidate_0012,5.940758617419404e-13,2.137769034638507e-08,0.0017716484139161093,5.116931147347214e-10,843.3930068571691,1.7261124821330012e-08,5.858933014710997e-09,1.1124490266725318e-08,1.95018320146238e-10,9.69434132811917e-10,
candidate_0012,5.861869710228214e-13,2.1373296348208565e-08,0.001737921437010321,5.112709617915096e-10,874.2889625222227,1.7263524654882748e-08,5.835599299935555e-09,1.1126666878349317e-08,1.9789157804813774e-10,9.446783530782606e-10,
candidate_0012,5.785863031241647e-13,2.1369295855016017e-08,0.0017042618828113183,5.108733489841221e-10,906.3167275201686,1.7265849897959703e-08,5.813815581264323e-09,1.1128762555815711e-08,2.0077930826061108e-10,9.203872407994119e-10,
candidate_0012,5.712582234128164e-13,2.1365654098130127e-08,0.001671385813046082,5.104989988334857e-10,939.5177633413036,1.7268097673251413e-08,5.793483759428523e-09,1.1130776663131363e-08,2.0367476723778023e-10,8.965774823810092e-10,
candidate_0012,5.641884788069169e-13,2.1362339151925314e-08,0.0016386406205836195,5.101466949082775e-10,973.9350503317318,1.727026580189316e-08,5.774511313800036e-09,1.113270900175018e-08,2.0657113629756277e-10,8.732645124104864e-10,
candidate_0012,5.573641572071492e-13,2.1359321744163098e-08,0.0016066872064877857,5.098152777862103e-10,1009.6131433335,1.7272352757036355e-08,5.756811064594574e-09,1.1134559781441753e-08,2.0946158178654246e-10,8.504623995180202e-10,
candidate_0012,5.507736353218862e-13,2.1356575071616243e-08,0.001574905233133287,5.095036415639468e-10,1046.598229362995,1.7274357613350028e-08,5.74030093491677e-09,1.1136329587664986e-08,2.1233931582019464e-10,8.281837610846726e-10,
candidate_0012,5.444065157248727e-13,2.135407462400533e-08,0.0015439105639130284,5.092107308475689e-10,1084.938187402272,1.7276279995652675e-08,5.72490371473267e-09,1.113801934760842e-08,2.1519765654994918e-10,8.064397047240989e-10,
candidate_0012,5.382535541326062e-13,2.1351798015145098e-08,0.0015131057501418437,5.089355381460174e-10,1124.682650380705,1.7278120026411125e-08,5.710546827672852e-09,1.1139630294965106e-08,2.1803008686378817e-10,7.852397940491002e-10,
candidate_0012,5.323065781643316e-13,2.1349724821819252e-08,0.0014830733547825594,5.086771016018034e-10,1165.883069427222,1.7279878273184835e-08,5.697162101767578e-09,1.1141163934246653e-08,2.2083031046817542e-10,7.645920361362972e-10,
candidate_0012,5.265583990948954e-13,2.1347836432298082e-08,0.001453229130469817,5.084345030043265e-10,1208.592780476273,1.728155569812513e-08,5.6846855455662184e-09,1.1142622006145917e-08,2.23592304378471e-10,7.445028880790992e-10,
candidate_0012,5.210027181083461e-13,2.134611590062699e-08,0.0014241347443708981,5.082068660192958e-10,1252.867073313779,1.7283153606911447e-08,5.673057129346964e-09,1.1144006452422953e-08,2.2631036686887983e-10,7.249772798323489e-10,
candidate_0012,5.156340289401762e-13,2.134454781234854e-08,0.0013952098519060434,5.07993354606039e-10,1298.76326315243,1.7284673602248926e-08,5.662220573474877e-09,1.1145319383642612e-08,2.2897916016153082e-10,7.060186509447705e-10,
candidate_0012,5.104475185591401e-13,2.134311815657546e-08,0.0013670073732384715,5.07793171566609e-10,1346.340764829005,1.728611753817542e-08,5.652123143219329e-09,1.1146563047524913e-08,2.3159374715340876e-10,6.876289985458834e-10,
candidate_0012,5.054389677633757e-13,2.134181420728737e-08,0.001338942582530833,5.076055572030021e-10,1395.661169719741,1.7287487477963352e-08,5.642715451098342e-09,1.1147739799691832e-08,2.3414962172958273e-10,6.698089343834711e-10,
candidate_0012,5.006046534161995e-13,2.1340624412667403e-08,0.0013115707233907956,5.074297880516456e-10,1446.788325473359,1.7288785654963205e-08,5.633951266760005e-09,1.1148852076549657e-08,2.366427323404236e-10,6.525577487798486e-10,
candidate_0012,4.959412539329729e-13,2.1339538291856375e-08,0.0012842959176058968,5.072651756729232e-10,1499.788418664921,1.7290014436233375e-08,5.625787334645717e-09,1.114990237008959e-08,2.390694986874244e-10,6.358734795961042e-10,
candidate_0012,4.91445759582851e-13,2.133854634075577e-08,0.0012576850618884327,5.071110654836519e-10,1554.730060477562,1.7291176290533617e-08,5.6181831998084844e-09,1.1150893205817706e-08,2.4142682158111124e-10,6.197529846068375e-10,
candidate_0012,4.871153888023223e-13,2.1337639943194443e-08,0.0012311261996745624,5.069668356097759e-10,1611.684375522974,1.7292273757946877e-08,5.611101041180288e-09,1.1151827121977836e-08,2.437120861127033e-10,6.041920157502071e-10,
candidate_0012,4.82947511707228e-13,2.1336811291066064e-08,0.0012052050064821425,5.068318957625906e-10,1670.725093915663,1.7293309424274943e-08,5.604505513259445e-09,1.1152706652106987e-08,2.4592315852706035e-10,5.891852941485252e-10,
candidate_0012,4.789395815270448e-13,2.133605330901437e-08,0.0011792905150323242,5.067056861195373e-10,1731.928646720142,1.729428589681004e-08,5.598363595119098e-09,1.1153534308710097e-08,2.480583772041683e-10,5.747265847960062e-10,
candidate_0012,4.750890746896645e-13,2.133535958781009e-08,0.0011539918531144355,5.065876762193916e-10,1795.37426489464,1.729520578500814e-08,5.592644447487176e-09,1.1154312570473377e-08,2.5011653838696493e-10,5.608087702387481e-10,
candidate_0012,4.713934397025059e-13,2.1334724320742565e-08,0.0011286580743324868,5.064773638551095e-10,1861.14408185941,1.72960716816072e-08,5.587319276894454e-09,1.1155043869856563e-08,2.5209687720503896e-10,5.474239224882351e-10,
candidate_0012,4.678500550885127e-13,2.1334142247592065e-08,0.0011039239411132994,5.063742739782849e-10,1929.323239822411,1.729688614803596e-08,5.582361207430105e-09,1.1155730583776579e-08,2.539990447768037e-10,5.345633728550124e-10,
candidate_0012,4.644561961457997e-13,2.1333608603025253e-08,0.0010791193417107523,5.062779576079573e-10,2000.000000000013,1.7297651701659824e-08,5.577745159405669e-09,1.1156375025675006e-08,2.558230820655924e-10,5.222177793240553e-10,
candidate_0012,4.612090101793803e-13,2.1333119068944364e-08,0.001054904510701081,5.061879907459553e-10,2073.26585687541,1.72983708045814e-08,5.573447734778111e-09,1.1156979438718305e-08,2.5756939120729367e-10,5.103771912912744e-10,
candidate_0012,4.581054997615344e-13,2.133266973198457e-08,0.0010305924735610132,5.061039733045566e-10,2149.21565664265,1.7299045855070763e-08,5.569447109119579e-09,1.1157545990953464e-08,2.5923870505358145e-10,4.990311116249417e-10,
candidate_0012,4.551425133005326e-13,2.1332257044558825e-08,0.0010068667234279466,5.06025528046962e-10,2227.94771998962,1.729967918041679e-08,5.565722929965652e-09,1.1158076771394939e-08,2.608320555634858e-10,4.881685560185123e-10,
candidate_0012,4.5231674222827633e-13,2.1331877789840905e-08,0.0009830268572578404,5.059522995436623e-10,2309.563969378932,1.7300273031562265e-08,5.562256221045352e-09,1.1158573787529512e-08,2.62350741699482e-10,4.777781097311753e-10,
candidate_0012,4.49624723935111e-13,2.133152905008328e-08,0.000959775758045702,5.058839531483331e-10,2394.170060991476,1.7300829579154323e-08,5.559029292392605e-09,1.1159038963698578e-08,2.6379629736039844e-10,4.67847981808871e-10,
candidate_0012,4.47062849581576e-13,2.133120817639367e-08,0.0009364037852304959,5.058201739899342e-10,2481.875521503457,1.730135090950528e-08,5.556025655506206e-09,1.1159474139549073e-08,2.651704598349483e-10,4.5836605691108577e-10,
candidate_0012,4.446273760572765e-13,2.1330912764923525e-08,0.0009136281389055559,5.057606659994623e-10,2572.793889873967,1.730183902459192e-08,5.553229944454206e-09,1.115988107118957e-08,2.6647513927530237e-10,4.493199449784628e-10,
candidate_0012,4.423144410183581e-13,2.1330640631261103e-08,0.0008907345355061724,5.057051509497985e-10,2667.042864326667,1.730229583944351e-08,5.550627841058294e-09,1.1160261430622904e-08,2.677123894071091e-10,4.4069702876261503e-10,
candidate_0012,4.4012008039928e-13,2.1330389789741615e-08,0.0008684486768293308,5.05653367531266e-10,2764.744454715819,1.730272318247267e-08,5.548206005229019e-09,1.1160616807143848e-08,2.6888437986875996e-10,4.3248450947720704e-10,
candidate_0012,4.380402475867235e-13,2.133015843506489e-08,0.0008460563294886463,5.056050704570055e-10,2866.025140473946,1.7303122796646344e-08,5.545952009781876e-09,1.116094870931658e-08,2.6999337035066046e-10,4.2466945064968236e-10,
candidate_0012,4.36070833507679e-13,2.1329944923700187e-08,0.0008242855732671536,5.055600295929693e-10,2971.016034345572,1.730349633952132e-08,5.5438542790081626e-09,1.1161258566146076e-08,2.710416866355137e-10,4.172388202397491e-10,
candidate_0012,4.3420768715890306e-13,2.1329747759006287e-08,0.0008024267755060597,5.055180291253593e-10,3079.853052119006,1.7303845385378922e-08,5.541902031560419e-09,1.116154772965845e-08,2.720316987044373e-10,4.101795311532325e-10,
candidate_0012,4.324466359712637e-13,2.132956557697287e-08,0.0007812043398521004,5.054788667575937e-10,3192.677088575908,1.7304171426991898e-08,5.540085226906805e-09,1.1161817477179747e-08,2.729658008925692e-10,4.034784801447232e-10,
candidate_0012,4.307835056108672e-13,2.132939713323881e-08,0.0007599174676741705,5.054423529394686e-10,3309.634199886387,1.730447587760587e-08,5.538394515166616e-09,1.116206901376069e-08,2.73846394110899e-10,3.971225851305516e-10,
candidate_0012,4.2921413887432955e-13,2.1329241292071005e-08,0.0007392812054890429,5.054083101313095e-10,3430.875792685783,1.730476007373581e-08,5.536821190460684e-09,1.1162303475061469e-08,2.7467587010015677e-10,3.9109882089659936e-10,
candidate_0012,4.277344133748225e-13,2.1329097015694925e-08,0.0007186073913322525,5.053765720984585e-10,3556.558820077872,1.7305025277502975e-08,5.535357147155132e-09,1.1162521929914289e-08,2.7545659762954697e-10,3.8539425313916605e-10,
candidate_0012,4.263402578452876e-13,2.132896335506209e-08,0.0006985966277005968,5.053469832392954e-10,3686.845984818249,1.730527267945143e-08,5.533994839060743e-09,1.1162725383156658e-08,2.7619091056751365e-10,3.799960707854916e-10,
candidate_0012,4.250276669039206e-13,2.132883944135671e-08,0.0006785766990445902,5.053193979446361e-10,3821.90594994091,1.73055034012978e-08,5.532727241329293e-09,1.116291477838576e-08,2.7688109770622963e-10,3.748916165059723e-10,
candidate_0012,4.2379271419883057e-13,2.132872447844618e-08,0.0006592294104797207,5.052936799890954e-10,3961.913557100708,1.7305718498841498e-08,5.531547814977789e-09,1.116309100071561e-08,2.7752939421935953e-10,3.7006841533055256e-10,
candidate_0012,4.22631563933954e-13,2.1328617736586232e-08,0.0006399012868157077,5.052697019538828e-10,4107.050052914324,1.7305918965292478e-08,5.5304504737549e-09,1.1163254879882167e-08,2.7813797464952694e-10,3.655142012835759e-10,
candidate_0012,4.215404806682475e-13,2.1328518544712377e-08,0.0006212517819152745,5.052473446742186e-10,4257.503323592779,1.730610573292479e-08,5.5294295530406215e-09,1.1163407192006253e-08,2.787089472197265e-10,3.6121694192154923e-10,
candidate_0012,4.2051583764357246e-13,2.1328426287162222e-08,0.0006026484439880672,5.052264967256217e-10,4413.468138169214,1.7306279677792154e-08,5.52847978138591e-09,1.1163548663542696e-08,2.792443494791312e-10,3.571648607519602e-10,
candidate_0012,4.1955412342013524e-13,2.132834039605904e-08,0.0005847256265989289,5.052070539246973e-10,4575.146400636828,1.7306441620447188e-08,5.527596253191558e-09,1.1163679972363375e-08,2.797461449659055e-10,3.5334645738908626e-10,
candidate_0012,4.1865194719541945e-13,2.132826034857504e-08,0.0005668736969357881,5.051889188688453e-10,4742.747411323348,1.7306592330160912e-08,5.526774403992123e-09,1.1163801751241908e-08,2.802162209537931e-10,3.497505254803049e-10,
candidate_0012,4.1780604269256707e-13,2.1328185662338568e-08,0.0005496999234430633,5.051720004955721e-10,4916.488137840434,1.7306732527228334e-08,5.526009987094273e-09,1.1163914589899178e-08,2.806563870226655e-10,3.4636616831810277e-10,
candidate_0012,4.17013270813953e-13,2.1328115890894918e-08,0.0005326188352119492,5.051562136648042e-10,5096.593495958734,1.7306862884884106e-08,5.525299051653497e-09,1.116401903686201e-08,2.8106837439817274e-10,3.4318281215422844e-10,
candidate_0012,4.162706212129529e-13,2.13280506215856e-08,0.0005162093234410608,5.051414787710224e-10,5283.296640772228,1.7306984032843804e-08,5.52463792269151e-09,1.1164115602288692e-08,2.814538359826887e-10,3.401902172478882e-10,
candidate_0012,4.1557521279061423e-13,2.132798947128065e-08,0.0004999110104721894,5.051277213704952e-10,5476.839268528767,1.730709655872451e-08,5.5240231820364085e-09,1.1164204759363042e-08,2.818143469079917e-10,3.3737848666040047e-10,
candidate_0012,4.149242933458118e-13,2.1327932084347596e-08,0.000484273721701854,5.051148718355529e-10,5677.471929517556,1.7307201010978108e-08,5.523451650948115e-09,1.1164286946628418e-08,2.821514055981548e-10,3.347380728893979e-10,
candidate_0012,4.143152384120819e-13,2.1327878129463376e-08,0.0004687627365322335,5.051028650244294e-10,5885.454352418613,1.7307297900554828e-08,5.522920373629459e-09,1.1164362569498393e-08,2.824664352101376e-10,3.322597824056884e-10,
candidate_0012,4.1374554942783137e-13,2.1327827297587694e-08,0.0004538986335392759,5.050916399736367e-10,6101.055780534102,1.7307387703246254e-08,5.52242660217989e-09,1.1164432002083549e-08,2.8276078540731417e-10,3.2993477820852714e-10,
candidate_0012,4.1321285134525073e-13,2.1327779299926267e-08,0.00043917259031908354,5.050811396066782e-10,6324.555320336812,1.7307470861734198e-08,5.521967782378226e-09,1.1164495588917825e-08,2.8303573440530994e-10,3.277545805111957e-10,
candidate_0012,4.127148897059419e-13,2.132773386511689e-08,0.0004250761703854394,5.050713104580316e-10,6556.242302786973,1.7307547786781733e-08,5.521541540482281e-09,1.11645536459089e-08,2.8329249118854676e-10,3.2571106568177477e-10,
candidate_0012,4.1224952740342766e-13,2.13276907387208e-08,0.0004111264121172343,5.050621024182437e-10,6796.416657885176,1.7307618860038012e-08,5.521145671186749e-09,1.1164606462504793e-08,2.8353219793924906e-10,3.2379646359613846e-10,
candidate_0012,4.118147410454382e-13,2.132764968050721e-08,0.0003977864203600696,5.050534684879133e-10,7045.389302946263,1.7307684434859592e-08,5.520778126101911e-09,1.1164654302359326e-08,2.837559325220662e-10,3.220033535243511e-10,
candidate_0012,4.1140861711035755e-13,2.132761046309533e-08,0.00038459882074336687,5.050453645490346e-10,7303.482545096817,1.730774483801593e-08,5.5204370032578545e-09,1.1164697404614717e-08,2.8396471107111174e-10,3.2032465871913674e-10,
candidate_0012,4.1102934792663584e-13,2.1327572870668545e-08,0.0003719990620394598,5.050377491488738e-10,7571.030498517326,1.7307800371268845e-08,5.5201205372567395e-09,1.1164735985105542e-08,2.841594906235569e-10,3.187536398492766e-10,
candidate_0012,4.10675227498878e-13,2.132753669745925e-08,0.0003595548874781963,5.050305832959351e-10,7848.379516969141,1.730785131260106e-08,5.5198270902306994e-09,1.116477023718574e-08,2.843411717498463e-10,3.1728388742486544e-10,
candidate_0012,4.103446472800869e-13,2.132750174646919e-08,0.0003476750712862209,5.050238302668375e-10,8135.888642166167,1.7307897917455308e-08,5.519555143301164e-09,1.1164800332661162e-08,2.84510601191947e-10,3.1590931336191314e-10,
candidate_0012,4.100360918997157e-13,2.1327467828611972e-08,0.00033595184549296917,5.050174554254542e-10,8433.93006857172,1.730794042018543e-08,5.519303288876269e-09,1.1164826422711688e-08,2.8466857446744377e-10,3.1462414182522177e-10,
candidate_0012,4.097481348709208e-13,2.1327434760692423e-08,0.0003247684141429709,5.050114260478603e-10,8742.889625222258,1.7307979034404495e-08,5.51907022318587e-09,1.1164848638115137e-08,2.8481583841412424e-10,3.1342289947624426e-10,
candidate_0012,4.094794343763522e-13,2.132740236531829e-08,0.00031374074373416845,5.050057111618288e-10,9063.167275201718,1.7308013954785576e-08,5.518854739752687e-09,1.1164867090382229e-08,2.849530937093201e-10,3.1230040526154235e-10,
candidate_0012,4.092287290732941e-13,2.1327370469234936e-08,0.00030322764984071015,5.050002813897212e-10,9395.17763341307,1.73080453574518e-08,5.518655722997088e-09,1.1164881871940829e-08,2.850809972943659e-10,3.1125175984369835e-10,
candidate_0012,4.089948339921599e-13,2.1327338902524234e-08,0.0002928679836836005,5.049951088018048e-10,9739.350503317351,1.7308073400956845e-08,5.518472142588106e-09,1.1164893056630394e-08,2.852001647323252e-10,3.1027233478975903e-10,
candidate_0012,4.087766365381328e-13,2.1327307497688394e-08,0.0002829973951879104,5.049901667755327e-10,10096.13143333503,1.7308098227077787e-08,5.518303048059183e-09,1.1164900700084568e-08,2.853111724874184e-10,3.093577616095216e-10,
candidate_0012,4.0857309259845383e-13,2.1327276088819843e-08,0.0002732767015479014,5.04985429861646e-10,10465.98229362999,1.7308119961567968e-08,5.518147563986175e-09,1.1164904840013701e-08,2.8541456011365203e-10,3.0850392073078285e-10,
candidate_0012,4.083832227505157e-13,2.1327244509647106e-08,0.0002640196229946524,5.049808736522595e-10,10849.38187402275,1.730813871391637e-08,5.5180048851787615e-09,1.1164905495829086e-08,2.855108323386224e-10,3.077069304845799e-10,
candidate_0012,4.082061086649661e-13,2.132721259425765e-08,0.00025490797780224555,5.049764746619429e-10,11246.82650380709,1.7308154579193792e-08,5.517874272899297e-09,1.1164902669594427e-08,2.85600461100861e-10,3.0696313617976655e-10,
candidate_0012,4.080408895735573e-13,2.1327180175222613e-08,0.0002462347842838055,5.049722102057989e-10,11658.83069427226,1.7308167637724676e-08,5.517755050863897e-09,1.116489634545514e-08,2.8568388744502246e-10,3.0626909930872763e-10,
candidate_0012,4.0788675890737364e-13,2.132714708244209e-08,0.00023770187017691313,5.049680582830784e-10,12085.92780476277,1.730817795525947e-08,5.51764660163401e-09,1.1164886489437899e-08,2.8576152334623266e-10,3.056215869450405e-10,
candidate_0012,4.0774296109122234e-13,2.1327113142878407e-08,0.00022958275567392565,5.049639974670123e-10,12528.67073313783,1.7308185583809648e-08,5.517548363600408e-09,1.1164873049592218e-08,2.858337534532672e-10,3.0501756137540375e-10,
candidate_0012,4.076087884643175e-13,2.1327078179718032e-08,0.00022159827588756373,5.049600067959824e-10,12987.63263152435,1.730819056197369e-08,5.517459828108723e-09,1.1164855955728427e-08,2.8590093673082083e-10,3.044541699965345e-10,
candidate_0012,4.0748357831743964e-13,2.1327042010090233e-08,0.00021400362139712594,5.04956065662104e-10,13463.40764829009,1.730819291400858e-08,5.517380536492506e-09,1.1164835118360375e-08,2.859634079964388e-10,3.0392873550287665e-10,
candidate_0012,4.073667101407936e-13,2.1327004446098717e-08,0.00020653763540174534,5.049521537120402e-10,13956.61169719746,1.7308192651578414e-08,5.517310078172272e-09,1.116481042927072e-08,2.860214794218332e-10,3.0343874640087295e-10,
candidate_0012,4.072576029197724e-13,2.1326965291941822e-08,0.00019943830423874774,5.049482507370736e-10,14467.88325473364,1.7308189772250095e-08,5.517248088108989e-09,1.1164781759942728e-08,2.860754418889223e-10,3.029818478462633e-10,
candidate_0012,4.071557126516199e-13,2.1326924344621272e-08,0.00019246149342872068,5.049443365747599e-10,14997.88418664926,1.7308184260887856e-08,5.5171942452889464e-09,1.1164748961817908e-08,2.8612556632716416e-10,3.0255583283713016e-10,
candidate_0012,4.0706052990530653e-13,2.1326881391220373e-08,0.00018582906215992907,5.049403910007898e-10,15547.30060477567,1.7308176088212878e-08,5.517148270708797e-09,1.1164711864622018e-08,2.861721049132143e-10,3.0215863375150077e-10,
candidate_0012,4.0697157757729237e-13,2.1326836208763602e-08,0.00017931293444386847,5.049363936279154e-10,16116.8437552298,1.7308165211427148e-08,5.517109926121583e-09,1.1164670276023872e-08,2.8621529224626094e-10,3.0178831424923815e-10,
candidate_0012,4.068884087365903e-13,2.1326788563156706e-08,0.00017311986808892933,5.049323238019908e-10,16707.25093915669,1.7308151574082526e-08,5.517079012835838e-09,1.1164623980663112e-08,2.8625534643061404e-10,3.0144306153005167e-10,
candidate_0012,4.068106045778888e-13,2.1326738207438057e-08,0.00016703691015719575,5.049281604942415e-10,17319.28646720148,1.7308135105332284e-08,5.517055370572817e-09,1.1164572738773248e-08,2.8629247008530744e-10,3.0112117894592367e-10,
candidate_0012,4.0673777249259137e-13,2.1326684880637783e-08,0.00016125669004378202,5.049238821940583e-10,17953.74264894646,1.730811571968881e-08,5.517038876675754e-09,1.1164516284990167e-08,2.86326851294343e-10,3.0082107896726325e-10,
candidate_0012,4.066695442492073e-13,2.132662830645209e-08,0.00015558047556064124,5.049194667986414e-10,18611.44081859417,1.7308093316597932e-08,5.517029445440663e-09,1.1164454327016267e-08,2.863586644982874e-10,3.005412764940383e-10,
candidate_0012,4.0660557428288206e-13,2.13265681923954e-08,0.00015018768757711813,5.049148915014173e-10,19293.23239822418,1.7308067780384666e-08,5.517027027818875e-09,1.1164386544423178e-08,2.8638807133377095e-10,3.00280382505725e-10,
candidate_0012,4.0654553803459457e-13,2.132650422720133e-08,0.00014489294886054827,5.049101326721016e-10,20000.0000000002,1.7308038978776317e-08,5.517031610919863e-09,1.1164312586400822e-08,2.8641522138559917e-10,3.0003709803555093e-10,
